match_type,phash_hamming_distance,cross_split,left_record_id,left_split,left_member,right_record_id,right_split,right_member
exact_bytes,0,True,cubit_train_sp0_1031,train,images/SP0_1031.JPG,cubit_test_sp1_1015,test,images/SP1_1015.JPG
exact_bytes,0,True,cubit_train_sp0_1068,train,images/SP0_1068.JPG,cubit_val_sp1_1057,val,images/SP1_1057.JPG
exact_bytes,0,True,cubit_train_sp0_1100,train,images/SP0_1100.JPG,cubit_val_sp1_1089,val,images/SP1_1089.JPG
exact_bytes,0,True,cubit_train_sp0_1103,train,images/SP0_1103.JPG,cubit_test_sp1_1092,test,images/SP1_1092.JPG
exact_bytes,0,True,cubit_train_sp0_1105,train,images/SP0_1105.JPG,cubit_val_sp1_1094,val,images/SP1_1094.JPG
exact_bytes,0,True,cubit_train_sp0_1130,train,images/SP0_1130.JPG,cubit_val_sp1_1119,val,images/SP1_1119.JPG
exact_bytes,0,True,cubit_train_sp0_1132,train,images/SP0_1132.JPG,cubit_val_sp1_1121,val,images/SP1_1121.JPG
exact_bytes,0,True,cubit_train_sp0_1137,train,images/SP0_1137.JPG,cubit_test_sp1_1126,test,images/SP1_1126.JPG
exact_bytes,0,True,cubit_train_sp0_1139,train,images/SP0_1139.JPG,cubit_val_sp1_1128,val,images/SP1_1128.JPG
exact_bytes,0,True,cubit_train_sp0_1166,train,images/SP0_1166.JPG,cubit_val_sp1_1155,val,images/SP1_1155.JPG
exact_bytes,0,True,cubit_train_sp0_1170,train,images/SP0_1170.JPG,cubit_val_sp1_1159,val,images/SP1_1159.JPG
exact_bytes,0,True,cubit_train_sp0_1207,train,images/SP0_1207.JPG,cubit_val_sp1_1196,val,images/SP1_1196.JPG
exact_bytes,0,True,cubit_train_sp0_1239,train,images/SP0_1239.JPG,cubit_test_sp1_1228,test,images/SP1_1228.JPG
exact_bytes,0,True,cubit_train_sp0_1242,train,images/SP0_1242.JPG,cubit_val_sp1_1231,val,images/SP1_1231.JPG
exact_bytes,0,True,cubit_train_sp0_127,train,images/SP0_127.JPG,cubit_test_sp1_132,test,images/SP1_132.JPG
exact_bytes,0,True,cubit_train_sp0_1270,train,images/SP0_1270.JPG,cubit_test_sp1_1259,test,images/SP1_1259.JPG
exact_bytes,0,True,cubit_train_sp0_1271,train,images/SP0_1271.JPG,cubit_test_sp1_1260,test,images/SP1_1260.JPG
exact_bytes,0,True,cubit_train_sp0_1275,train,images/SP0_1275.JPG,cubit_val_sp1_1264,val,images/SP1_1264.JPG
exact_bytes,0,True,cubit_train_sp0_1277,train,images/SP0_1277.JPG,cubit_val_sp1_1266,val,images/SP1_1266.JPG
exact_bytes,0,True,cubit_train_sp0_1309,train,images/SP0_1309.JPG,cubit_val_sp1_1298,val,images/SP1_1298.JPG
exact_bytes,0,True,cubit_train_sp0_1347,train,images/SP0_1347.JPG,cubit_val_sp1_1336,val,images/SP1_1336.JPG
exact_bytes,0,True,cubit_train_sp0_1349,train,images/SP0_1349.JPG,cubit_test_sp1_1338,test,images/SP1_1338.JPG
exact_bytes,0,True,cubit_train_sp0_1382,train,images/SP0_1382.JPG,cubit_val_sp1_1371,val,images/SP1_1371.JPG
exact_bytes,0,True,cubit_train_sp0_1413,train,images/SP0_1413.JPG,cubit_val_sp1_1406,val,images/SP1_1406.JPG
exact_bytes,0,True,cubit_train_sp0_1440,train,images/SP0_1440.JPG,cubit_test_sp1_1433,test,images/SP1_1433.JPG
exact_bytes,0,True,cubit_train_sp0_1443,train,images/SP0_1443.JPG,cubit_val_sp1_1436,val,images/SP1_1436.JPG
exact_bytes,0,True,cubit_train_sp0_1444,train,images/SP0_1444.JPG,cubit_test_sp1_1437,test,images/SP1_1437.JPG
exact_bytes,0,True,cubit_train_sp0_1475,train,images/SP0_1475.JPG,cubit_test_sp1_1468,test,images/SP1_1468.JPG
exact_bytes,0,True,cubit_train_sp0_1509,train,images/SP0_1509.JPG,cubit_val_sp1_1502,val,images/SP1_1502.JPG
exact_bytes,0,True,cubit_train_sp0_153,train,images/SP0_153.JPG,cubit_val_sp1_159,val,images/SP1_159.JPG
exact_bytes,0,True,cubit_train_sp0_1542,train,images/SP0_1542.JPG,cubit_val_sp1_1535,val,images/SP1_1535.JPG
exact_bytes,0,True,cubit_train_sp0_1543,train,images/SP0_1543.JPG,cubit_test_sp1_1536,test,images/SP1_1536.JPG
exact_bytes,0,True,cubit_train_sp0_1545,train,images/SP0_1545.JPG,cubit_val_sp1_1538,val,images/SP1_1538.JPG
exact_bytes,0,True,cubit_train_sp0_155,train,images/SP0_155.JPG,cubit_val_sp1_161,val,images/SP1_161.JPG
exact_bytes,0,True,cubit_train_sp0_1571,train,images/SP0_1571.JPG,cubit_val_sp1_1565,val,images/SP1_1565.JPG
exact_bytes,0,True,cubit_train_sp0_1573,train,images/SP0_1573.JPG,cubit_val_sp1_1567,val,images/SP1_1567.JPG
exact_bytes,0,True,cubit_train_sp0_1605,train,images/SP0_1605.JPG,cubit_test_sp1_1599,test,images/SP1_1599.JPG
exact_bytes,0,True,cubit_train_sp0_1609,train,images/SP0_1609.JPG,cubit_val_sp1_1603,val,images/SP1_1603.JPG
exact_bytes,0,True,cubit_train_sp0_1610,train,images/SP0_1610.JPG,cubit_val_sp1_1604,val,images/SP1_1604.JPG
exact_bytes,0,True,cubit_train_sp0_1642,train,images/SP0_1642.JPG,cubit_test_sp1_1636,test,images/SP1_1636.JPG
exact_bytes,0,True,cubit_train_sp0_1674,train,images/SP0_1674.JPG,cubit_test_sp1_1668,test,images/SP1_1668.JPG
exact_bytes,0,True,cubit_train_sp0_1678,train,images/SP0_1678.JPG,cubit_test_sp1_1672,test,images/SP1_1672.JPG
exact_bytes,0,True,cubit_train_sp0_1680,train,images/SP0_1680.JPG,cubit_val_sp1_1674,val,images/SP1_1674.JPG
exact_bytes,0,True,cubit_train_sp0_1707,train,images/SP0_1707.JPG,cubit_val_sp1_1701,val,images/SP1_1701.JPG
exact_bytes,0,True,cubit_train_sp0_1743,train,images/SP0_1743.JPG,cubit_test_sp1_1737,test,images/SP1_1737.JPG
exact_bytes,0,True,cubit_train_sp0_1745,train,images/SP0_1745.JPG,cubit_test_sp1_1739,test,images/SP1_1739.JPG
exact_bytes,0,True,cubit_train_sp0_1748,train,images/SP0_1748.JPG,cubit_test_sp1_1742,test,images/SP1_1742.JPG
exact_bytes,0,True,cubit_train_sp0_1778,train,images/SP0_1778.JPG,cubit_val_sp1_1772,val,images/SP1_1772.JPG
exact_bytes,0,True,cubit_train_sp0_1781,train,images/SP0_1781.JPG,cubit_val_sp1_1775,val,images/SP1_1775.JPG
exact_bytes,0,True,cubit_train_sp0_1813,train,images/SP0_1813.JPG,cubit_test_sp1_1807,test,images/SP1_1807.JPG
exact_bytes,0,True,cubit_train_sp0_1848,train,images/SP0_1848.JPG,cubit_val_sp1_1840,val,images/SP1_1840.JPG
exact_bytes,0,True,cubit_train_sp0_1854,train,images/SP0_1854.JPG,cubit_val_sp1_1846,val,images/SP1_1846.JPG
exact_bytes,0,True,cubit_train_sp0_187,train,images/SP0_187.JPG,cubit_test_sp1_193,test,images/SP1_193.JPG
exact_bytes,0,True,cubit_train_sp0_188,train,images/SP0_188.JPG,cubit_test_sp1_194,test,images/SP1_194.JPG
exact_bytes,0,True,cubit_train_sp0_1881,train,images/SP0_1881.JPG,cubit_test_sp1_1873,test,images/SP1_1873.JPG
exact_bytes,0,True,cubit_train_sp0_1889,train,images/SP0_1889.JPG,cubit_test_sp1_1881,test,images/SP1_1881.JPG
exact_bytes,0,True,cubit_train_sp0_261,train,images/SP0_261.JPG,cubit_test_sp1_267,test,images/SP1_267.JPG
exact_bytes,0,True,cubit_train_sp0_27,train,images/SP0_27.JPG,cubit_test_sp1_27,test,images/SP1_27.JPG
exact_bytes,0,True,cubit_train_sp0_291,train,images/SP0_291.JPG,cubit_test_sp1_300,test,images/SP1_300.JPG
exact_bytes,0,True,cubit_train_sp0_293,train,images/SP0_293.JPG,cubit_val_sp1_302,val,images/SP1_302.JPG
exact_bytes,0,True,cubit_train_sp0_318,train,images/SP0_318.JPG,cubit_test_sp1_327,test,images/SP1_327.JPG
exact_bytes,0,True,cubit_train_sp0_322,train,images/SP0_322.JPG,cubit_val_sp1_331,val,images/SP1_331.JPG
exact_bytes,0,True,cubit_train_sp0_328,train,images/SP0_328.JPG,cubit_test_sp1_337,test,images/SP1_337.JPG
exact_bytes,0,True,cubit_train_sp0_34,train,images/SP0_34.JPG,cubit_val_sp1_34,val,images/SP1_34.JPG
exact_bytes,0,True,cubit_train_sp0_359,train,images/SP0_359.JPG,cubit_val_sp1_354,val,images/SP1_354.JPG
exact_bytes,0,True,cubit_train_sp0_360,train,images/SP0_360.JPG,cubit_test_sp1_355,test,images/SP1_355.JPG
exact_bytes,0,True,cubit_train_sp0_388,train,images/SP0_388.JPG,cubit_val_sp1_383,val,images/SP1_383.JPG
exact_bytes,0,True,cubit_train_sp0_391,train,images/SP0_391.JPG,cubit_test_sp1_386,test,images/SP1_386.JPG
exact_bytes,0,True,cubit_train_sp0_392,train,images/SP0_392.JPG,cubit_val_sp1_387,val,images/SP1_387.JPG
exact_bytes,0,True,cubit_train_sp0_395,train,images/SP0_395.JPG,cubit_test_sp1_390,test,images/SP1_390.JPG
exact_bytes,0,True,cubit_train_sp0_397,train,images/SP0_397.JPG,cubit_test_sp1_392,test,images/SP1_392.JPG
exact_bytes,0,True,cubit_train_sp0_424,train,images/SP0_424.JPG,cubit_val_sp1_419,val,images/SP1_419.JPG
exact_bytes,0,True,cubit_train_sp0_429,train,images/SP0_429.JPG,cubit_test_sp1_424,test,images/SP1_424.JPG
exact_bytes,0,True,cubit_train_sp0_463,train,images/SP0_463.JPG,cubit_test_sp1_458,test,images/SP1_458.JPG
exact_bytes,0,True,cubit_train_sp0_467,train,images/SP0_467.JPG,cubit_test_sp1_462,test,images/SP1_462.JPG
exact_bytes,0,True,cubit_train_sp0_53,train,images/SP0_53.JPG,cubit_test_sp1_57,test,images/SP1_57.JPG
exact_bytes,0,True,cubit_train_sp0_536,train,images/SP0_536.JPG,cubit_test_sp1_531,test,images/SP1_531.JPG
exact_bytes,0,True,cubit_train_sp0_537,train,images/SP0_537.JPG,cubit_test_sp1_532,test,images/SP1_532.JPG
exact_bytes,0,True,cubit_train_sp0_56,train,images/SP0_56.JPG,cubit_test_sp1_60,test,images/SP1_60.JPG
exact_bytes,0,True,cubit_train_sp0_566,train,images/SP0_566.JPG,cubit_test_sp1_561,test,images/SP1_561.JPG
exact_bytes,0,True,cubit_train_sp0_598,train,images/SP0_598.JPG,cubit_test_sp1_593,test,images/SP1_593.JPG
exact_bytes,0,True,cubit_train_sp0_60,train,images/SP0_60.JPG,cubit_val_sp1_64,val,images/SP1_64.JPG
exact_bytes,0,True,cubit_train_sp0_605,train,images/SP0_605.JPG,cubit_val_sp1_600,val,images/SP1_600.JPG
exact_bytes,0,True,cubit_train_sp0_607,train,images/SP0_607.JPG,cubit_test_sp1_602,test,images/SP1_602.JPG
exact_bytes,0,True,cubit_train_sp0_61,train,images/SP0_61.JPG,cubit_test_sp1_65,test,images/SP1_65.JPG
exact_bytes,0,True,cubit_train_sp0_634,train,images/SP0_634.JPG,cubit_val_sp1_629,val,images/SP1_629.JPG
exact_bytes,0,True,cubit_train_sp0_636,train,images/SP0_636.JPG,cubit_val_sp1_631,val,images/SP1_631.JPG
exact_bytes,0,True,cubit_train_sp0_668,train,images/SP0_668.JPG,cubit_test_sp1_663,test,images/SP1_663.JPG
exact_bytes,0,True,cubit_train_sp0_670,train,images/SP0_670.JPG,cubit_test_sp1_665,test,images/SP1_665.JPG
exact_bytes,0,True,cubit_train_sp0_672,train,images/SP0_672.JPG,cubit_val_sp1_667,val,images/SP1_667.JPG
exact_bytes,0,True,cubit_train_sp0_677,train,images/SP0_677.JPG,cubit_val_sp1_672,val,images/SP1_672.JPG
exact_bytes,0,True,cubit_train_sp0_712,train,images/SP0_712.JPG,cubit_val_sp1_707,val,images/SP1_707.JPG
exact_bytes,0,True,cubit_train_sp0_739,train,images/SP0_739.JPG,cubit_test_sp1_734,test,images/SP1_734.JPG
exact_bytes,0,True,cubit_train_sp0_745,train,images/SP0_745.JPG,cubit_val_sp1_740,val,images/SP1_740.JPG
exact_bytes,0,True,cubit_train_sp0_748,train,images/SP0_748.JPG,cubit_val_sp1_743,val,images/SP1_743.JPG
exact_bytes,0,True,cubit_train_sp0_776,train,images/SP0_776.JPG,cubit_test_sp1_771,test,images/SP1_771.JPG
exact_bytes,0,True,cubit_train_sp0_779,train,images/SP0_779.JPG,cubit_val_sp1_774,val,images/SP1_774.JPG
exact_bytes,0,True,cubit_train_sp0_781,train,images/SP0_781.JPG,cubit_test_sp1_776,test,images/SP1_776.JPG
exact_bytes,0,True,cubit_train_sp0_782,train,images/SP0_782.JPG,cubit_val_sp1_777,val,images/SP1_777.JPG
exact_bytes,0,True,cubit_train_sp0_808,train,images/SP0_808.JPG,cubit_test_sp1_803,test,images/SP1_803.JPG
exact_bytes,0,True,cubit_train_sp0_810,train,images/SP0_810.JPG,cubit_test_sp1_805,test,images/SP1_805.JPG
exact_bytes,0,True,cubit_train_sp0_90,train,images/SP0_90.JPG,cubit_test_sp1_95,test,images/SP1_95.JPG
exact_bytes,0,True,cubit_train_sp0_903,train,images/SP0_903.JPG,cubit_test_sp1_884,test,images/SP1_884.JPG
exact_bytes,0,True,cubit_train_sp0_904,train,images/SP0_904.JPG,cubit_val_sp1_885,val,images/SP1_885.JPG
exact_bytes,0,True,cubit_train_sp0_905,train,images/SP0_905.JPG,cubit_test_sp1_886,test,images/SP1_886.JPG
exact_bytes,0,True,cubit_train_sp0_937,train,images/SP0_937.JPG,cubit_test_sp1_918,test,images/SP1_918.JPG
exact_bytes,0,True,cubit_train_sp0_941,train,images/SP0_941.JPG,cubit_test_sp1_922,test,images/SP1_922.JPG
exact_bytes,0,True,cubit_train_sp0_974,train,images/SP0_974.JPG,cubit_test_sp1_955,test,images/SP1_955.JPG
exact_bytes,0,True,cubit_train_sp0_996,train,images/SP0_996.JPG,cubit_test_sp1_981,test,images/SP1_981.JPG
exact_bytes,0,True,cubit_train_sp1_1090,train,images/SP1_1090.JPG,cubit_val_sp0_1101,val,images/SP0_1101.JPG
exact_bytes,0,True,cubit_train_sp1_1091,train,images/SP1_1091.JPG,cubit_val_sp0_1102,val,images/SP0_1102.JPG
exact_bytes,0,True,cubit_train_sp1_1122,train,images/SP1_1122.JPG,cubit_val_sp0_1133,val,images/SP0_1133.JPG
exact_bytes,0,True,cubit_train_sp1_1157,train,images/SP1_1157.JPG,cubit_test_sp0_1168,test,images/SP0_1168.JPG
exact_bytes,0,True,cubit_train_sp1_1192,train,images/SP1_1192.JPG,cubit_val_sp0_1203,val,images/SP0_1203.JPG
exact_bytes,0,True,cubit_train_sp1_1198,train,images/SP1_1198.JPG,cubit_val_sp0_1209,val,images/SP0_1209.JPG
exact_bytes,0,True,cubit_train_sp1_1230,train,images/SP1_1230.JPG,cubit_test_sp0_1241,test,images/SP0_1241.JPG
exact_bytes,0,True,cubit_train_sp1_1261,train,images/SP1_1261.JPG,cubit_val_sp0_1272,val,images/SP0_1272.JPG
exact_bytes,0,True,cubit_train_sp1_1262,train,images/SP1_1262.JPG,cubit_val_sp0_1273,val,images/SP0_1273.JPG
exact_bytes,0,True,cubit_train_sp1_133,train,images/SP1_133.JPG,cubit_test_sp0_128,test,images/SP0_128.JPG
exact_bytes,0,True,cubit_train_sp1_1332,train,images/SP1_1332.JPG,cubit_val_sp0_1343,val,images/SP0_1343.JPG
exact_bytes,0,True,cubit_train_sp1_1337,train,images/SP1_1337.JPG,cubit_val_sp0_1348,val,images/SP0_1348.JPG
exact_bytes,0,True,cubit_train_sp1_1367,train,images/SP1_1367.JPG,cubit_test_sp0_1378,test,images/SP0_1378.JPG
exact_bytes,0,True,cubit_train_sp1_1369,train,images/SP1_1369.JPG,cubit_test_sp0_1380,test,images/SP0_1380.JPG
exact_bytes,0,True,cubit_train_sp1_1399,train,images/SP1_1399.JPG,cubit_val_sp0_1406,val,images/SP0_1406.JPG
exact_bytes,0,True,cubit_train_sp1_1405,train,images/SP1_1405.JPG,cubit_val_sp0_1412,val,images/SP0_1412.JPG
exact_bytes,0,True,cubit_train_sp1_1434,train,images/SP1_1434.JPG,cubit_test_sp0_1441,test,images/SP0_1441.JPG
exact_bytes,0,True,cubit_train_sp1_1504,train,images/SP1_1504.JPG,cubit_test_sp0_1511,test,images/SP0_1511.JPG
exact_bytes,0,True,cubit_train_sp1_154,train,images/SP1_154.JPG,cubit_val_sp0_148,val,images/SP0_148.JPG
exact_bytes,0,True,cubit_train_sp1_155,train,images/SP1_155.JPG,cubit_test_sp0_149,test,images/SP0_149.JPG
exact_bytes,0,True,cubit_train_sp1_1559,train,images/SP1_1559.JPG,cubit_val_sp0_1565,val,images/SP0_1565.JPG
exact_bytes,0,True,cubit_train_sp1_1563,train,images/SP1_1563.JPG,cubit_test_sp0_1569,test,images/SP0_1569.JPG
exact_bytes,0,True,cubit_train_sp1_1564,train,images/SP1_1564.JPG,cubit_test_sp0_1570,test,images/SP0_1570.JPG
exact_bytes,0,True,cubit_train_sp1_157,train,images/SP1_157.JPG,cubit_test_sp0_151,test,images/SP0_151.JPG
exact_bytes,0,True,cubit_train_sp1_1597,train,images/SP1_1597.JPG,cubit_val_sp0_1603,val,images/SP0_1603.JPG
exact_bytes,0,True,cubit_train_sp1_1598,train,images/SP1_1598.JPG,cubit_val_sp0_1604,val,images/SP0_1604.JPG
exact_bytes,0,True,cubit_train_sp1_160,train,images/SP1_160.JPG,cubit_test_sp0_154,test,images/SP0_154.JPG
exact_bytes,0,True,cubit_train_sp1_1600,train,images/SP1_1600.JPG,cubit_test_sp0_1606,test,images/SP0_1606.JPG
exact_bytes,0,True,cubit_train_sp1_1634,train,images/SP1_1634.JPG,cubit_val_sp0_1640,val,images/SP0_1640.JPG
exact_bytes,0,True,cubit_train_sp1_1671,train,images/SP1_1671.JPG,cubit_test_sp0_1677,test,images/SP0_1677.JPG
exact_bytes,0,True,cubit_train_sp1_1673,train,images/SP1_1673.JPG,cubit_val_sp0_1679,val,images/SP0_1679.JPG
exact_bytes,0,True,cubit_train_sp1_1740,train,images/SP1_1740.JPG,cubit_test_sp0_1746,test,images/SP0_1746.JPG
exact_bytes,0,True,cubit_train_sp1_1741,train,images/SP1_1741.JPG,cubit_val_sp0_1747,val,images/SP0_1747.JPG
exact_bytes,0,True,cubit_train_sp1_1743,train,images/SP1_1743.JPG,cubit_test_sp0_1749,test,images/SP0_1749.JPG
exact_bytes,0,True,cubit_train_sp1_1770,train,images/SP1_1770.JPG,cubit_test_sp0_1776,test,images/SP0_1776.JPG
exact_bytes,0,True,cubit_train_sp1_1804,train,images/SP1_1804.JPG,cubit_test_sp0_1810,test,images/SP0_1810.JPG
exact_bytes,0,True,cubit_train_sp1_1805,train,images/SP1_1805.JPG,cubit_val_sp0_1811,val,images/SP0_1811.JPG
exact_bytes,0,True,cubit_train_sp1_1839,train,images/SP1_1839.JPG,cubit_test_sp0_1847,test,images/SP0_1847.JPG
exact_bytes,0,True,cubit_train_sp1_1843,train,images/SP1_1843.JPG,cubit_val_sp0_1851,val,images/SP0_1851.JPG
exact_bytes,0,True,cubit_train_sp1_1845,train,images/SP1_1845.JPG,cubit_test_sp0_1853,test,images/SP0_1853.JPG
exact_bytes,0,True,cubit_train_sp1_1847,train,images/SP1_1847.JPG,cubit_val_sp0_1855,val,images/SP0_1855.JPG
exact_bytes,0,True,cubit_train_sp1_187,train,images/SP1_187.JPG,cubit_val_sp0_181,val,images/SP0_181.JPG
exact_bytes,0,True,cubit_train_sp1_1872,train,images/SP1_1872.JPG,cubit_val_sp0_1880,val,images/SP0_1880.JPG
exact_bytes,0,True,cubit_train_sp1_1879,train,images/SP1_1879.JPG,cubit_val_sp0_1887,val,images/SP0_1887.JPG
exact_bytes,0,True,cubit_train_sp1_190,train,images/SP1_190.JPG,cubit_test_sp0_184,test,images/SP0_184.JPG
exact_bytes,0,True,cubit_train_sp1_1914,train,images/SP1_1914.JPG,cubit_test_sp0_1922,test,images/SP0_1922.JPG
exact_bytes,0,True,cubit_train_sp1_192,train,images/SP1_192.JPG,cubit_test_sp0_186,test,images/SP0_186.JPG
exact_bytes,0,True,cubit_train_sp1_196,train,images/SP1_196.JPG,cubit_val_sp0_190,val,images/SP0_190.JPG
exact_bytes,0,True,cubit_train_sp1_222,train,images/SP1_222.JPG,cubit_test_sp0_216,test,images/SP0_216.JPG
exact_bytes,0,True,cubit_train_sp1_223,train,images/SP1_223.JPG,cubit_val_sp0_217,val,images/SP0_217.JPG
exact_bytes,0,True,cubit_train_sp1_229,train,images/SP1_229.JPG,cubit_test_sp0_223,test,images/SP0_223.JPG
exact_bytes,0,True,cubit_train_sp1_230,train,images/SP1_230.JPG,cubit_test_sp0_224,test,images/SP0_224.JPG
exact_bytes,0,True,cubit_train_sp1_231,train,images/SP1_231.JPG,cubit_test_sp0_225,test,images/SP0_225.JPG
exact_bytes,0,True,cubit_train_sp1_261,train,images/SP1_261.JPG,cubit_test_sp0_255,test,images/SP0_255.JPG
exact_bytes,0,True,cubit_train_sp1_328,train,images/SP1_328.JPG,cubit_val_sp0_319,val,images/SP0_319.JPG
exact_bytes,0,True,cubit_train_sp1_33,train,images/SP1_33.JPG,cubit_val_sp0_33,val,images/SP0_33.JPG
exact_bytes,0,True,cubit_train_sp1_334,train,images/SP1_334.JPG,cubit_test_sp0_325,test,images/SP0_325.JPG
exact_bytes,0,True,cubit_train_sp1_335,train,images/SP1_335.JPG,cubit_val_sp0_326,val,images/SP0_326.JPG
exact_bytes,0,True,cubit_train_sp1_358,train,images/SP1_358.JPG,cubit_val_sp0_363,val,images/SP0_363.JPG
exact_bytes,0,True,cubit_train_sp1_384,train,images/SP1_384.JPG,cubit_test_sp0_389,test,images/SP0_389.JPG
exact_bytes,0,True,cubit_train_sp1_454,train,images/SP1_454.JPG,cubit_val_sp0_459,val,images/SP0_459.JPG
exact_bytes,0,True,cubit_train_sp1_455,train,images/SP1_455.JPG,cubit_val_sp0_460,val,images/SP0_460.JPG
exact_bytes,0,True,cubit_train_sp1_457,train,images/SP1_457.JPG,cubit_test_sp0_462,test,images/SP0_462.JPG
exact_bytes,0,True,cubit_train_sp1_489,train,images/SP1_489.JPG,cubit_test_sp0_494,test,images/SP0_494.JPG
exact_bytes,0,True,cubit_train_sp1_491,train,images/SP1_491.JPG,cubit_val_sp0_496,val,images/SP0_496.JPG
exact_bytes,0,True,cubit_train_sp1_492,train,images/SP1_492.JPG,cubit_val_sp0_497,val,images/SP0_497.JPG
exact_bytes,0,True,cubit_train_sp1_497,train,images/SP1_497.JPG,cubit_val_sp0_502,val,images/SP0_502.JPG
exact_bytes,0,True,cubit_train_sp1_526,train,images/SP1_526.JPG,cubit_test_sp0_531,test,images/SP0_531.JPG
exact_bytes,0,True,cubit_train_sp1_527,train,images/SP1_527.JPG,cubit_test_sp0_532,test,images/SP0_532.JPG
exact_bytes,0,True,cubit_train_sp1_529,train,images/SP1_529.JPG,cubit_test_sp0_534,test,images/SP0_534.JPG
exact_bytes,0,True,cubit_train_sp1_563,train,images/SP1_563.JPG,cubit_test_sp0_568,test,images/SP0_568.JPG
exact_bytes,0,True,cubit_train_sp1_568,train,images/SP1_568.JPG,cubit_val_sp0_573,val,images/SP0_573.JPG
exact_bytes,0,True,cubit_train_sp1_58,train,images/SP1_58.JPG,cubit_test_sp0_54,test,images/SP0_54.JPG
exact_bytes,0,True,cubit_train_sp1_595,train,images/SP1_595.JPG,cubit_test_sp0_600,test,images/SP0_600.JPG
exact_bytes,0,True,cubit_train_sp1_596,train,images/SP1_596.JPG,cubit_val_sp0_601,val,images/SP0_601.JPG
exact_bytes,0,True,cubit_train_sp1_597,train,images/SP1_597.JPG,cubit_test_sp0_602,test,images/SP0_602.JPG
exact_bytes,0,True,cubit_train_sp1_598,train,images/SP1_598.JPG,cubit_test_sp0_603,test,images/SP0_603.JPG
exact_bytes,0,True,cubit_train_sp1_62,train,images/SP1_62.JPG,cubit_val_sp0_58,val,images/SP0_58.JPG
exact_bytes,0,True,cubit_train_sp1_63,train,images/SP1_63.JPG,cubit_test_sp0_59,test,images/SP0_59.JPG
exact_bytes,0,True,cubit_train_sp1_633,train,images/SP1_633.JPG,cubit_val_sp0_638,val,images/SP0_638.JPG
exact_bytes,0,True,cubit_train_sp1_670,train,images/SP1_670.JPG,cubit_val_sp0_675,val,images/SP0_675.JPG
exact_bytes,0,True,cubit_train_sp1_701,train,images/SP1_701.JPG,cubit_val_sp0_706,val,images/SP0_706.JPG
exact_bytes,0,True,cubit_train_sp1_702,train,images/SP1_702.JPG,cubit_val_sp0_707,val,images/SP0_707.JPG
exact_bytes,0,True,cubit_train_sp1_706,train,images/SP1_706.JPG,cubit_test_sp0_711,test,images/SP0_711.JPG
exact_bytes,0,True,cubit_train_sp1_738,train,images/SP1_738.JPG,cubit_val_sp0_743,val,images/SP0_743.JPG
exact_bytes,0,True,cubit_train_sp1_770,train,images/SP1_770.JPG,cubit_test_sp0_775,test,images/SP0_775.JPG
exact_bytes,0,True,cubit_train_sp1_773,train,images/SP1_773.JPG,cubit_val_sp0_778,val,images/SP0_778.JPG
exact_bytes,0,True,cubit_train_sp1_807,train,images/SP1_807.JPG,cubit_test_sp0_812,test,images/SP0_812.JPG
exact_bytes,0,True,cubit_train_sp1_813,train,images/SP1_813.JPG,cubit_val_sp0_818,val,images/SP0_818.JPG
exact_bytes,0,True,cubit_train_sp1_834,train,images/SP1_834.JPG,cubit_test_sp0_846,test,images/SP0_846.JPG
exact_bytes,0,True,cubit_train_sp1_856,train,images/SP1_856.JPG,cubit_val_sp0_875,val,images/SP0_875.JPG
exact_bytes,0,True,cubit_train_sp1_883,train,images/SP1_883.JPG,cubit_test_sp0_902,test,images/SP0_902.JPG
exact_bytes,0,True,cubit_train_sp1_888,train,images/SP1_888.JPG,cubit_test_sp0_907,test,images/SP0_907.JPG
exact_bytes,0,True,cubit_train_sp1_891,train,images/SP1_891.JPG,cubit_test_sp0_910,test,images/SP0_910.JPG
exact_bytes,0,True,cubit_train_sp1_893,train,images/SP1_893.JPG,cubit_val_sp0_912,val,images/SP0_912.JPG
exact_bytes,0,True,cubit_train_sp1_920,train,images/SP1_920.JPG,cubit_test_sp0_939,test,images/SP0_939.JPG
exact_bytes,0,True,cubit_train_sp1_923,train,images/SP1_923.JPG,cubit_test_sp0_942,test,images/SP0_942.JPG
exact_bytes,0,True,cubit_train_sp1_949,train,images/SP1_949.JPG,cubit_test_sp0_968,test,images/SP0_968.JPG
exact_bytes,0,True,cubit_train_sp1_950,train,images/SP1_950.JPG,cubit_test_sp0_969,test,images/SP0_969.JPG
exact_bytes,0,True,cubit_train_sp1_988,train,images/SP1_988.JPG,cubit_val_sp0_1004,val,images/SP0_1004.JPG
exact_bytes,0,True,cubit_val_sp0_1350,val,images/SP0_1350.JPG,cubit_test_sp1_1339,test,images/SP1_1339.JPG
exact_bytes,0,True,cubit_val_sp0_1379,val,images/SP0_1379.JPG,cubit_test_sp1_1368,test,images/SP1_1368.JPG
exact_bytes,0,True,cubit_val_sp0_1539,val,images/SP0_1539.JPG,cubit_test_sp1_1532,test,images/SP1_1532.JPG
exact_bytes,0,True,cubit_val_sp0_567,val,images/SP0_567.JPG,cubit_test_sp1_562,test,images/SP1_562.JPG
exact_bytes,0,True,cubit_val_sp1_1193,val,images/SP1_1193.JPG,cubit_test_sp0_1204,test,images/SP0_1204.JPG
exact_bytes,0,True,cubit_val_sp1_1303,val,images/SP1_1303.JPG,cubit_test_sp0_1314,test,images/SP0_1314.JPG
exact_bytes,0,True,cubit_val_sp1_1633,val,images/SP1_1633.JPG,cubit_test_sp0_1639,test,images/SP0_1639.JPG
exact_bytes,0,True,cubit_val_sp1_1777,val,images/SP1_1777.JPG,cubit_test_sp0_1783,test,images/SP0_1783.JPG
exact_bytes,0,True,cubit_val_sp1_1878,val,images/SP1_1878.JPG,cubit_test_sp0_1886,test,images/SP0_1886.JPG
exact_bytes,0,True,cubit_val_sp1_30,val,images/SP1_30.JPG,cubit_test_sp0_30,test,images/SP0_30.JPG
exact_bytes,0,True,cubit_val_sp1_666,val,images/SP1_666.JPG,cubit_test_sp0_671,test,images/SP0_671.JPG
exact_bytes,0,True,cubit_val_sp1_733,val,images/SP1_733.JPG,cubit_test_sp0_738,test,images/SP0_738.JPG
exact_bytes,0,True,cubit_val_sp1_982,val,images/SP1_982.JPG,cubit_test_sp0_997,test,images/SP0_997.JPG
perceptual_candidate,0,True,cubit_train_sp0_1224,train,images/SP0_1224.JPG,cubit_test_sp1_1210,test,images/SP1_1210.JPG
perceptual_candidate,0,True,cubit_train_sp0_1325,train,images/SP0_1325.JPG,cubit_test_sp1_1313,test,images/SP1_1313.JPG
perceptual_candidate,0,True,cubit_train_sp1_112,train,images/SP1_112.JPG,cubit_test_sp0_109,test,images/SP0_109.JPG
perceptual_candidate,2,True,cubit_train_cr1_101,train,images/CR1_101.JPG,cubit_val_sp1_685,val,images/SP1_685.JPG
perceptual_candidate,2,True,cubit_train_cr1_1090,train,images/CR1_1090.JPG,cubit_val_cr1_720,val,images/CR1_720.JPG
perceptual_candidate,2,True,cubit_train_cr1_111,train,images/CR1_111.JPG,cubit_test_sp0_711,test,images/SP0_711.JPG
perceptual_candidate,2,True,cubit_train_cr1_112,train,images/CR1_112.JPG,cubit_test_sp1_696,test,images/SP1_696.JPG
perceptual_candidate,2,True,cubit_train_cr1_1426,train,images/CR1_1426.JPG,cubit_test_cr1_1427,test,images/CR1_1427.JPG
perceptual_candidate,2,True,cubit_train_cr1_1438,train,images/CR1_1438.JPG,cubit_val_cr1_1439,val,images/CR1_1439.JPG
perceptual_candidate,2,True,cubit_train_cr1_779,train,images/CR1_779.JPG,cubit_test_cr1_780,test,images/CR1_780.JPG
perceptual_candidate,2,True,cubit_train_cr1_901,train,images/CR1_901.JPG,cubit_test_cr1_780,test,images/CR1_780.JPG
perceptual_candidate,2,True,cubit_train_cr1_902,train,images/CR1_902.JPG,cubit_test_cr1_780,test,images/CR1_780.JPG
perceptual_candidate,2,True,cubit_train_sp0_1427,train,images/SP0_1427.JPG,cubit_test_sp1_1417,test,images/SP1_1417.JPG
perceptual_candidate,2,True,cubit_train_sp0_1820,train,images/SP0_1820.JPG,cubit_test_sp1_1803,test,images/SP1_1803.JPG
perceptual_candidate,2,True,cubit_train_sp0_203,train,images/SP0_203.JPG,cubit_test_sp1_207,test,images/SP1_207.JPG
perceptual_candidate,2,True,cubit_train_sp0_458,train,images/SP0_458.JPG,cubit_val_sp0_459,val,images/SP0_459.JPG
perceptual_candidate,2,True,cubit_train_sp1_1327,train,images/SP1_1327.JPG,cubit_test_sp1_1338,test,images/SP1_1338.JPG
perceptual_candidate,2,True,cubit_train_sp1_17,train,images/SP1_17.JPG,cubit_test_sp1_27,test,images/SP1_27.JPG
perceptual_candidate,2,True,cubit_train_sp1_1812,train,images/SP1_1812.JPG,cubit_test_sp1_1803,test,images/SP1_1803.JPG
perceptual_candidate,2,True,cubit_train_sp1_1820,train,images/SP1_1820.JPG,cubit_test_sp0_1828,test,images/SP0_1828.JPG
perceptual_candidate,2,True,cubit_train_sp1_241,train,images/SP1_241.JPG,cubit_val_sp0_237,val,images/SP0_237.JPG
perceptual_candidate,2,True,cubit_train_sp1_451,train,images/SP1_451.JPG,cubit_test_sp1_462,test,images/SP1_462.JPG
perceptual_candidate,2,True,cubit_train_sp1_453,train,images/SP1_453.JPG,cubit_val_sp0_459,val,images/SP0_459.JPG
perceptual_candidate,2,True,cubit_train_sp1_54,train,images/SP1_54.JPG,cubit_val_sp1_64,val,images/SP1_64.JPG
perceptual_candidate,2,True,cubit_train_sp1_684,train,images/SP1_684.JPG,cubit_test_cr1_100,test,images/CR1_100.JPG
perceptual_candidate,2,True,cubit_train_sp1_763,train,images/SP1_763.JPG,cubit_val_sp0_778,val,images/SP0_778.JPG
perceptual_candidate,2,True,cubit_train_sp1_766,train,images/SP1_766.JPG,cubit_val_sp1_777,val,images/SP1_777.JPG
perceptual_candidate,2,True,cubit_train_sp1_802,train,images/SP1_802.JPG,cubit_val_sp0_818,val,images/SP0_818.JPG
perceptual_candidate,2,True,cubit_train_sp1_829,train,images/SP1_829.JPG,cubit_val_sp0_848,val,images/SP0_848.JPG
perceptual_candidate,2,True,cubit_train_sp1_902,train,images/SP1_902.JPG,cubit_test_sp0_922,test,images/SP0_922.JPG
perceptual_candidate,2,True,cubit_train_sp1_914,train,images/SP1_914.JPG,cubit_test_sp1_922,test,images/SP1_922.JPG
perceptual_candidate,2,True,cubit_val_cr1_549,val,images/CR1_549.JPG,cubit_test_cr1_1427,test,images/CR1_1427.JPG
perceptual_candidate,2,True,cubit_val_sp0_108,val,images/SP0_108.JPG,cubit_test_sp1_111,test,images/SP1_111.JPG
perceptual_candidate,4,True,cubit_train_cr1_1009,train,images/CR1_1009.JPG,cubit_test_cr1_1003,test,images/CR1_1003.JPG
perceptual_candidate,4,True,cubit_train_cr1_1009,train,images/CR1_1009.JPG,cubit_test_cr1_343,test,images/CR1_343.JPG
perceptual_candidate,4,True,cubit_train_cr1_1009,train,images/CR1_1009.JPG,cubit_val_cr1_720,val,images/CR1_720.JPG
perceptual_candidate,4,True,cubit_train_cr1_1015,train,images/CR1_1015.JPG,cubit_val_cr1_720,val,images/CR1_720.JPG
perceptual_candidate,4,True,cubit_train_cr1_1078,train,images/CR1_1078.JPG,cubit_val_cr1_908,val,images/CR1_908.JPG
perceptual_candidate,4,True,cubit_train_cr1_112,train,images/CR1_112.JPG,cubit_val_sp1_707,val,images/SP1_707.JPG
perceptual_candidate,4,True,cubit_train_cr1_1421,train,images/CR1_1421.JPG,cubit_test_cr1_1427,test,images/CR1_1427.JPG
perceptual_candidate,4,True,cubit_train_cr1_1425,train,images/CR1_1425.JPG,cubit_test_cr1_1790,test,images/CR1_1790.JPG
perceptual_candidate,4,True,cubit_train_cr1_1426,train,images/CR1_1426.JPG,cubit_val_cr1_549,val,images/CR1_549.JPG
perceptual_candidate,4,True,cubit_train_cr1_1450,train,images/CR1_1450.JPG,cubit_test_cr1_1451,test,images/CR1_1451.JPG
perceptual_candidate,4,True,cubit_train_cr1_1455,train,images/CR1_1455.JPG,cubit_test_cr1_781,test,images/CR1_781.JPG
perceptual_candidate,4,True,cubit_train_cr1_1650,train,images/CR1_1650.JPG,cubit_test_cr1_1657,test,images/CR1_1657.JPG
perceptual_candidate,4,True,cubit_train_cr1_1663,train,images/CR1_1663.JPG,cubit_test_cr1_1656,test,images/CR1_1656.JPG
perceptual_candidate,4,True,cubit_train_cr1_1670,train,images/CR1_1670.JPG,cubit_test_cr1_1656,test,images/CR1_1656.JPG
perceptual_candidate,4,True,cubit_train_cr1_1689,train,images/CR1_1689.JPG,cubit_test_cr1_1684,test,images/CR1_1684.JPG
perceptual_candidate,4,True,cubit_train_cr1_1792,train,images/CR1_1792.JPG,cubit_test_cr1_1427,test,images/CR1_1427.JPG
perceptual_candidate,4,True,cubit_train_cr1_2847,train,images/CR1_2847.JPG,cubit_val_cr1_1470,val,images/CR1_1470.JPG
perceptual_candidate,4,True,cubit_train_cr1_3052,train,images/CR1_3052.JPG,cubit_test_cr1_1790,test,images/CR1_1790.JPG
perceptual_candidate,4,True,cubit_train_cr1_341,train,images/CR1_341.JPG,cubit_test_cr1_342,test,images/CR1_342.JPG
perceptual_candidate,4,True,cubit_train_cr1_714,train,images/CR1_714.JPG,cubit_val_cr1_908,val,images/CR1_908.JPG
perceptual_candidate,4,True,cubit_train_cr1_814,train,images/CR1_814.JPG,cubit_test_cr1_852,test,images/CR1_852.JPG
perceptual_candidate,4,True,cubit_train_cr1_853,train,images/CR1_853.JPG,cubit_val_cr1_908,val,images/CR1_908.JPG
perceptual_candidate,4,True,cubit_train_sp0_1114,train,images/SP0_1114.JPG,cubit_val_sp1_1103,val,images/SP1_1103.JPG
perceptual_candidate,4,True,cubit_train_sp0_1115,train,images/SP0_1115.JPG,cubit_val_sp1_1103,val,images/SP1_1103.JPG
perceptual_candidate,4,True,cubit_train_sp0_1124,train,images/SP0_1124.JPG,cubit_test_sp0_1123,test,images/SP0_1123.JPG
perceptual_candidate,4,True,cubit_train_sp0_1188,train,images/SP0_1188.JPG,cubit_test_sp1_1175,test,images/SP1_1175.JPG
perceptual_candidate,4,True,cubit_train_sp0_12,train,images/SP0_12.JPG,cubit_val_sp1_10,val,images/SP1_10.JPG
perceptual_candidate,4,True,cubit_train_sp0_1215,train,images/SP0_1215.JPG,cubit_val_sp1_1203,val,images/SP1_1203.JPG
perceptual_candidate,4,True,cubit_train_sp0_1276,train,images/SP0_1276.JPG,cubit_val_sp1_1266,val,images/SP1_1266.JPG
perceptual_candidate,4,True,cubit_train_sp0_129,train,images/SP0_129.JPG,cubit_val_sp1_123,val,images/SP1_123.JPG
perceptual_candidate,4,True,cubit_train_sp0_1384,train,images/SP0_1384.JPG,cubit_val_sp1_1362,val,images/SP1_1362.JPG
perceptual_candidate,4,True,cubit_train_sp0_1426,train,images/SP0_1426.JPG,cubit_test_sp1_1417,test,images/SP1_1417.JPG
perceptual_candidate,4,True,cubit_train_sp0_1510,train,images/SP0_1510.JPG,cubit_test_sp0_1511,test,images/SP0_1511.JPG
perceptual_candidate,4,True,cubit_train_sp0_1510,train,images/SP0_1510.JPG,cubit_test_sp1_1498,test,images/SP1_1498.JPG
perceptual_candidate,4,True,cubit_train_sp0_1534,train,images/SP0_1534.JPG,cubit_val_sp1_1518,val,images/SP1_1518.JPG
perceptual_candidate,4,True,cubit_train_sp0_155,train,images/SP0_155.JPG,cubit_test_sp0_154,test,images/SP0_154.JPG
perceptual_candidate,4,True,cubit_train_sp0_1642,train,images/SP0_1642.JPG,cubit_val_sp1_1626,val,images/SP1_1626.JPG
perceptual_candidate,4,True,cubit_train_sp0_1672,train,images/SP0_1672.JPG,cubit_test_sp1_1656,test,images/SP1_1656.JPG
perceptual_candidate,4,True,cubit_train_sp0_1673,train,images/SP0_1673.JPG,cubit_test_sp1_1656,test,images/SP1_1656.JPG
perceptual_candidate,4,True,cubit_train_sp0_168,train,images/SP0_168.JPG,cubit_test_sp1_172,test,images/SP1_172.JPG
perceptual_candidate,4,True,cubit_train_sp0_1714,train,images/SP0_1714.JPG,cubit_val_sp1_1697,val,images/SP1_1697.JPG
perceptual_candidate,4,True,cubit_train_sp0_1723,train,images/SP0_1723.JPG,cubit_test_sp1_1716,test,images/SP1_1716.JPG
perceptual_candidate,4,True,cubit_train_sp0_1741,train,images/SP0_1741.JPG,cubit_val_sp1_1725,val,images/SP1_1725.JPG
perceptual_candidate,4,True,cubit_train_sp0_1777,train,images/SP0_1777.JPG,cubit_val_sp1_1772,val,images/SP1_1772.JPG
perceptual_candidate,4,True,cubit_train_sp0_1831,train,images/SP0_1831.JPG,cubit_test_sp1_1822,test,images/SP1_1822.JPG
perceptual_candidate,4,True,cubit_train_sp0_1832,train,images/SP0_1832.JPG,cubit_test_sp1_1822,test,images/SP1_1822.JPG
perceptual_candidate,4,True,cubit_train_sp0_1871,train,images/SP0_1871.JPG,cubit_val_sp1_1861,val,images/SP1_1861.JPG
perceptual_candidate,4,True,cubit_train_sp0_203,train,images/SP0_203.JPG,cubit_test_sp0_204,test,images/SP0_204.JPG
perceptual_candidate,4,True,cubit_train_sp0_236,train,images/SP0_236.JPG,cubit_val_sp0_237,val,images/SP0_237.JPG
perceptual_candidate,4,True,cubit_train_sp0_239,train,images/SP0_239.JPG,cubit_test_sp1_243,test,images/SP1_243.JPG
perceptual_candidate,4,True,cubit_train_sp0_305,train,images/SP0_305.JPG,cubit_test_sp1_312,test,images/SP1_312.JPG
perceptual_candidate,4,True,cubit_train_sp0_408,train,images/SP0_408.JPG,cubit_val_sp1_402,val,images/SP1_402.JPG
perceptual_candidate,4,True,cubit_train_sp0_463,train,images/SP0_463.JPG,cubit_val_sp1_448,val,images/SP1_448.JPG
perceptual_candidate,4,True,cubit_train_sp0_468,train,images/SP0_468.JPG,cubit_test_sp1_462,test,images/SP1_462.JPG
perceptual_candidate,4,True,cubit_train_sp0_712,train,images/SP0_712.JPG,cubit_test_sp1_696,test,images/SP1_696.JPG
perceptual_candidate,4,True,cubit_train_sp0_781,train,images/SP0_781.JPG,cubit_val_sp1_765,val,images/SP1_765.JPG
perceptual_candidate,4,True,cubit_train_sp0_882,train,images/SP0_882.JPG,cubit_val_sp1_862,val,images/SP1_862.JPG
perceptual_candidate,4,True,cubit_train_sp0_906,train,images/SP0_906.JPG,cubit_val_sp1_877,val,images/SP1_877.JPG
perceptual_candidate,4,True,cubit_train_sp1_1005,train,images/SP1_1005.JPG,cubit_test_sp1_1015,test,images/SP1_1015.JPG
perceptual_candidate,4,True,cubit_train_sp1_1029,train,images/SP1_1029.JPG,cubit_test_sp0_1041,test,images/SP0_1041.JPG
perceptual_candidate,4,True,cubit_train_sp1_1105,train,images/SP1_1105.JPG,cubit_test_sp0_1118,test,images/SP0_1118.JPG
perceptual_candidate,4,True,cubit_train_sp1_1255,train,images/SP1_1255.JPG,cubit_val_sp1_1266,val,images/SP1_1266.JPG
perceptual_candidate,4,True,cubit_train_sp1_1265,train,images/SP1_1265.JPG,cubit_val_sp1_1266,val,images/SP1_1266.JPG
perceptual_candidate,4,True,cubit_train_sp1_1272,train,images/SP1_1272.JPG,cubit_val_sp0_1283,val,images/SP0_1283.JPG
perceptual_candidate,4,True,cubit_train_sp1_1289,train,images/SP1_1289.JPG,cubit_val_sp1_1298,val,images/SP1_1298.JPG
perceptual_candidate,4,True,cubit_train_sp1_1315,train,images/SP1_1315.JPG,cubit_val_sp0_1328,val,images/SP0_1328.JPG
perceptual_candidate,4,True,cubit_train_sp1_1327,train,images/SP1_1327.JPG,cubit_test_sp1_1339,test,images/SP1_1339.JPG
perceptual_candidate,4,True,cubit_train_sp1_1327,train,images/SP1_1327.JPG,cubit_val_sp0_1350,val,images/SP0_1350.JPG
perceptual_candidate,4,True,cubit_train_sp1_134,train,images/SP1_134.JPG,cubit_val_sp1_123,val,images/SP1_123.JPG
perceptual_candidate,4,True,cubit_train_sp1_1352,train,images/SP1_1352.JPG,cubit_val_sp0_1328,val,images/SP0_1328.JPG
perceptual_candidate,4,True,cubit_train_sp1_1373,train,images/SP1_1373.JPG,cubit_val_sp1_1362,val,images/SP1_1362.JPG
perceptual_candidate,4,True,cubit_train_sp1_1385,train,images/SP1_1385.JPG,cubit_test_sp0_1398,test,images/SP0_1398.JPG
perceptual_candidate,4,True,cubit_train_sp1_1478,train,images/SP1_1478.JPG,cubit_val_sp0_1484,val,images/SP0_1484.JPG
perceptual_candidate,4,True,cubit_train_sp1_149,train,images/SP1_149.JPG,cubit_test_sp0_151,test,images/SP0_151.JPG
perceptual_candidate,4,True,cubit_train_sp1_1503,train,images/SP1_1503.JPG,cubit_test_sp0_1511,test,images/SP0_1511.JPG
perceptual_candidate,4,True,cubit_train_sp1_1503,train,images/SP1_1503.JPG,cubit_test_sp1_1498,test,images/SP1_1498.JPG
perceptual_candidate,4,True,cubit_train_sp1_1544,train,images/SP1_1544.JPG,cubit_val_sp0_1552,val,images/SP0_1552.JPG
perceptual_candidate,4,True,cubit_train_sp1_1589,train,images/SP1_1589.JPG,cubit_test_sp1_1599,test,images/SP1_1599.JPG
perceptual_candidate,4,True,cubit_train_sp1_160,train,images/SP1_160.JPG,cubit_val_sp1_161,val,images/SP1_161.JPG
perceptual_candidate,4,True,cubit_train_sp1_1648,train,images/SP1_1648.JPG,cubit_val_sp0_1655,val,images/SP0_1655.JPG
perceptual_candidate,4,True,cubit_train_sp1_1666,train,images/SP1_1666.JPG,cubit_test_sp1_1656,test,images/SP1_1656.JPG
perceptual_candidate,4,True,cubit_train_sp1_1667,train,images/SP1_1667.JPG,cubit_test_sp1_1656,test,images/SP1_1656.JPG
perceptual_candidate,4,True,cubit_train_sp1_1708,train,images/SP1_1708.JPG,cubit_val_sp1_1697,val,images/SP1_1697.JPG
perceptual_candidate,4,True,cubit_train_sp1_1730,train,images/SP1_1730.JPG,cubit_val_sp0_1747,val,images/SP0_1747.JPG
perceptual_candidate,4,True,cubit_train_sp1_1735,train,images/SP1_1735.JPG,cubit_val_sp1_1725,val,images/SP1_1725.JPG
perceptual_candidate,4,True,cubit_train_sp1_1771,train,images/SP1_1771.JPG,cubit_val_sp1_1772,val,images/SP1_1772.JPG
perceptual_candidate,4,True,cubit_train_sp1_211,train,images/SP1_211.JPG,cubit_test_sp0_213,test,images/SP0_213.JPG
perceptual_candidate,4,True,cubit_train_sp1_213,train,images/SP1_213.JPG,cubit_val_sp0_217,val,images/SP0_217.JPG
perceptual_candidate,4,True,cubit_train_sp1_252,train,images/SP1_252.JPG,cubit_test_sp0_257,test,images/SP0_257.JPG
perceptual_candidate,4,True,cubit_train_sp1_252,train,images/SP1_252.JPG,cubit_test_sp1_263,test,images/SP1_263.JPG
perceptual_candidate,4,True,cubit_train_sp1_269,train,images/SP1_269.JPG,cubit_test_sp0_262,test,images/SP0_262.JPG
perceptual_candidate,4,True,cubit_train_sp1_289,train,images/SP1_289.JPG,cubit_test_sp1_299,test,images/SP1_299.JPG
perceptual_candidate,4,True,cubit_train_sp1_340,train,images/SP1_340.JPG,cubit_test_sp0_331,test,images/SP0_331.JPG
perceptual_candidate,4,True,cubit_train_sp1_377,train,images/SP1_377.JPG,cubit_val_sp1_387,val,images/SP1_387.JPG
perceptual_candidate,4,True,cubit_train_sp1_463,train,images/SP1_463.JPG,cubit_test_sp1_462,test,images/SP1_462.JPG
perceptual_candidate,4,True,cubit_train_sp1_472,train,images/SP1_472.JPG,cubit_val_sp0_479,val,images/SP0_479.JPG
perceptual_candidate,4,True,cubit_train_sp1_478,train,images/SP1_478.JPG,cubit_test_sp0_485,test,images/SP0_485.JPG
perceptual_candidate,4,True,cubit_train_sp1_482,train,images/SP1_482.JPG,cubit_val_sp0_497,val,images/SP0_497.JPG
perceptual_candidate,4,True,cubit_train_sp1_53,train,images/SP1_53.JPG,cubit_test_sp0_59,test,images/SP0_59.JPG
perceptual_candidate,4,True,cubit_train_sp1_563,train,images/SP1_563.JPG,cubit_val_sp1_553,val,images/SP1_553.JPG
perceptual_candidate,4,True,cubit_train_sp1_678,train,images/SP1_678.JPG,cubit_val_cr1_94,val,images/CR1_94.JPG
perceptual_candidate,4,True,cubit_train_sp1_695,train,images/SP1_695.JPG,cubit_test_sp0_711,test,images/SP0_711.JPG
perceptual_candidate,4,True,cubit_train_sp1_761,train,images/SP1_761.JPG,cubit_test_sp1_771,test,images/SP1_771.JPG
perceptual_candidate,4,True,cubit_train_sp1_764,train,images/SP1_764.JPG,cubit_val_sp1_774,val,images/SP1_774.JPG
perceptual_candidate,4,True,cubit_train_sp1_795,train,images/SP1_795.JPG,cubit_test_sp1_805,test,images/SP1_805.JPG
perceptual_candidate,4,True,cubit_train_sp1_878,train,images/SP1_878.JPG,cubit_test_sp0_907,test,images/SP0_907.JPG
perceptual_candidate,4,True,cubit_train_sp1_880,train,images/SP1_880.JPG,cubit_test_sp0_910,test,images/SP0_910.JPG
perceptual_candidate,4,True,cubit_train_sp1_887,train,images/SP1_887.JPG,cubit_val_sp1_877,val,images/SP1_877.JPG
perceptual_candidate,4,True,cubit_train_sp1_904,train,images/SP1_904.JPG,cubit_test_sp0_925,test,images/SP0_925.JPG
perceptual_candidate,4,True,cubit_train_sp1_939,train,images/SP1_939.JPG,cubit_test_sp0_968,test,images/SP0_968.JPG
perceptual_candidate,4,True,cubit_train_sp1_999,train,images/SP1_999.JPG,cubit_val_sp0_1018,val,images/SP0_1018.JPG
perceptual_candidate,4,True,cubit_val_cr1_857,val,images/CR1_857.JPG,cubit_test_cr1_858,test,images/CR1_858.JPG
perceptual_candidate,4,True,cubit_val_sp1_1023,val,images/SP1_1023.JPG,cubit_test_sp1_1012,test,images/SP1_1012.JPG
perceptual_candidate,4,True,cubit_val_sp1_1359,val,images/SP1_1359.JPG,cubit_test_sp1_1368,test,images/SP1_1368.JPG
perceptual_candidate,4,True,cubit_val_sp1_161,val,images/SP1_161.JPG,cubit_test_sp0_154,test,images/SP0_154.JPG
perceptual_candidate,4,True,cubit_val_sp1_1626,val,images/SP1_1626.JPG,cubit_test_sp1_1636,test,images/SP1_1636.JPG
perceptual_candidate,4,True,cubit_val_sp1_448,val,images/SP1_448.JPG,cubit_test_sp1_458,test,images/SP1_458.JPG
perceptual_candidate,4,True,cubit_val_sp1_553,val,images/SP1_553.JPG,cubit_test_sp0_568,test,images/SP0_568.JPG
perceptual_candidate,4,True,cubit_val_sp1_693,val,images/SP1_693.JPG,cubit_test_cr1_109,test,images/CR1_109.JPG
perceptual_candidate,4,True,cubit_val_sp1_707,val,images/SP1_707.JPG,cubit_test_sp1_696,test,images/SP1_696.JPG
perceptual_candidate,4,True,cubit_val_sp1_765,val,images/SP1_765.JPG,cubit_test_sp1_776,test,images/SP1_776.JPG
perceptual_candidate,6,True,cubit_train_cr1_1004,train,images/CR1_1004.JPG,cubit_test_cr1_343,test,images/CR1_343.JPG
perceptual_candidate,6,True,cubit_train_cr1_1004,train,images/CR1_1004.JPG,cubit_val_cr1_720,val,images/CR1_720.JPG
perceptual_candidate,6,True,cubit_train_cr1_1009,train,images/CR1_1009.JPG,cubit_test_cr1_1720,test,images/CR1_1720.JPG
perceptual_candidate,6,True,cubit_train_cr1_1068,train,images/CR1_1068.JPG,cubit_test_cr1_680,test,images/CR1_680.JPG
perceptual_candidate,6,True,cubit_train_cr1_1074,train,images/CR1_1074.JPG,cubit_test_cr1_1003,test,images/CR1_1003.JPG
perceptual_candidate,6,True,cubit_train_cr1_1074,train,images/CR1_1074.JPG,cubit_test_cr1_1720,test,images/CR1_1720.JPG
perceptual_candidate,6,True,cubit_train_cr1_1074,train,images/CR1_1074.JPG,cubit_test_cr1_343,test,images/CR1_343.JPG
perceptual_candidate,6,True,cubit_train_cr1_1074,train,images/CR1_1074.JPG,cubit_val_cr1_720,val,images/CR1_720.JPG
perceptual_candidate,6,True,cubit_train_cr1_1090,train,images/CR1_1090.JPG,cubit_test_cr1_1003,test,images/CR1_1003.JPG
perceptual_candidate,6,True,cubit_train_cr1_1090,train,images/CR1_1090.JPG,cubit_test_cr1_343,test,images/CR1_343.JPG
perceptual_candidate,6,True,cubit_train_cr1_1245,train,images/CR1_1245.JPG,cubit_val_cr1_908,val,images/CR1_908.JPG
perceptual_candidate,6,True,cubit_train_cr1_1280,train,images/CR1_1280.JPG,cubit_test_cr1_1790,test,images/CR1_1790.JPG
perceptual_candidate,6,True,cubit_train_cr1_1421,train,images/CR1_1421.JPG,cubit_val_cr1_549,val,images/CR1_549.JPG
perceptual_candidate,6,True,cubit_train_cr1_1626,train,images/CR1_1626.JPG,cubit_test_cr1_1656,test,images/CR1_1656.JPG
perceptual_candidate,6,True,cubit_train_cr1_1640,train,images/CR1_1640.JPG,cubit_test_cr1_1656,test,images/CR1_1656.JPG
perceptual_candidate,6,True,cubit_train_cr1_1662,train,images/CR1_1662.JPG,cubit_test_cr1_1656,test,images/CR1_1656.JPG
perceptual_candidate,6,True,cubit_train_cr1_1679,train,images/CR1_1679.JPG,cubit_test_cr1_1684,test,images/CR1_1684.JPG
perceptual_candidate,6,True,cubit_train_cr1_1792,train,images/CR1_1792.JPG,cubit_val_cr1_549,val,images/CR1_549.JPG
perceptual_candidate,6,True,cubit_train_cr1_2092,train,images/CR1_2092.JPG,cubit_val_cr1_2085,val,images/CR1_2085.JPG
perceptual_candidate,6,True,cubit_train_cr1_2216,train,images/CR1_2216.JPG,cubit_test_cr1_2217,test,images/CR1_2217.JPG
perceptual_candidate,6,True,cubit_train_cr1_2601,train,images/CR1_2601.JPG,cubit_test_cr1_2594,test,images/CR1_2594.JPG
perceptual_candidate,6,True,cubit_train_cr1_2808,train,images/CR1_2808.JPG,cubit_val_cr1_2826,val,images/CR1_2826.JPG
perceptual_candidate,6,True,cubit_train_cr1_2821,train,images/CR1_2821.JPG,cubit_val_cr1_2804,val,images/CR1_2804.JPG
perceptual_candidate,6,True,cubit_train_cr1_2833,train,images/CR1_2833.JPG,cubit_test_cr1_2815,test,images/CR1_2815.JPG
perceptual_candidate,6,True,cubit_train_cr1_2873,train,images/CR1_2873.JPG,cubit_test_cr1_824,test,images/CR1_824.JPG
perceptual_candidate,6,True,cubit_train_cr1_293,train,images/CR1_293.JPG,cubit_val_cr1_656,val,images/CR1_656.JPG
perceptual_candidate,6,True,cubit_train_cr1_331,train,images/CR1_331.JPG,cubit_test_cr1_342,test,images/CR1_342.JPG
perceptual_candidate,6,True,cubit_train_cr1_41,train,images/CR1_41.JPG,cubit_test_cr1_42,test,images/CR1_42.JPG
perceptual_candidate,6,True,cubit_train_cr1_454,train,images/CR1_454.JPG,cubit_val_cr1_519,val,images/CR1_519.JPG
perceptual_candidate,6,True,cubit_train_cr1_470,train,images/CR1_470.JPG,cubit_val_cr1_529,val,images/CR1_529.JPG
perceptual_candidate,6,True,cubit_train_cr1_515,train,images/CR1_515.JPG,cubit_test_cr1_966,test,images/CR1_966.JPG
perceptual_candidate,6,True,cubit_train_cr1_525,train,images/CR1_525.JPG,cubit_val_cr1_460,val,images/CR1_460.JPG
perceptual_candidate,6,True,cubit_train_cr1_576,train,images/CR1_576.JPG,cubit_test_cr1_497,test,images/CR1_497.JPG
perceptual_candidate,6,True,cubit_train_cr1_601,train,images/CR1_601.JPG,cubit_test_cr1_3074,test,images/CR1_3074.JPG
perceptual_candidate,6,True,cubit_train_cr1_612,train,images/CR1_612.JPG,cubit_test_cr1_1427,test,images/CR1_1427.JPG
perceptual_candidate,6,True,cubit_train_cr1_652,train,images/CR1_652.JPG,cubit_val_cr1_289,val,images/CR1_289.JPG
perceptual_candidate,6,True,cubit_train_cr1_665,train,images/CR1_665.JPG,cubit_test_cr1_1053,test,images/CR1_1053.JPG
perceptual_candidate,6,True,cubit_train_cr1_699,train,images/CR1_699.JPG,cubit_val_cr1_720,val,images/CR1_720.JPG
perceptual_candidate,6,True,cubit_train_cr1_710,train,images/CR1_710.JPG,cubit_test_cr1_1656,test,images/CR1_1656.JPG
perceptual_candidate,6,True,cubit_train_cr1_835,train,images/CR1_835.JPG,cubit_test_cr1_820,test,images/CR1_820.JPG
perceptual_candidate,6,True,cubit_train_cr1_907,train,images/CR1_907.JPG,cubit_test_cr1_852,test,images/CR1_852.JPG
perceptual_candidate,6,True,cubit_train_cr1_91,train,images/CR1_91.JPG,cubit_val_sp1_675,val,images/SP1_675.JPG
perceptual_candidate,6,True,cubit_train_cr1_98,train,images/CR1_98.JPG,cubit_val_sp1_682,val,images/SP1_682.JPG
perceptual_candidate,6,True,cubit_train_sp0_1067,train,images/SP0_1067.JPG,cubit_val_sp1_1057,val,images/SP1_1057.JPG
perceptual_candidate,6,True,cubit_train_sp0_107,train,images/SP0_107.JPG,cubit_test_sp1_111,test,images/SP1_111.JPG
perceptual_candidate,6,True,cubit_train_sp0_1083,train,images/SP0_1083.JPG,cubit_test_sp1_1070,test,images/SP1_1070.JPG
perceptual_candidate,6,True,cubit_train_sp0_1099,train,images/SP0_1099.JPG,cubit_val_sp1_1089,val,images/SP1_1089.JPG
perceptual_candidate,6,True,cubit_train_sp0_1103,train,images/SP0_1103.JPG,cubit_val_sp0_1102,val,images/SP0_1102.JPG
perceptual_candidate,6,True,cubit_train_sp0_1107,train,images/SP0_1107.JPG,cubit_val_sp0_1108,val,images/SP0_1108.JPG
perceptual_candidate,6,True,cubit_train_sp0_1117,train,images/SP0_1117.JPG,cubit_test_sp1_1104,test,images/SP1_1104.JPG
perceptual_candidate,6,True,cubit_train_sp0_1149,train,images/SP0_1149.JPG,cubit_test_sp1_1137,test,images/SP1_1137.JPG
perceptual_candidate,6,True,cubit_train_sp0_1163,train,images/SP0_1163.JPG,cubit_val_sp1_1159,val,images/SP1_1159.JPG
perceptual_candidate,6,True,cubit_train_sp0_1165,train,images/SP0_1165.JPG,cubit_val_sp1_1155,val,images/SP1_1155.JPG
perceptual_candidate,6,True,cubit_train_sp0_1178,train,images/SP0_1178.JPG,cubit_val_sp1_1167,val,images/SP1_1167.JPG
perceptual_candidate,6,True,cubit_train_sp0_1179,train,images/SP0_1179.JPG,cubit_val_sp1_1167,val,images/SP1_1167.JPG
perceptual_candidate,6,True,cubit_train_sp0_1189,train,images/SP0_1189.JPG,cubit_test_sp1_1175,test,images/SP1_1175.JPG
perceptual_candidate,6,True,cubit_train_sp0_119,train,images/SP0_119.JPG,cubit_test_sp0_120,test,images/SP0_120.JPG
perceptual_candidate,6,True,cubit_train_sp0_1192,train,images/SP0_1192.JPG,cubit_val_sp0_1193,val,images/SP0_1193.JPG
perceptual_candidate,6,True,cubit_train_sp0_1206,train,images/SP0_1206.JPG,cubit_val_sp1_1196,val,images/SP1_1196.JPG
perceptual_candidate,6,True,cubit_train_sp0_1231,train,images/SP0_1231.JPG,cubit_test_sp0_1230,test,images/SP0_1230.JPG
perceptual_candidate,6,True,cubit_train_sp0_1236,train,images/SP0_1236.JPG,cubit_val_sp1_1215,val,images/SP1_1215.JPG
perceptual_candidate,6,True,cubit_train_sp0_1240,train,images/SP0_1240.JPG,cubit_test_sp1_1228,test,images/SP1_1228.JPG
perceptual_candidate,6,True,cubit_train_sp0_1263,train,images/SP0_1263.JPG,cubit_val_sp0_1262,val,images/SP0_1262.JPG
perceptual_candidate,6,True,cubit_train_sp0_1278,train,images/SP0_1278.JPG,cubit_test_sp1_1256,test,images/SP1_1256.JPG
perceptual_candidate,6,True,cubit_train_sp0_1286,train,images/SP0_1286.JPG,cubit_val_sp1_1274,val,images/SP1_1274.JPG
perceptual_candidate,6,True,cubit_train_sp0_1291,train,images/SP0_1291.JPG,cubit_val_sp1_1279,val,images/SP1_1279.JPG
perceptual_candidate,6,True,cubit_train_sp0_13,train,images/SP0_13.JPG,cubit_val_sp1_11,val,images/SP1_11.JPG
perceptual_candidate,6,True,cubit_train_sp0_1301,train,images/SP0_1301.JPG,cubit_val_sp1_1287,val,images/SP1_1287.JPG
perceptual_candidate,6,True,cubit_train_sp0_1308,train,images/SP0_1308.JPG,cubit_val_sp1_1287,val,images/SP1_1287.JPG
perceptual_candidate,6,True,cubit_train_sp0_1321,train,images/SP0_1321.JPG,cubit_val_sp1_1346,val,images/SP1_1346.JPG
perceptual_candidate,6,True,cubit_train_sp0_1322,train,images/SP0_1322.JPG,cubit_val_sp1_1346,val,images/SP1_1346.JPG
perceptual_candidate,6,True,cubit_train_sp0_1329,train,images/SP0_1329.JPG,cubit_val_sp1_1316,val,images/SP1_1316.JPG
perceptual_candidate,6,True,cubit_train_sp0_1345,train,images/SP0_1345.JPG,cubit_val_sp0_1346,val,images/SP0_1346.JPG
perceptual_candidate,6,True,cubit_train_sp0_1345,train,images/SP0_1345.JPG,cubit_val_sp1_1335,val,images/SP1_1335.JPG
perceptual_candidate,6,True,cubit_train_sp0_1349,train,images/SP0_1349.JPG,cubit_test_sp1_1339,test,images/SP1_1339.JPG
perceptual_candidate,6,True,cubit_train_sp0_1349,train,images/SP0_1349.JPG,cubit_val_sp0_1348,val,images/SP0_1348.JPG
perceptual_candidate,6,True,cubit_train_sp0_1349,train,images/SP0_1349.JPG,cubit_val_sp0_1350,val,images/SP0_1350.JPG
perceptual_candidate,6,True,cubit_train_sp0_1351,train,images/SP0_1351.JPG,cubit_val_sp1_1341,val,images/SP1_1341.JPG
perceptual_candidate,6,True,cubit_train_sp0_1368,train,images/SP0_1368.JPG,cubit_val_sp0_1369,val,images/SP0_1369.JPG
perceptual_candidate,6,True,cubit_train_sp0_137,train,images/SP0_137.JPG,cubit_test_sp0_136,test,images/SP0_136.JPG
perceptual_candidate,6,True,cubit_train_sp0_1383,train,images/SP0_1383.JPG,cubit_test_sp1_1361,test,images/SP1_1361.JPG
perceptual_candidate,6,True,cubit_train_sp0_1395,train,images/SP0_1395.JPG,cubit_val_sp0_1394,val,images/SP0_1394.JPG
perceptual_candidate,6,True,cubit_train_sp0_1399,train,images/SP0_1399.JPG,cubit_test_sp0_1398,test,images/SP0_1398.JPG
perceptual_candidate,6,True,cubit_train_sp0_1423,train,images/SP0_1423.JPG,cubit_test_sp0_1422,test,images/SP0_1422.JPG
perceptual_candidate,6,True,cubit_train_sp0_1433,train,images/SP0_1433.JPG,cubit_val_sp0_1434,val,images/SP0_1434.JPG
perceptual_candidate,6,True,cubit_train_sp0_1437,train,images/SP0_1437.JPG,cubit_test_sp1_1421,test,images/SP1_1421.JPG
perceptual_candidate,6,True,cubit_train_sp0_1452,train,images/SP0_1452.JPG,cubit_test_sp1_1445,test,images/SP1_1445.JPG
perceptual_candidate,6,True,cubit_train_sp0_1464,train,images/SP0_1464.JPG,cubit_test_sp1_1455,test,images/SP1_1455.JPG
perceptual_candidate,6,True,cubit_train_sp0_147,train,images/SP0_147.JPG,cubit_val_sp1_161,val,images/SP1_161.JPG
perceptual_candidate,6,True,cubit_train_sp0_1473,train,images/SP0_1473.JPG,cubit_test_sp1_1462,test,images/SP1_1462.JPG
perceptual_candidate,6,True,cubit_train_sp0_1479,train,images/SP0_1479.JPG,cubit_test_sp1_1462,test,images/SP1_1462.JPG
perceptual_candidate,6,True,cubit_train_sp0_1481,train,images/SP0_1481.JPG,cubit_test_sp1_1468,test,images/SP1_1468.JPG
perceptual_candidate,6,True,cubit_train_sp0_1486,train,images/SP0_1486.JPG,cubit_val_sp0_1485,val,images/SP0_1485.JPG
perceptual_candidate,6,True,cubit_train_sp0_1497,train,images/SP0_1497.JPG,cubit_test_sp0_1502,test,images/SP0_1502.JPG
perceptual_candidate,6,True,cubit_train_sp0_1499,train,images/SP0_1499.JPG,cubit_val_sp1_1490,val,images/SP1_1490.JPG
perceptual_candidate,6,True,cubit_train_sp0_1500,train,images/SP0_1500.JPG,cubit_val_sp1_1490,val,images/SP1_1490.JPG
perceptual_candidate,6,True,cubit_train_sp0_1503,train,images/SP0_1503.JPG,cubit_val_sp1_1502,val,images/SP1_1502.JPG
perceptual_candidate,6,True,cubit_train_sp0_1523,train,images/SP0_1523.JPG,cubit_test_sp1_1514,test,images/SP1_1514.JPG
perceptual_candidate,6,True,cubit_train_sp0_1538,train,images/SP0_1538.JPG,cubit_test_sp1_1532,test,images/SP1_1532.JPG
perceptual_candidate,6,True,cubit_train_sp0_1538,train,images/SP0_1538.JPG,cubit_val_sp0_1539,val,images/SP0_1539.JPG
perceptual_candidate,6,True,cubit_train_sp0_1572,train,images/SP0_1572.JPG,cubit_test_sp1_1556,test,images/SP1_1556.JPG
perceptual_candidate,6,True,cubit_train_sp0_1593,train,images/SP0_1593.JPG,cubit_test_sp0_1594,test,images/SP0_1594.JPG
perceptual_candidate,6,True,cubit_train_sp0_1623,train,images/SP0_1623.JPG,cubit_test_sp1_1615,test,images/SP1_1615.JPG
perceptual_candidate,6,True,cubit_train_sp0_1643,train,images/SP0_1643.JPG,cubit_test_sp1_1636,test,images/SP1_1636.JPG
perceptual_candidate,6,True,cubit_train_sp0_166,train,images/SP0_166.JPG,cubit_test_sp1_171,test,images/SP1_171.JPG
perceptual_candidate,6,True,cubit_train_sp0_1694,train,images/SP0_1694.JPG,cubit_test_sp1_1686,test,images/SP1_1686.JPG
perceptual_candidate,6,True,cubit_train_sp0_1704,train,images/SP0_1704.JPG,cubit_val_sp1_1689,val,images/SP1_1689.JPG
perceptual_candidate,6,True,cubit_train_sp0_1713,train,images/SP0_1713.JPG,cubit_val_sp1_1697,val,images/SP1_1697.JPG
perceptual_candidate,6,True,cubit_train_sp0_1720,train,images/SP0_1720.JPG,cubit_test_sp0_1721,test,images/SP0_1721.JPG
perceptual_candidate,6,True,cubit_train_sp0_1745,train,images/SP0_1745.JPG,cubit_val_sp1_1729,val,images/SP1_1729.JPG
perceptual_candidate,6,True,cubit_train_sp0_1748,train,images/SP0_1748.JPG,cubit_test_sp0_1749,test,images/SP0_1749.JPG
perceptual_candidate,6,True,cubit_train_sp0_1756,train,images/SP0_1756.JPG,cubit_test_sp1_1749,test,images/SP1_1749.JPG
perceptual_candidate,6,True,cubit_train_sp0_1761,train,images/SP0_1761.JPG,cubit_test_sp1_1754,test,images/SP1_1754.JPG
perceptual_candidate,6,True,cubit_train_sp0_1775,train,images/SP0_1775.JPG,cubit_val_sp0_1774,val,images/SP0_1774.JPG
perceptual_candidate,6,True,cubit_train_sp0_1785,train,images/SP0_1785.JPG,cubit_val_sp1_1768,val,images/SP1_1768.JPG
perceptual_candidate,6,True,cubit_train_sp0_1796,train,images/SP0_1796.JPG,cubit_test_sp1_1789,test,images/SP1_1789.JPG
perceptual_candidate,6,True,cubit_train_sp0_1797,train,images/SP0_1797.JPG,cubit_test_sp1_1789,test,images/SP1_1789.JPG
perceptual_candidate,6,True,cubit_train_sp0_1809,train,images/SP0_1809.JPG,cubit_val_sp1_1794,val,images/SP1_1794.JPG
perceptual_candidate,6,True,cubit_train_sp0_1840,train,images/SP0_1840.JPG,cubit_test_sp0_1841,test,images/SP0_1841.JPG
perceptual_candidate,6,True,cubit_train_sp0_185,train,images/SP0_185.JPG,cubit_test_sp0_186,test,images/SP0_186.JPG
perceptual_candidate,6,True,cubit_train_sp0_1854,train,images/SP0_1854.JPG,cubit_test_sp0_1853,test,images/SP0_1853.JPG
perceptual_candidate,6,True,cubit_train_sp0_1858,train,images/SP0_1858.JPG,cubit_test_sp1_1850,test,images/SP1_1850.JPG
perceptual_candidate,6,True,cubit_train_sp0_1907,train,images/SP0_1907.JPG,cubit_test_sp0_1906,test,images/SP0_1906.JPG
perceptual_candidate,6,True,cubit_train_sp0_191,train,images/SP0_191.JPG,cubit_val_sp0_190,val,images/SP0_190.JPG
perceptual_candidate,6,True,cubit_train_sp0_192,train,images/SP0_192.JPG,cubit_test_sp0_193,test,images/SP0_193.JPG
perceptual_candidate,6,True,cubit_train_sp0_1924,train,images/SP0_1924.JPG,cubit_val_sp1_1905,val,images/SP1_1905.JPG
perceptual_candidate,6,True,cubit_train_sp0_196,train,images/SP0_196.JPG,cubit_val_sp0_197,val,images/SP0_197.JPG
perceptual_candidate,6,True,cubit_train_sp0_198,train,images/SP0_198.JPG,cubit_val_sp0_197,val,images/SP0_197.JPG
perceptual_candidate,6,True,cubit_train_sp0_205,train,images/SP0_205.JPG,cubit_val_sp1_208,val,images/SP1_208.JPG
perceptual_candidate,6,True,cubit_train_sp0_206,train,images/SP0_206.JPG,cubit_val_sp0_207,val,images/SP0_207.JPG
perceptual_candidate,6,True,cubit_train_sp0_214,train,images/SP0_214.JPG,cubit_test_sp0_213,test,images/SP0_213.JPG
perceptual_candidate,6,True,cubit_train_sp0_220,train,images/SP0_220.JPG,cubit_val_sp1_216,val,images/SP1_216.JPG
perceptual_candidate,6,True,cubit_train_sp0_229,train,images/SP0_229.JPG,cubit_val_sp1_235,val,images/SP1_235.JPG
perceptual_candidate,6,True,cubit_train_sp0_235,train,images/SP0_235.JPG,cubit_val_sp0_234,val,images/SP0_234.JPG
perceptual_candidate,6,True,cubit_train_sp0_240,train,images/SP0_240.JPG,cubit_test_sp1_243,test,images/SP1_243.JPG
perceptual_candidate,6,True,cubit_train_sp0_256,train,images/SP0_256.JPG,cubit_test_sp0_257,test,images/SP0_257.JPG
perceptual_candidate,6,True,cubit_train_sp0_256,train,images/SP0_256.JPG,cubit_test_sp1_263,test,images/SP1_263.JPG
perceptual_candidate,6,True,cubit_train_sp0_258,train,images/SP0_258.JPG,cubit_test_sp0_257,test,images/SP0_257.JPG
perceptual_candidate,6,True,cubit_train_sp0_258,train,images/SP0_258.JPG,cubit_test_sp1_263,test,images/SP1_263.JPG
perceptual_candidate,6,True,cubit_train_sp0_260,train,images/SP0_260.JPG,cubit_test_sp1_267,test,images/SP1_267.JPG
perceptual_candidate,6,True,cubit_train_sp0_270,train,images/SP0_270.JPG,cubit_test_sp1_275,test,images/SP1_275.JPG
perceptual_candidate,6,True,cubit_train_sp0_28,train,images/SP0_28.JPG,cubit_test_sp1_27,test,images/SP1_27.JPG
perceptual_candidate,6,True,cubit_train_sp0_292,train,images/SP0_292.JPG,cubit_test_sp1_300,test,images/SP1_300.JPG
perceptual_candidate,6,True,cubit_train_sp0_304,train,images/SP0_304.JPG,cubit_val_sp0_303,val,images/SP0_303.JPG
perceptual_candidate,6,True,cubit_train_sp0_313,train,images/SP0_313.JPG,cubit_test_sp1_319,test,images/SP1_319.JPG
perceptual_candidate,6,True,cubit_train_sp0_320,train,images/SP0_320.JPG,cubit_test_sp1_319,test,images/SP1_319.JPG
perceptual_candidate,6,True,cubit_train_sp0_321,train,images/SP0_321.JPG,cubit_test_sp1_319,test,images/SP1_319.JPG
perceptual_candidate,6,True,cubit_train_sp0_330,train,images/SP0_330.JPG,cubit_test_sp0_331,test,images/SP0_331.JPG
perceptual_candidate,6,True,cubit_train_sp0_34,train,images/SP0_34.JPG,cubit_test_sp1_23,test,images/SP1_23.JPG
perceptual_candidate,6,True,cubit_train_sp0_35,train,images/SP0_35.JPG,cubit_test_sp1_23,test,images/SP1_23.JPG
perceptual_candidate,6,True,cubit_train_sp0_359,train,images/SP0_359.JPG,cubit_test_sp1_355,test,images/SP1_355.JPG
perceptual_candidate,6,True,cubit_train_sp0_360,train,images/SP0_360.JPG,cubit_val_sp1_354,val,images/SP1_354.JPG
perceptual_candidate,6,True,cubit_train_sp0_374,train,images/SP0_374.JPG,cubit_test_sp0_373,test,images/SP0_373.JPG
perceptual_candidate,6,True,cubit_train_sp0_409,train,images/SP0_409.JPG,cubit_val_sp1_402,val,images/SP1_402.JPG
perceptual_candidate,6,True,cubit_train_sp0_419,train,images/SP0_419.JPG,cubit_val_sp0_418,val,images/SP0_418.JPG
perceptual_candidate,6,True,cubit_train_sp0_430,train,images/SP0_430.JPG,cubit_test_sp1_424,test,images/SP1_424.JPG
perceptual_candidate,6,True,cubit_train_sp0_445,train,images/SP0_445.JPG,cubit_val_sp1_438,val,images/SP1_438.JPG
perceptual_candidate,6,True,cubit_train_sp0_451,train,images/SP0_451.JPG,cubit_val_sp0_452,val,images/SP0_452.JPG
perceptual_candidate,6,True,cubit_train_sp0_461,train,images/SP0_461.JPG,cubit_val_sp0_460,val,images/SP0_460.JPG
perceptual_candidate,6,True,cubit_train_sp0_476,train,images/SP0_476.JPG,cubit_val_sp1_470,val,images/SP1_470.JPG
perceptual_candidate,6,True,cubit_train_sp0_495,train,images/SP0_495.JPG,cubit_test_sp0_494,test,images/SP0_494.JPG
perceptual_candidate,6,True,cubit_train_sp0_503,train,images/SP0_503.JPG,cubit_test_sp1_486,test,images/SP1_486.JPG
perceptual_candidate,6,True,cubit_train_sp0_522,train,images/SP0_522.JPG,cubit_test_sp1_514,test,images/SP1_514.JPG
perceptual_candidate,6,True,cubit_train_sp0_548,train,images/SP0_548.JPG,cubit_val_sp0_547,val,images/SP0_547.JPG
perceptual_candidate,6,True,cubit_train_sp0_548,train,images/SP0_548.JPG,cubit_val_sp1_542,val,images/SP1_542.JPG
perceptual_candidate,6,True,cubit_train_sp0_553,train,images/SP0_553.JPG,cubit_val_sp1_546,val,images/SP1_546.JPG
perceptual_candidate,6,True,cubit_train_sp0_581,train,images/SP0_581.JPG,cubit_test_sp1_576,test,images/SP1_576.JPG
perceptual_candidate,6,True,cubit_train_sp0_582,train,images/SP0_582.JPG,cubit_test_sp1_576,test,images/SP1_576.JPG
perceptual_candidate,6,True,cubit_train_sp0_591,train,images/SP0_591.JPG,cubit_val_sp0_592,val,images/SP0_592.JPG
perceptual_candidate,6,True,cubit_train_sp0_618,train,images/SP0_618.JPG,cubit_test_sp0_619,test,images/SP0_619.JPG
perceptual_candidate,6,True,cubit_train_sp0_62,train,images/SP0_62.JPG,cubit_test_sp1_55,test,images/SP1_55.JPG
perceptual_candidate,6,True,cubit_train_sp0_622,train,images/SP0_622.JPG,cubit_val_sp1_614,val,images/SP1_614.JPG
perceptual_candidate,6,True,cubit_train_sp0_670,train,images/SP0_670.JPG,cubit_test_sp0_671,test,images/SP0_671.JPG
perceptual_candidate,6,True,cubit_train_sp0_670,train,images/SP0_670.JPG,cubit_val_sp1_666,val,images/SP1_666.JPG
perceptual_candidate,6,True,cubit_train_sp0_676,train,images/SP0_676.JPG,cubit_val_sp0_675,val,images/SP0_675.JPG
perceptual_candidate,6,True,cubit_train_sp0_683,train,images/SP0_683.JPG,cubit_val_sp0_684,val,images/SP0_684.JPG
perceptual_candidate,6,True,cubit_train_sp0_691,train,images/SP0_691.JPG,cubit_val_sp0_690,val,images/SP0_690.JPG
perceptual_candidate,6,True,cubit_train_sp0_708,train,images/SP0_708.JPG,cubit_test_cr1_109,test,images/CR1_109.JPG
perceptual_candidate,6,True,cubit_train_sp0_73,train,images/SP0_73.JPG,cubit_val_sp1_77,val,images/SP1_77.JPG
perceptual_candidate,6,True,cubit_train_sp0_734,train,images/SP0_734.JPG,cubit_val_sp1_726,val,images/SP1_726.JPG
perceptual_candidate,6,True,cubit_train_sp0_739,train,images/SP0_739.JPG,cubit_test_sp0_738,test,images/SP0_738.JPG
perceptual_candidate,6,True,cubit_train_sp0_739,train,images/SP0_739.JPG,cubit_val_sp1_733,val,images/SP1_733.JPG
perceptual_candidate,6,True,cubit_train_sp0_74,train,images/SP0_74.JPG,cubit_val_sp1_77,val,images/SP1_77.JPG
perceptual_candidate,6,True,cubit_train_sp0_857,train,images/SP0_857.JPG,cubit_val_sp1_844,val,images/SP1_844.JPG
perceptual_candidate,6,True,cubit_train_sp0_859,train,images/SP0_859.JPG,cubit_test_sp0_858,test,images/SP0_858.JPG
perceptual_candidate,6,True,cubit_train_sp0_886,train,images/SP0_886.JPG,cubit_val_sp1_866,val,images/SP1_866.JPG
perceptual_candidate,6,True,cubit_train_sp0_903,train,images/SP0_903.JPG,cubit_test_sp0_902,test,images/SP0_902.JPG
perceptual_candidate,6,True,cubit_train_sp0_941,train,images/SP0_941.JPG,cubit_test_sp0_942,test,images/SP0_942.JPG
perceptual_candidate,6,True,cubit_train_sp0_955,train,images/SP0_955.JPG,cubit_test_sp0_954,test,images/SP0_954.JPG
perceptual_candidate,6,True,cubit_train_sp0_965,train,images/SP0_965.JPG,cubit_test_sp1_937,test,images/SP1_937.JPG
perceptual_candidate,6,True,cubit_train_sp0_970,train,images/SP0_970.JPG,cubit_test_sp0_969,test,images/SP0_969.JPG
perceptual_candidate,6,True,cubit_train_sp1_1024,train,images/SP1_1024.JPG,cubit_test_sp1_1012,test,images/SP1_1012.JPG
perceptual_candidate,6,True,cubit_train_sp1_1024,train,images/SP1_1024.JPG,cubit_val_sp1_1023,val,images/SP1_1023.JPG
perceptual_candidate,6,True,cubit_train_sp1_1033,train,images/SP1_1033.JPG,cubit_test_sp0_1046,test,images/SP0_1046.JPG
perceptual_candidate,6,True,cubit_train_sp1_1056,train,images/SP1_1056.JPG,cubit_val_sp1_1057,val,images/SP1_1057.JPG
perceptual_candidate,6,True,cubit_train_sp1_1080,train,images/SP1_1080.JPG,cubit_val_sp0_1101,val,images/SP0_1101.JPG
perceptual_candidate,6,True,cubit_train_sp1_1081,train,images/SP1_1081.JPG,cubit_test_sp1_1092,test,images/SP1_1092.JPG
perceptual_candidate,6,True,cubit_train_sp1_1088,train,images/SP1_1088.JPG,cubit_val_sp1_1089,val,images/SP1_1089.JPG
perceptual_candidate,6,True,cubit_train_sp1_1091,train,images/SP1_1091.JPG,cubit_test_sp1_1092,test,images/SP1_1092.JPG
perceptual_candidate,6,True,cubit_train_sp1_1131,train,images/SP1_1131.JPG,cubit_test_sp0_1142,test,images/SP0_1142.JPG
perceptual_candidate,6,True,cubit_train_sp1_1145,train,images/SP1_1145.JPG,cubit_val_sp1_1155,val,images/SP1_1155.JPG
perceptual_candidate,6,True,cubit_train_sp1_1149,train,images/SP1_1149.JPG,cubit_val_sp1_1159,val,images/SP1_1159.JPG
perceptual_candidate,6,True,cubit_train_sp1_1154,train,images/SP1_1154.JPG,cubit_val_sp1_1155,val,images/SP1_1155.JPG
perceptual_candidate,6,True,cubit_train_sp1_1182,train,images/SP1_1182.JPG,cubit_val_sp0_1203,val,images/SP0_1203.JPG
perceptual_candidate,6,True,cubit_train_sp1_1195,train,images/SP1_1195.JPG,cubit_val_sp1_1196,val,images/SP1_1196.JPG
perceptual_candidate,6,True,cubit_train_sp1_1209,train,images/SP1_1209.JPG,cubit_test_sp0_1221,test,images/SP0_1221.JPG
perceptual_candidate,6,True,cubit_train_sp1_1209,train,images/SP1_1209.JPG,cubit_val_sp0_1222,val,images/SP0_1222.JPG
perceptual_candidate,6,True,cubit_train_sp1_1219,train,images/SP1_1219.JPG,cubit_test_sp1_1228,test,images/SP1_1228.JPG
perceptual_candidate,6,True,cubit_train_sp1_122,train,images/SP1_122.JPG,cubit_test_sp1_132,test,images/SP1_132.JPG
perceptual_candidate,6,True,cubit_train_sp1_1225,train,images/SP1_1225.JPG,cubit_val_sp1_1215,val,images/SP1_1215.JPG
perceptual_candidate,6,True,cubit_train_sp1_1229,train,images/SP1_1229.JPG,cubit_test_sp1_1228,test,images/SP1_1228.JPG
perceptual_candidate,6,True,cubit_train_sp1_1249,train,images/SP1_1249.JPG,cubit_test_sp1_1259,test,images/SP1_1259.JPG
perceptual_candidate,6,True,cubit_train_sp1_1267,train,images/SP1_1267.JPG,cubit_test_sp1_1256,test,images/SP1_1256.JPG
perceptual_candidate,6,True,cubit_train_sp1_1271,train,images/SP1_1271.JPG,cubit_test_sp0_1282,test,images/SP0_1282.JPG
perceptual_candidate,6,True,cubit_train_sp1_1277,train,images/SP1_1277.JPG,cubit_test_sp0_1289,test,images/SP0_1289.JPG
perceptual_candidate,6,True,cubit_train_sp1_1297,train,images/SP1_1297.JPG,cubit_val_sp1_1287,val,images/SP1_1287.JPG
perceptual_candidate,6,True,cubit_train_sp1_1322,train,images/SP1_1322.JPG,cubit_val_sp0_1343,val,images/SP0_1343.JPG
perceptual_candidate,6,True,cubit_train_sp1_1323,train,images/SP1_1323.JPG,cubit_val_sp0_1344,val,images/SP0_1344.JPG
perceptual_candidate,6,True,cubit_train_sp1_1323,train,images/SP1_1323.JPG,cubit_val_sp1_1333,val,images/SP1_1333.JPG
perceptual_candidate,6,True,cubit_train_sp1_1325,train,images/SP1_1325.JPG,cubit_val_sp0_1346,val,images/SP0_1346.JPG
perceptual_candidate,6,True,cubit_train_sp1_1325,train,images/SP1_1325.JPG,cubit_val_sp1_1335,val,images/SP1_1335.JPG
perceptual_candidate,6,True,cubit_train_sp1_133,train,images/SP1_133.JPG,cubit_val_sp1_123,val,images/SP1_123.JPG
perceptual_candidate,6,True,cubit_train_sp1_1332,train,images/SP1_1332.JPG,cubit_val_sp1_1358,val,images/SP1_1358.JPG
perceptual_candidate,6,True,cubit_train_sp1_1334,train,images/SP1_1334.JPG,cubit_val_sp0_1346,val,images/SP0_1346.JPG
perceptual_candidate,6,True,cubit_train_sp1_1334,train,images/SP1_1334.JPG,cubit_val_sp1_1335,val,images/SP1_1335.JPG
perceptual_candidate,6,True,cubit_train_sp1_1337,train,images/SP1_1337.JPG,cubit_test_sp1_1338,test,images/SP1_1338.JPG
perceptual_candidate,6,True,cubit_train_sp1_1349,train,images/SP1_1349.JPG,cubit_test_sp0_1362,test,images/SP0_1362.JPG
perceptual_candidate,6,True,cubit_train_sp1_1354,train,images/SP1_1354.JPG,cubit_test_sp0_1367,test,images/SP0_1367.JPG
perceptual_candidate,6,True,cubit_train_sp1_1355,train,images/SP1_1355.JPG,cubit_val_sp0_1369,val,images/SP0_1369.JPG
perceptual_candidate,6,True,cubit_train_sp1_1363,train,images/SP1_1363.JPG,cubit_val_sp0_1385,val,images/SP0_1385.JPG
perceptual_candidate,6,True,cubit_train_sp1_1363,train,images/SP1_1363.JPG,cubit_val_sp1_1374,val,images/SP1_1374.JPG
perceptual_candidate,6,True,cubit_train_sp1_1372,train,images/SP1_1372.JPG,cubit_test_sp1_1361,test,images/SP1_1361.JPG
perceptual_candidate,6,True,cubit_train_sp1_1414,train,images/SP1_1414.JPG,cubit_test_sp0_1422,test,images/SP0_1422.JPG
perceptual_candidate,6,True,cubit_train_sp1_1466,train,images/SP1_1466.JPG,cubit_test_sp1_1462,test,images/SP1_1462.JPG
perceptual_candidate,6,True,cubit_train_sp1_1472,train,images/SP1_1472.JPG,cubit_test_sp1_1462,test,images/SP1_1462.JPG
perceptual_candidate,6,True,cubit_train_sp1_1474,train,images/SP1_1474.JPG,cubit_test_sp1_1468,test,images/SP1_1468.JPG
perceptual_candidate,6,True,cubit_train_sp1_1493,train,images/SP1_1493.JPG,cubit_test_sp1_1498,test,images/SP1_1498.JPG
perceptual_candidate,6,True,cubit_train_sp1_1504,train,images/SP1_1504.JPG,cubit_test_sp1_1498,test,images/SP1_1498.JPG
perceptual_candidate,6,True,cubit_train_sp1_151,train,images/SP1_151.JPG,cubit_test_sp0_154,test,images/SP0_154.JPG
perceptual_candidate,6,True,cubit_train_sp1_151,train,images/SP1_151.JPG,cubit_val_sp1_159,val,images/SP1_159.JPG
perceptual_candidate,6,True,cubit_train_sp1_153,train,images/SP1_153.JPG,cubit_val_sp1_161,val,images/SP1_161.JPG
perceptual_candidate,6,True,cubit_train_sp1_1531,train,images/SP1_1531.JPG,cubit_test_sp1_1532,test,images/SP1_1532.JPG
perceptual_candidate,6,True,cubit_train_sp1_1531,train,images/SP1_1531.JPG,cubit_val_sp0_1539,val,images/SP0_1539.JPG
perceptual_candidate,6,True,cubit_train_sp1_1555,train,images/SP1_1555.JPG,cubit_val_sp1_1565,val,images/SP1_1565.JPG
perceptual_candidate,6,True,cubit_train_sp1_1566,train,images/SP1_1566.JPG,cubit_test_sp1_1556,test,images/SP1_1556.JPG
perceptual_candidate,6,True,cubit_train_sp1_1637,train,images/SP1_1637.JPG,cubit_test_sp1_1636,test,images/SP1_1636.JPG
perceptual_candidate,6,True,cubit_train_sp1_167,train,images/SP1_167.JPG,cubit_test_sp0_163,test,images/SP0_163.JPG
perceptual_candidate,6,True,cubit_train_sp1_167,train,images/SP1_167.JPG,cubit_val_sp0_162,val,images/SP0_162.JPG
perceptual_candidate,6,True,cubit_train_sp1_1691,train,images/SP1_1691.JPG,cubit_val_sp1_1701,val,images/SP1_1701.JPG
perceptual_candidate,6,True,cubit_train_sp1_1707,train,images/SP1_1707.JPG,cubit_val_sp1_1697,val,images/SP1_1697.JPG
perceptual_candidate,6,True,cubit_train_sp1_1714,train,images/SP1_1714.JPG,cubit_test_sp0_1721,test,images/SP0_1721.JPG
perceptual_candidate,6,True,cubit_train_sp1_1727,train,images/SP1_1727.JPG,cubit_test_sp1_1737,test,images/SP1_1737.JPG
perceptual_candidate,6,True,cubit_train_sp1_1731,train,images/SP1_1731.JPG,cubit_test_sp0_1749,test,images/SP0_1749.JPG
perceptual_candidate,6,True,cubit_train_sp1_1731,train,images/SP1_1731.JPG,cubit_test_sp1_1742,test,images/SP1_1742.JPG
perceptual_candidate,6,True,cubit_train_sp1_1740,train,images/SP1_1740.JPG,cubit_val_sp0_1747,val,images/SP0_1747.JPG
perceptual_candidate,6,True,cubit_train_sp1_1741,train,images/SP1_1741.JPG,cubit_test_sp0_1746,test,images/SP0_1746.JPG
perceptual_candidate,6,True,cubit_train_sp1_1743,train,images/SP1_1743.JPG,cubit_test_sp1_1742,test,images/SP1_1742.JPG
perceptual_candidate,6,True,cubit_train_sp1_1752,train,images/SP1_1752.JPG,cubit_test_sp0_1759,test,images/SP0_1759.JPG
perceptual_candidate,6,True,cubit_train_sp1_1769,train,images/SP1_1769.JPG,cubit_val_sp0_1774,val,images/SP0_1774.JPG
perceptual_candidate,6,True,cubit_train_sp1_1779,train,images/SP1_1779.JPG,cubit_val_sp1_1768,val,images/SP1_1768.JPG
perceptual_candidate,6,True,cubit_train_sp1_181,train,images/SP1_181.JPG,cubit_test_sp0_186,test,images/SP0_186.JPG
perceptual_candidate,6,True,cubit_train_sp1_182,train,images/SP1_182.JPG,cubit_test_sp0_186,test,images/SP0_186.JPG
perceptual_candidate,6,True,cubit_train_sp1_1820,train,images/SP1_1820.JPG,cubit_val_sp0_1829,val,images/SP0_1829.JPG
perceptual_candidate,6,True,cubit_train_sp1_1845,train,images/SP1_1845.JPG,cubit_val_sp1_1846,val,images/SP1_1846.JPG
perceptual_candidate,6,True,cubit_train_sp1_1858,train,images/SP1_1858.JPG,cubit_test_sp0_1869,test,images/SP0_1869.JPG
perceptual_candidate,6,True,cubit_train_sp1_1888,train,images/SP1_1888.JPG,cubit_val_sp0_1897,val,images/SP0_1897.JPG
perceptual_candidate,6,True,cubit_train_sp1_1904,train,images/SP1_1904.JPG,cubit_test_sp0_1922,test,images/SP0_1922.JPG
perceptual_candidate,6,True,cubit_train_sp1_191,train,images/SP1_191.JPG,cubit_test_sp0_186,test,images/SP0_186.JPG
perceptual_candidate,6,True,cubit_train_sp1_1916,train,images/SP1_1916.JPG,cubit_val_sp1_1905,val,images/SP1_1905.JPG
perceptual_candidate,6,True,cubit_train_sp1_197,train,images/SP1_197.JPG,cubit_val_sp0_190,val,images/SP0_190.JPG
perceptual_candidate,6,True,cubit_train_sp1_199,train,images/SP1_199.JPG,cubit_test_sp0_193,test,images/SP0_193.JPG
perceptual_candidate,6,True,cubit_train_sp1_213,train,images/SP1_213.JPG,cubit_test_sp0_216,test,images/SP0_216.JPG
perceptual_candidate,6,True,cubit_train_sp1_226,train,images/SP1_226.JPG,cubit_val_sp1_216,val,images/SP1_216.JPG
perceptual_candidate,6,True,cubit_train_sp1_251,train,images/SP1_251.JPG,cubit_test_sp0_255,test,images/SP0_255.JPG
perceptual_candidate,6,True,cubit_train_sp1_253,train,images/SP1_253.JPG,cubit_test_sp0_257,test,images/SP0_257.JPG
perceptual_candidate,6,True,cubit_train_sp1_253,train,images/SP1_253.JPG,cubit_test_sp1_263,test,images/SP1_263.JPG
perceptual_candidate,6,True,cubit_train_sp1_262,train,images/SP1_262.JPG,cubit_test_sp0_257,test,images/SP0_257.JPG
perceptual_candidate,6,True,cubit_train_sp1_262,train,images/SP1_262.JPG,cubit_test_sp1_263,test,images/SP1_263.JPG
perceptual_candidate,6,True,cubit_train_sp1_264,train,images/SP1_264.JPG,cubit_test_sp0_257,test,images/SP0_257.JPG
perceptual_candidate,6,True,cubit_train_sp1_264,train,images/SP1_264.JPG,cubit_test_sp1_263,test,images/SP1_263.JPG
perceptual_candidate,6,True,cubit_train_sp1_266,train,images/SP1_266.JPG,cubit_test_sp1_267,test,images/SP1_267.JPG
perceptual_candidate,6,True,cubit_train_sp1_271,train,images/SP1_271.JPG,cubit_test_sp0_265,test,images/SP0_265.JPG
perceptual_candidate,6,True,cubit_train_sp1_276,train,images/SP1_276.JPG,cubit_test_sp0_271,test,images/SP0_271.JPG
perceptual_candidate,6,True,cubit_train_sp1_28,train,images/SP1_28.JPG,cubit_test_sp1_27,test,images/SP1_27.JPG
perceptual_candidate,6,True,cubit_train_sp1_298,train,images/SP1_298.JPG,cubit_val_sp1_288,val,images/SP1_288.JPG
perceptual_candidate,6,True,cubit_train_sp1_3,train,images/SP1_3.JPG,cubit_test_sp0_3,test,images/SP0_3.JPG
perceptual_candidate,6,True,cubit_train_sp1_301,train,images/SP1_301.JPG,cubit_test_sp1_300,test,images/SP1_300.JPG
perceptual_candidate,6,True,cubit_train_sp1_318,train,images/SP1_318.JPG,cubit_val_sp0_319,val,images/SP0_319.JPG
perceptual_candidate,6,True,cubit_train_sp1_323,train,images/SP1_323.JPG,cubit_test_sp0_325,test,images/SP0_325.JPG
perceptual_candidate,6,True,cubit_train_sp1_329,train,images/SP1_329.JPG,cubit_test_sp1_319,test,images/SP1_319.JPG
perceptual_candidate,6,True,cubit_train_sp1_330,train,images/SP1_330.JPG,cubit_test_sp1_319,test,images/SP1_319.JPG
perceptual_candidate,6,True,cubit_train_sp1_334,train,images/SP1_334.JPG,cubit_test_sp1_324,test,images/SP1_324.JPG
perceptual_candidate,6,True,cubit_train_sp1_348,train,images/SP1_348.JPG,cubit_test_sp0_341,test,images/SP0_341.JPG
perceptual_candidate,6,True,cubit_train_sp1_35,train,images/SP1_35.JPG,cubit_test_sp1_23,test,images/SP1_23.JPG
perceptual_candidate,6,True,cubit_train_sp1_381,train,images/SP1_381.JPG,cubit_test_sp1_392,test,images/SP1_392.JPG
perceptual_candidate,6,True,cubit_train_sp1_382,train,images/SP1_382.JPG,cubit_val_sp0_398,val,images/SP0_398.JPG
perceptual_candidate,6,True,cubit_train_sp1_382,train,images/SP1_382.JPG,cubit_val_sp1_393,val,images/SP1_393.JPG
perceptual_candidate,6,True,cubit_train_sp1_414,train,images/SP1_414.JPG,cubit_test_sp1_424,test,images/SP1_424.JPG
perceptual_candidate,6,True,cubit_train_sp1_425,train,images/SP1_425.JPG,cubit_test_sp1_424,test,images/SP1_424.JPG
perceptual_candidate,6,True,cubit_train_sp1_444,train,images/SP1_444.JPG,cubit_val_sp0_459,val,images/SP0_459.JPG
perceptual_candidate,6,True,cubit_train_sp1_456,train,images/SP1_456.JPG,cubit_val_sp0_460,val,images/SP0_460.JPG
perceptual_candidate,6,True,cubit_train_sp1_457,train,images/SP1_457.JPG,cubit_val_sp1_448,val,images/SP1_448.JPG
perceptual_candidate,6,True,cubit_train_sp1_480,train,images/SP1_480.JPG,cubit_test_sp0_489,test,images/SP0_489.JPG
perceptual_candidate,6,True,cubit_train_sp1_480,train,images/SP1_480.JPG,cubit_val_sp0_496,val,images/SP0_496.JPG
perceptual_candidate,6,True,cubit_train_sp1_490,train,images/SP1_490.JPG,cubit_test_sp0_494,test,images/SP0_494.JPG
perceptual_candidate,6,True,cubit_train_sp1_498,train,images/SP1_498.JPG,cubit_test_sp1_486,test,images/SP1_486.JPG
perceptual_candidate,6,True,cubit_train_sp1_507,train,images/SP1_507.JPG,cubit_test_sp0_513,test,images/SP0_513.JPG
perceptual_candidate,6,True,cubit_train_sp1_552,train,images/SP1_552.JPG,cubit_test_sp1_562,test,images/SP1_562.JPG
perceptual_candidate,6,True,cubit_train_sp1_552,train,images/SP1_552.JPG,cubit_val_sp0_567,val,images/SP0_567.JPG
perceptual_candidate,6,True,cubit_train_sp1_588,train,images/SP1_588.JPG,cubit_test_sp0_602,test,images/SP0_602.JPG
perceptual_candidate,6,True,cubit_train_sp1_588,train,images/SP1_588.JPG,cubit_test_sp0_603,test,images/SP0_603.JPG
perceptual_candidate,6,True,cubit_train_sp1_589,train,images/SP1_589.JPG,cubit_val_sp1_600,val,images/SP1_600.JPG
perceptual_candidate,6,True,cubit_train_sp1_590,train,images/SP1_590.JPG,cubit_val_sp1_600,val,images/SP1_600.JPG
perceptual_candidate,6,True,cubit_train_sp1_591,train,images/SP1_591.JPG,cubit_test_sp1_602,test,images/SP1_602.JPG
perceptual_candidate,6,True,cubit_train_sp1_597,train,images/SP1_597.JPG,cubit_test_sp0_603,test,images/SP0_603.JPG
perceptual_candidate,6,True,cubit_train_sp1_598,train,images/SP1_598.JPG,cubit_test_sp0_602,test,images/SP0_602.JPG
perceptual_candidate,6,True,cubit_train_sp1_612,train,images/SP1_612.JPG,cubit_test_sp0_619,test,images/SP0_619.JPG
perceptual_candidate,6,True,cubit_train_sp1_623,train,images/SP1_623.JPG,cubit_val_sp0_638,val,images/SP0_638.JPG
perceptual_candidate,6,True,cubit_train_sp1_655,train,images/SP1_655.JPG,cubit_test_sp0_671,test,images/SP0_671.JPG
perceptual_candidate,6,True,cubit_train_sp1_655,train,images/SP1_655.JPG,cubit_val_sp1_666,val,images/SP1_666.JPG
perceptual_candidate,6,True,cubit_train_sp1_66,train,images/SP1_66.JPG,cubit_test_sp1_55,test,images/SP1_55.JPG
perceptual_candidate,6,True,cubit_train_sp1_660,train,images/SP1_660.JPG,cubit_val_sp0_675,val,images/SP0_675.JPG
perceptual_candidate,6,True,cubit_train_sp1_671,train,images/SP1_671.JPG,cubit_val_sp0_675,val,images/SP0_675.JPG
perceptual_candidate,6,True,cubit_train_sp1_678,train,images/SP1_678.JPG,cubit_val_sp0_684,val,images/SP0_684.JPG
perceptual_candidate,6,True,cubit_train_sp1_690,train,images/SP1_690.JPG,cubit_val_sp0_705,val,images/SP0_705.JPG
perceptual_candidate,6,True,cubit_train_sp1_690,train,images/SP1_690.JPG,cubit_val_sp1_700,val,images/SP1_700.JPG
perceptual_candidate,6,True,cubit_train_sp1_703,train,images/SP1_703.JPG,cubit_test_cr1_109,test,images/CR1_109.JPG
perceptual_candidate,6,True,cubit_train_sp1_722,train,images/SP1_722.JPG,cubit_val_sp0_729,val,images/SP0_729.JPG
perceptual_candidate,6,True,cubit_train_sp1_731,train,images/SP1_731.JPG,cubit_val_sp1_743,val,images/SP1_743.JPG
perceptual_candidate,6,True,cubit_train_sp1_738,train,images/SP1_738.JPG,cubit_val_sp1_728,val,images/SP1_728.JPG
perceptual_candidate,6,True,cubit_train_sp1_760,train,images/SP1_760.JPG,cubit_test_sp0_768,test,images/SP0_768.JPG
perceptual_candidate,6,True,cubit_train_sp1_883,train,images/SP1_883.JPG,cubit_test_sp1_884,test,images/SP1_884.JPG
perceptual_candidate,6,True,cubit_train_sp1_914,train,images/SP1_914.JPG,cubit_test_sp0_942,test,images/SP0_942.JPG
perceptual_candidate,6,True,cubit_train_sp1_923,train,images/SP1_923.JPG,cubit_test_sp1_922,test,images/SP1_922.JPG
perceptual_candidate,6,True,cubit_train_sp1_936,train,images/SP1_936.JPG,cubit_val_sp0_964,val,images/SP0_964.JPG
perceptual_candidate,6,True,cubit_train_sp1_940,train,images/SP1_940.JPG,cubit_test_sp0_969,test,images/SP0_969.JPG
perceptual_candidate,6,True,cubit_train_sp1_951,train,images/SP1_951.JPG,cubit_test_sp0_969,test,images/SP0_969.JPG
perceptual_candidate,6,True,cubit_train_sp1_993,train,images/SP1_993.JPG,cubit_test_sp0_1011,test,images/SP0_1011.JPG
perceptual_candidate,6,True,cubit_val_cr1_1822,val,images/CR1_1822.JPG,cubit_test_cr1_348,test,images/CR1_348.JPG
perceptual_candidate,6,True,cubit_val_cr1_2848,val,images/CR1_2848.JPG,cubit_test_cr1_1471,test,images/CR1_1471.JPG
perceptual_candidate,6,True,cubit_val_cr1_720,val,images/CR1_720.JPG,cubit_test_cr1_1003,test,images/CR1_1003.JPG
perceptual_candidate,6,True,cubit_val_cr1_720,val,images/CR1_720.JPG,cubit_test_cr1_343,test,images/CR1_343.JPG
perceptual_candidate,6,True,cubit_val_sp0_1102,val,images/SP0_1102.JPG,cubit_test_sp1_1092,test,images/SP1_1092.JPG
perceptual_candidate,6,True,cubit_val_sp0_1348,val,images/SP0_1348.JPG,cubit_test_sp1_1338,test,images/SP1_1338.JPG
perceptual_candidate,6,True,cubit_val_sp0_1350,val,images/SP0_1350.JPG,cubit_test_sp1_1338,test,images/SP1_1338.JPG
perceptual_candidate,6,True,cubit_val_sp0_1494,val,images/SP0_1494.JPG,cubit_test_sp1_1485,test,images/SP1_1485.JPG
perceptual_candidate,6,True,cubit_val_sp0_1561,val,images/SP0_1561.JPG,cubit_test_sp0_1560,test,images/SP0_1560.JPG
perceptual_candidate,6,True,cubit_val_sp0_162,val,images/SP0_162.JPG,cubit_test_sp0_163,test,images/SP0_163.JPG
perceptual_candidate,6,True,cubit_val_sp0_1747,val,images/SP0_1747.JPG,cubit_test_sp0_1746,test,images/SP0_1746.JPG
perceptual_candidate,6,True,cubit_val_sp0_1829,val,images/SP0_1829.JPG,cubit_test_sp0_1828,test,images/SP0_1828.JPG
perceptual_candidate,6,True,cubit_val_sp0_303,val,images/SP0_303.JPG,cubit_test_sp1_311,test,images/SP1_311.JPG
perceptual_candidate,6,True,cubit_val_sp0_786,val,images/SP0_786.JPG,cubit_test_sp1_781,test,images/SP1_781.JPG
perceptual_candidate,6,True,cubit_val_sp1_10,val,images/SP1_10.JPG,cubit_test_sp0_11,test,images/SP0_11.JPG
perceptual_candidate,6,True,cubit_val_sp1_123,val,images/SP1_123.JPG,cubit_test_sp0_128,test,images/SP0_128.JPG
perceptual_candidate,6,True,cubit_val_sp1_1577,val,images/SP1_1577.JPG,cubit_test_sp0_1584,test,images/SP0_1584.JPG
perceptual_candidate,6,True,cubit_val_sp1_1729,val,images/SP1_1729.JPG,cubit_test_sp1_1739,test,images/SP1_1739.JPG
perceptual_candidate,6,True,cubit_val_sp1_1846,val,images/SP1_1846.JPG,cubit_test_sp0_1853,test,images/SP0_1853.JPG
perceptual_candidate,6,True,cubit_val_sp1_1878,val,images/SP1_1878.JPG,cubit_test_sp1_1868,test,images/SP1_1868.JPG
perceptual_candidate,6,True,cubit_val_sp1_208,val,images/SP1_208.JPG,cubit_test_sp0_204,test,images/SP0_204.JPG
perceptual_candidate,6,True,cubit_val_sp1_34,val,images/SP1_34.JPG,cubit_test_sp1_23,test,images/SP1_23.JPG
perceptual_candidate,6,True,cubit_val_sp1_354,val,images/SP1_354.JPG,cubit_test_sp1_355,test,images/SP1_355.JPG
perceptual_candidate,6,True,cubit_val_sp1_448,val,images/SP1_448.JPG,cubit_test_sp0_462,test,images/SP0_462.JPG
perceptual_candidate,6,True,cubit_val_sp1_666,val,images/SP1_666.JPG,cubit_test_sp1_665,test,images/SP1_665.JPG
perceptual_candidate,6,True,cubit_val_sp1_733,val,images/SP1_733.JPG,cubit_test_sp1_734,test,images/SP1_734.JPG
perceptual_candidate,6,True,cubit_val_sp1_867,val,images/SP1_867.JPG,cubit_test_sp0_888,test,images/SP0_888.JPG
perceptual_candidate,6,True,cubit_val_sp1_945,val,images/SP1_945.JPG,cubit_test_sp0_975,test,images/SP0_975.JPG
perceptual_candidate,6,True,cubit_val_sp1_945,val,images/SP1_945.JPG,cubit_test_sp1_956,test,images/SP1_956.JPG
exact_bytes,0,False,cubit_test_sp0_1411,test,images/SP0_1411.JPG,cubit_test_sp1_1404,test,images/SP1_1404.JPG
exact_bytes,0,False,cubit_test_sp0_1446,test,images/SP0_1446.JPG,cubit_test_sp1_1439,test,images/SP1_1439.JPG
exact_bytes,0,False,cubit_test_sp0_1715,test,images/SP0_1715.JPG,cubit_test_sp1_1709,test,images/SP1_1709.JPG
exact_bytes,0,False,cubit_test_sp0_1782,test,images/SP0_1782.JPG,cubit_test_sp1_1776,test,images/SP1_1776.JPG
exact_bytes,0,False,cubit_test_sp0_257,test,images/SP0_257.JPG,cubit_test_sp1_263,test,images/SP1_263.JPG
exact_bytes,0,False,cubit_test_sp0_358,test,images/SP0_358.JPG,cubit_test_sp1_353,test,images/SP1_353.JPG
exact_bytes,0,False,cubit_test_sp0_975,test,images/SP0_975.JPG,cubit_test_sp1_956,test,images/SP1_956.JPG
exact_bytes,0,False,cubit_train_sp0_1000,train,images/SP0_1000.JPG,cubit_train_sp1_985,train,images/SP1_985.JPG
exact_bytes,0,False,cubit_train_sp0_1001,train,images/SP0_1001.JPG,cubit_train_sp1_986,train,images/SP1_986.JPG
exact_bytes,0,False,cubit_train_sp0_1002,train,images/SP0_1002.JPG,cubit_train_sp1_987,train,images/SP1_987.JPG
exact_bytes,0,False,cubit_train_sp0_1005,train,images/SP0_1005.JPG,cubit_train_sp1_989,train,images/SP1_989.JPG
exact_bytes,0,False,cubit_train_sp0_1030,train,images/SP0_1030.JPG,cubit_train_sp1_1014,train,images/SP1_1014.JPG
exact_bytes,0,False,cubit_train_sp0_1032,train,images/SP0_1032.JPG,cubit_train_sp1_1016,train,images/SP1_1016.JPG
exact_bytes,0,False,cubit_train_sp0_1033,train,images/SP0_1033.JPG,cubit_train_sp1_1017,train,images/SP1_1017.JPG
exact_bytes,0,False,cubit_train_sp0_1034,train,images/SP0_1034.JPG,cubit_train_sp1_1018,train,images/SP1_1018.JPG
exact_bytes,0,False,cubit_train_sp0_1035,train,images/SP0_1035.JPG,cubit_train_sp1_1019,train,images/SP1_1019.JPG
exact_bytes,0,False,cubit_train_sp0_1060,train,images/SP0_1060.JPG,cubit_train_sp1_1049,train,images/SP1_1049.JPG
exact_bytes,0,False,cubit_train_sp0_1061,train,images/SP0_1061.JPG,cubit_train_sp1_1050,train,images/SP1_1050.JPG
exact_bytes,0,False,cubit_train_sp0_1062,train,images/SP0_1062.JPG,cubit_train_sp1_1051,train,images/SP1_1051.JPG
exact_bytes,0,False,cubit_train_sp0_1063,train,images/SP0_1063.JPG,cubit_train_sp1_1052,train,images/SP1_1052.JPG
exact_bytes,0,False,cubit_train_sp0_1064,train,images/SP0_1064.JPG,cubit_train_sp1_1053,train,images/SP1_1053.JPG
exact_bytes,0,False,cubit_train_sp0_1065,train,images/SP0_1065.JPG,cubit_train_sp1_1054,train,images/SP1_1054.JPG
exact_bytes,0,False,cubit_train_sp0_1066,train,images/SP0_1066.JPG,cubit_train_sp1_1055,train,images/SP1_1055.JPG
exact_bytes,0,False,cubit_train_sp0_1067,train,images/SP0_1067.JPG,cubit_train_sp1_1056,train,images/SP1_1056.JPG
exact_bytes,0,False,cubit_train_sp0_1069,train,images/SP0_1069.JPG,cubit_train_sp1_1058,train,images/SP1_1058.JPG
exact_bytes,0,False,cubit_train_sp0_1070,train,images/SP0_1070.JPG,cubit_train_sp1_1059,train,images/SP1_1059.JPG
exact_bytes,0,False,cubit_train_sp0_1095,train,images/SP0_1095.JPG,cubit_train_sp1_1084,train,images/SP1_1084.JPG
exact_bytes,0,False,cubit_train_sp0_1096,train,images/SP0_1096.JPG,cubit_train_sp1_1085,train,images/SP1_1085.JPG
exact_bytes,0,False,cubit_train_sp0_1098,train,images/SP0_1098.JPG,cubit_train_sp1_1087,train,images/SP1_1087.JPG
exact_bytes,0,False,cubit_train_sp0_1099,train,images/SP0_1099.JPG,cubit_train_sp1_1088,train,images/SP1_1088.JPG
exact_bytes,0,False,cubit_train_sp0_1104,train,images/SP0_1104.JPG,cubit_train_sp1_1093,train,images/SP1_1093.JPG
exact_bytes,0,False,cubit_train_sp0_1131,train,images/SP0_1131.JPG,cubit_train_sp1_1120,train,images/SP1_1120.JPG
exact_bytes,0,False,cubit_train_sp0_1134,train,images/SP0_1134.JPG,cubit_train_sp1_1123,train,images/SP1_1123.JPG
exact_bytes,0,False,cubit_train_sp0_1135,train,images/SP0_1135.JPG,cubit_train_sp1_1124,train,images/SP1_1124.JPG
exact_bytes,0,False,cubit_train_sp0_1136,train,images/SP0_1136.JPG,cubit_train_sp1_1125,train,images/SP1_1125.JPG
exact_bytes,0,False,cubit_train_sp0_1138,train,images/SP0_1138.JPG,cubit_train_sp1_1127,train,images/SP1_1127.JPG
exact_bytes,0,False,cubit_train_sp0_1140,train,images/SP0_1140.JPG,cubit_train_sp1_1129,train,images/SP1_1129.JPG
exact_bytes,0,False,cubit_train_sp0_1165,train,images/SP0_1165.JPG,cubit_train_sp1_1154,train,images/SP1_1154.JPG
exact_bytes,0,False,cubit_train_sp0_1167,train,images/SP0_1167.JPG,cubit_train_sp1_1156,train,images/SP1_1156.JPG
exact_bytes,0,False,cubit_train_sp0_1169,train,images/SP0_1169.JPG,cubit_train_sp1_1158,train,images/SP1_1158.JPG
exact_bytes,0,False,cubit_train_sp0_1171,train,images/SP0_1171.JPG,cubit_train_sp1_1160,train,images/SP1_1160.JPG
exact_bytes,0,False,cubit_train_sp0_1172,train,images/SP0_1172.JPG,cubit_train_sp1_1161,train,images/SP1_1161.JPG
exact_bytes,0,False,cubit_train_sp0_1173,train,images/SP0_1173.JPG,cubit_train_sp1_1162,train,images/SP1_1162.JPG
exact_bytes,0,False,cubit_train_sp0_1174,train,images/SP0_1174.JPG,cubit_train_sp1_1163,train,images/SP1_1163.JPG
exact_bytes,0,False,cubit_train_sp0_1175,train,images/SP0_1175.JPG,cubit_train_sp1_1164,train,images/SP1_1164.JPG
exact_bytes,0,False,cubit_train_sp0_1200,train,images/SP0_1200.JPG,cubit_train_sp1_1189,train,images/SP1_1189.JPG
exact_bytes,0,False,cubit_train_sp0_1201,train,images/SP0_1201.JPG,cubit_train_sp1_1190,train,images/SP1_1190.JPG
exact_bytes,0,False,cubit_train_sp0_1202,train,images/SP0_1202.JPG,cubit_train_sp1_1191,train,images/SP1_1191.JPG
exact_bytes,0,False,cubit_train_sp0_1205,train,images/SP0_1205.JPG,cubit_train_sp1_1194,train,images/SP1_1194.JPG
exact_bytes,0,False,cubit_train_sp0_1206,train,images/SP0_1206.JPG,cubit_train_sp1_1195,train,images/SP1_1195.JPG
exact_bytes,0,False,cubit_train_sp0_1208,train,images/SP0_1208.JPG,cubit_train_sp1_1197,train,images/SP1_1197.JPG
exact_bytes,0,False,cubit_train_sp0_1210,train,images/SP0_1210.JPG,cubit_train_sp1_1199,train,images/SP1_1199.JPG
exact_bytes,0,False,cubit_train_sp0_122,train,images/SP0_122.JPG,cubit_train_sp1_127,train,images/SP1_127.JPG
exact_bytes,0,False,cubit_train_sp0_123,train,images/SP0_123.JPG,cubit_train_sp1_128,train,images/SP1_128.JPG
exact_bytes,0,False,cubit_train_sp0_1235,train,images/SP0_1235.JPG,cubit_train_sp1_1224,train,images/SP1_1224.JPG
exact_bytes,0,False,cubit_train_sp0_1236,train,images/SP0_1236.JPG,cubit_train_sp1_1225,train,images/SP1_1225.JPG
exact_bytes,0,False,cubit_train_sp0_1237,train,images/SP0_1237.JPG,cubit_train_sp1_1226,train,images/SP1_1226.JPG
exact_bytes,0,False,cubit_train_sp0_1238,train,images/SP0_1238.JPG,cubit_train_sp1_1227,train,images/SP1_1227.JPG
exact_bytes,0,False,cubit_train_sp0_124,train,images/SP0_124.JPG,cubit_train_sp1_129,train,images/SP1_129.JPG
exact_bytes,0,False,cubit_train_sp0_1240,train,images/SP0_1240.JPG,cubit_train_sp1_1229,train,images/SP1_1229.JPG
exact_bytes,0,False,cubit_train_sp0_1243,train,images/SP0_1243.JPG,cubit_train_sp1_1232,train,images/SP1_1232.JPG
exact_bytes,0,False,cubit_train_sp0_1244,train,images/SP0_1244.JPG,cubit_train_sp1_1233,train,images/SP1_1233.JPG
exact_bytes,0,False,cubit_train_sp0_1245,train,images/SP0_1245.JPG,cubit_train_sp1_1234,train,images/SP1_1234.JPG
exact_bytes,0,False,cubit_train_sp0_125,train,images/SP0_125.JPG,cubit_train_sp1_130,train,images/SP1_130.JPG
exact_bytes,0,False,cubit_train_sp0_126,train,images/SP0_126.JPG,cubit_train_sp1_131,train,images/SP1_131.JPG
exact_bytes,0,False,cubit_train_sp0_1274,train,images/SP0_1274.JPG,cubit_train_sp1_1263,train,images/SP1_1263.JPG
exact_bytes,0,False,cubit_train_sp0_1276,train,images/SP0_1276.JPG,cubit_train_sp1_1265,train,images/SP1_1265.JPG
exact_bytes,0,False,cubit_train_sp0_1278,train,images/SP0_1278.JPG,cubit_train_sp1_1267,train,images/SP1_1267.JPG
exact_bytes,0,False,cubit_train_sp0_1279,train,images/SP0_1279.JPG,cubit_train_sp1_1268,train,images/SP1_1268.JPG
exact_bytes,0,False,cubit_train_sp0_1280,train,images/SP0_1280.JPG,cubit_train_sp1_1269,train,images/SP1_1269.JPG
exact_bytes,0,False,cubit_train_sp0_129,train,images/SP0_129.JPG,cubit_train_sp1_134,train,images/SP1_134.JPG
exact_bytes,0,False,cubit_train_sp0_130,train,images/SP0_130.JPG,cubit_train_sp1_135,train,images/SP1_135.JPG
exact_bytes,0,False,cubit_train_sp0_1305,train,images/SP0_1305.JPG,cubit_train_sp1_1294,train,images/SP1_1294.JPG
exact_bytes,0,False,cubit_train_sp0_1306,train,images/SP0_1306.JPG,cubit_train_sp1_1295,train,images/SP1_1295.JPG
exact_bytes,0,False,cubit_train_sp0_1307,train,images/SP0_1307.JPG,cubit_train_sp1_1296,train,images/SP1_1296.JPG
exact_bytes,0,False,cubit_train_sp0_1308,train,images/SP0_1308.JPG,cubit_train_sp1_1297,train,images/SP1_1297.JPG
exact_bytes,0,False,cubit_train_sp0_131,train,images/SP0_131.JPG,cubit_train_sp1_136,train,images/SP1_136.JPG
exact_bytes,0,False,cubit_train_sp0_1310,train,images/SP0_1310.JPG,cubit_train_sp1_1299,train,images/SP1_1299.JPG
exact_bytes,0,False,cubit_train_sp0_1311,train,images/SP0_1311.JPG,cubit_train_sp1_1300,train,images/SP1_1300.JPG
exact_bytes,0,False,cubit_train_sp0_1312,train,images/SP0_1312.JPG,cubit_train_sp1_1301,train,images/SP1_1301.JPG
exact_bytes,0,False,cubit_train_sp0_1313,train,images/SP0_1313.JPG,cubit_train_sp1_1302,train,images/SP1_1302.JPG
exact_bytes,0,False,cubit_train_sp0_1315,train,images/SP0_1315.JPG,cubit_train_sp1_1304,train,images/SP1_1304.JPG
exact_bytes,0,False,cubit_train_sp0_132,train,images/SP0_132.JPG,cubit_train_sp1_137,train,images/SP1_137.JPG
exact_bytes,0,False,cubit_train_sp0_1340,train,images/SP0_1340.JPG,cubit_train_sp1_1329,train,images/SP1_1329.JPG
exact_bytes,0,False,cubit_train_sp0_1341,train,images/SP0_1341.JPG,cubit_train_sp1_1330,train,images/SP1_1330.JPG
exact_bytes,0,False,cubit_train_sp0_1342,train,images/SP0_1342.JPG,cubit_train_sp1_1331,train,images/SP1_1331.JPG
exact_bytes,0,False,cubit_train_sp0_1345,train,images/SP0_1345.JPG,cubit_train_sp1_1334,train,images/SP1_1334.JPG
exact_bytes,0,False,cubit_train_sp0_1375,train,images/SP0_1375.JPG,cubit_train_sp1_1364,train,images/SP1_1364.JPG
exact_bytes,0,False,cubit_train_sp0_1376,train,images/SP0_1376.JPG,cubit_train_sp1_1365,train,images/SP1_1365.JPG
exact_bytes,0,False,cubit_train_sp0_1377,train,images/SP0_1377.JPG,cubit_train_sp1_1366,train,images/SP1_1366.JPG
exact_bytes,0,False,cubit_train_sp0_1381,train,images/SP0_1381.JPG,cubit_train_sp1_1370,train,images/SP1_1370.JPG
exact_bytes,0,False,cubit_train_sp0_1383,train,images/SP0_1383.JPG,cubit_train_sp1_1372,train,images/SP1_1372.JPG
exact_bytes,0,False,cubit_train_sp0_1384,train,images/SP0_1384.JPG,cubit_train_sp1_1373,train,images/SP1_1373.JPG
exact_bytes,0,False,cubit_train_sp0_1404,train,images/SP0_1404.JPG,cubit_train_sp1_1397,train,images/SP1_1397.JPG
exact_bytes,0,False,cubit_train_sp0_1405,train,images/SP0_1405.JPG,cubit_train_sp1_1398,train,images/SP1_1398.JPG
exact_bytes,0,False,cubit_train_sp0_1407,train,images/SP0_1407.JPG,cubit_train_sp1_1400,train,images/SP1_1400.JPG
exact_bytes,0,False,cubit_train_sp0_1408,train,images/SP0_1408.JPG,cubit_train_sp1_1401,train,images/SP1_1401.JPG
exact_bytes,0,False,cubit_train_sp0_1409,train,images/SP0_1409.JPG,cubit_train_sp1_1402,train,images/SP1_1402.JPG
exact_bytes,0,False,cubit_train_sp0_1410,train,images/SP0_1410.JPG,cubit_train_sp1_1403,train,images/SP1_1403.JPG
exact_bytes,0,False,cubit_train_sp0_1438,train,images/SP0_1438.JPG,cubit_train_sp1_1431,train,images/SP1_1431.JPG
exact_bytes,0,False,cubit_train_sp0_1439,train,images/SP0_1439.JPG,cubit_train_sp1_1432,train,images/SP1_1432.JPG
exact_bytes,0,False,cubit_train_sp0_1442,train,images/SP0_1442.JPG,cubit_train_sp1_1435,train,images/SP1_1435.JPG
exact_bytes,0,False,cubit_train_sp0_1445,train,images/SP0_1445.JPG,cubit_train_sp1_1438,train,images/SP1_1438.JPG
exact_bytes,0,False,cubit_train_sp0_1447,train,images/SP0_1447.JPG,cubit_train_sp1_1440,train,images/SP1_1440.JPG
exact_bytes,0,False,cubit_train_sp0_1448,train,images/SP0_1448.JPG,cubit_train_sp1_1441,train,images/SP1_1441.JPG
exact_bytes,0,False,cubit_train_sp0_146,train,images/SP0_146.JPG,cubit_train_sp1_152,train,images/SP1_152.JPG
exact_bytes,0,False,cubit_train_sp0_147,train,images/SP0_147.JPG,cubit_train_sp1_153,train,images/SP1_153.JPG
exact_bytes,0,False,cubit_train_sp0_1473,train,images/SP0_1473.JPG,cubit_train_sp1_1466,train,images/SP1_1466.JPG
exact_bytes,0,False,cubit_train_sp0_1474,train,images/SP0_1474.JPG,cubit_train_sp1_1467,train,images/SP1_1467.JPG
exact_bytes,0,False,cubit_train_sp0_1476,train,images/SP0_1476.JPG,cubit_train_sp1_1469,train,images/SP1_1469.JPG
exact_bytes,0,False,cubit_train_sp0_1477,train,images/SP0_1477.JPG,cubit_train_sp1_1470,train,images/SP1_1470.JPG
exact_bytes,0,False,cubit_train_sp0_1478,train,images/SP0_1478.JPG,cubit_train_sp1_1471,train,images/SP1_1471.JPG
exact_bytes,0,False,cubit_train_sp0_1479,train,images/SP0_1479.JPG,cubit_train_sp1_1472,train,images/SP1_1472.JPG
exact_bytes,0,False,cubit_train_sp0_1480,train,images/SP0_1480.JPG,cubit_train_sp1_1473,train,images/SP1_1473.JPG
exact_bytes,0,False,cubit_train_sp0_1481,train,images/SP0_1481.JPG,cubit_train_sp1_1474,train,images/SP1_1474.JPG
exact_bytes,0,False,cubit_train_sp0_1482,train,images/SP0_1482.JPG,cubit_train_sp1_1475,train,images/SP1_1475.JPG
exact_bytes,0,False,cubit_train_sp0_1483,train,images/SP0_1483.JPG,cubit_train_sp1_1476,train,images/SP1_1476.JPG
exact_bytes,0,False,cubit_train_sp0_150,train,images/SP0_150.JPG,cubit_train_sp1_156,train,images/SP1_156.JPG
exact_bytes,0,False,cubit_train_sp0_1508,train,images/SP0_1508.JPG,cubit_train_sp1_1501,train,images/SP1_1501.JPG
exact_bytes,0,False,cubit_train_sp0_1510,train,images/SP0_1510.JPG,cubit_train_sp1_1503,train,images/SP1_1503.JPG
exact_bytes,0,False,cubit_train_sp0_152,train,images/SP0_152.JPG,cubit_train_sp1_158,train,images/SP1_158.JPG
exact_bytes,0,False,cubit_train_sp0_1536,train,images/SP0_1536.JPG,cubit_train_sp1_1529,train,images/SP1_1529.JPG
exact_bytes,0,False,cubit_train_sp0_1537,train,images/SP0_1537.JPG,cubit_train_sp1_1530,train,images/SP1_1530.JPG
exact_bytes,0,False,cubit_train_sp0_1538,train,images/SP0_1538.JPG,cubit_train_sp1_1531,train,images/SP1_1531.JPG
exact_bytes,0,False,cubit_train_sp0_1540,train,images/SP0_1540.JPG,cubit_train_sp1_1533,train,images/SP1_1533.JPG
exact_bytes,0,False,cubit_train_sp0_1541,train,images/SP0_1541.JPG,cubit_train_sp1_1534,train,images/SP1_1534.JPG
exact_bytes,0,False,cubit_train_sp0_1544,train,images/SP0_1544.JPG,cubit_train_sp1_1537,train,images/SP1_1537.JPG
exact_bytes,0,False,cubit_train_sp0_1546,train,images/SP0_1546.JPG,cubit_train_sp1_1539,train,images/SP1_1539.JPG
exact_bytes,0,False,cubit_train_sp0_156,train,images/SP0_156.JPG,cubit_train_sp1_162,train,images/SP1_162.JPG
exact_bytes,0,False,cubit_train_sp0_1566,train,images/SP0_1566.JPG,cubit_train_sp1_1560,train,images/SP1_1560.JPG
exact_bytes,0,False,cubit_train_sp0_1567,train,images/SP0_1567.JPG,cubit_train_sp1_1561,train,images/SP1_1561.JPG
exact_bytes,0,False,cubit_train_sp0_1568,train,images/SP0_1568.JPG,cubit_train_sp1_1562,train,images/SP1_1562.JPG
exact_bytes,0,False,cubit_train_sp0_1572,train,images/SP0_1572.JPG,cubit_train_sp1_1566,train,images/SP1_1566.JPG
exact_bytes,0,False,cubit_train_sp0_1574,train,images/SP0_1574.JPG,cubit_train_sp1_1568,train,images/SP1_1568.JPG
exact_bytes,0,False,cubit_train_sp0_1575,train,images/SP0_1575.JPG,cubit_train_sp1_1569,train,images/SP1_1569.JPG
exact_bytes,0,False,cubit_train_sp0_1600,train,images/SP0_1600.JPG,cubit_train_sp1_1594,train,images/SP1_1594.JPG
exact_bytes,0,False,cubit_train_sp0_1601,train,images/SP0_1601.JPG,cubit_train_sp1_1595,train,images/SP1_1595.JPG
exact_bytes,0,False,cubit_train_sp0_1602,train,images/SP0_1602.JPG,cubit_train_sp1_1596,train,images/SP1_1596.JPG
exact_bytes,0,False,cubit_train_sp0_1607,train,images/SP0_1607.JPG,cubit_train_sp1_1601,train,images/SP1_1601.JPG
exact_bytes,0,False,cubit_train_sp0_1608,train,images/SP0_1608.JPG,cubit_train_sp1_1602,train,images/SP1_1602.JPG
exact_bytes,0,False,cubit_train_sp0_1635,train,images/SP0_1635.JPG,cubit_train_sp1_1629,train,images/SP1_1629.JPG
exact_bytes,0,False,cubit_train_sp0_1636,train,images/SP0_1636.JPG,cubit_train_sp1_1630,train,images/SP1_1630.JPG
exact_bytes,0,False,cubit_train_sp0_1637,train,images/SP0_1637.JPG,cubit_train_sp1_1631,train,images/SP1_1631.JPG
exact_bytes,0,False,cubit_train_sp0_1638,train,images/SP0_1638.JPG,cubit_train_sp1_1632,train,images/SP1_1632.JPG
exact_bytes,0,False,cubit_train_sp0_1641,train,images/SP0_1641.JPG,cubit_train_sp1_1635,train,images/SP1_1635.JPG
exact_bytes,0,False,cubit_train_sp0_1643,train,images/SP0_1643.JPG,cubit_train_sp1_1637,train,images/SP1_1637.JPG
exact_bytes,0,False,cubit_train_sp0_1644,train,images/SP0_1644.JPG,cubit_train_sp1_1638,train,images/SP1_1638.JPG
exact_bytes,0,False,cubit_train_sp0_1645,train,images/SP0_1645.JPG,cubit_train_sp1_1639,train,images/SP1_1639.JPG
exact_bytes,0,False,cubit_train_sp0_1670,train,images/SP0_1670.JPG,cubit_train_sp1_1664,train,images/SP1_1664.JPG
exact_bytes,0,False,cubit_train_sp0_1671,train,images/SP0_1671.JPG,cubit_train_sp1_1665,train,images/SP1_1665.JPG
exact_bytes,0,False,cubit_train_sp0_1672,train,images/SP0_1672.JPG,cubit_train_sp1_1666,train,images/SP1_1666.JPG
exact_bytes,0,False,cubit_train_sp0_1673,train,images/SP0_1673.JPG,cubit_train_sp1_1667,train,images/SP1_1667.JPG
exact_bytes,0,False,cubit_train_sp0_1675,train,images/SP0_1675.JPG,cubit_train_sp1_1669,train,images/SP1_1669.JPG
exact_bytes,0,False,cubit_train_sp0_1676,train,images/SP0_1676.JPG,cubit_train_sp1_1670,train,images/SP1_1670.JPG
exact_bytes,0,False,cubit_train_sp0_1705,train,images/SP0_1705.JPG,cubit_train_sp1_1699,train,images/SP1_1699.JPG
exact_bytes,0,False,cubit_train_sp0_1706,train,images/SP0_1706.JPG,cubit_train_sp1_1700,train,images/SP1_1700.JPG
exact_bytes,0,False,cubit_train_sp0_1708,train,images/SP0_1708.JPG,cubit_train_sp1_1702,train,images/SP1_1702.JPG
exact_bytes,0,False,cubit_train_sp0_1709,train,images/SP0_1709.JPG,cubit_train_sp1_1703,train,images/SP1_1703.JPG
exact_bytes,0,False,cubit_train_sp0_1710,train,images/SP0_1710.JPG,cubit_train_sp1_1704,train,images/SP1_1704.JPG
exact_bytes,0,False,cubit_train_sp0_1711,train,images/SP0_1711.JPG,cubit_train_sp1_1705,train,images/SP1_1705.JPG
exact_bytes,0,False,cubit_train_sp0_1712,train,images/SP0_1712.JPG,cubit_train_sp1_1706,train,images/SP1_1706.JPG
exact_bytes,0,False,cubit_train_sp0_1713,train,images/SP0_1713.JPG,cubit_train_sp1_1707,train,images/SP1_1707.JPG
exact_bytes,0,False,cubit_train_sp0_1714,train,images/SP0_1714.JPG,cubit_train_sp1_1708,train,images/SP1_1708.JPG
exact_bytes,0,False,cubit_train_sp0_1740,train,images/SP0_1740.JPG,cubit_train_sp1_1734,train,images/SP1_1734.JPG
exact_bytes,0,False,cubit_train_sp0_1741,train,images/SP0_1741.JPG,cubit_train_sp1_1735,train,images/SP1_1735.JPG
exact_bytes,0,False,cubit_train_sp0_1742,train,images/SP0_1742.JPG,cubit_train_sp1_1736,train,images/SP1_1736.JPG
exact_bytes,0,False,cubit_train_sp0_1744,train,images/SP0_1744.JPG,cubit_train_sp1_1738,train,images/SP1_1738.JPG
exact_bytes,0,False,cubit_train_sp0_1750,train,images/SP0_1750.JPG,cubit_train_sp1_1744,train,images/SP1_1744.JPG
exact_bytes,0,False,cubit_train_sp0_1775,train,images/SP0_1775.JPG,cubit_train_sp1_1769,train,images/SP1_1769.JPG
exact_bytes,0,False,cubit_train_sp0_1777,train,images/SP0_1777.JPG,cubit_train_sp1_1771,train,images/SP1_1771.JPG
exact_bytes,0,False,cubit_train_sp0_1779,train,images/SP0_1779.JPG,cubit_train_sp1_1773,train,images/SP1_1773.JPG
exact_bytes,0,False,cubit_train_sp0_1780,train,images/SP0_1780.JPG,cubit_train_sp1_1774,train,images/SP1_1774.JPG
exact_bytes,0,False,cubit_train_sp0_1784,train,images/SP0_1784.JPG,cubit_train_sp1_1778,train,images/SP1_1778.JPG
exact_bytes,0,False,cubit_train_sp0_1785,train,images/SP0_1785.JPG,cubit_train_sp1_1779,train,images/SP1_1779.JPG
exact_bytes,0,False,cubit_train_sp0_1812,train,images/SP0_1812.JPG,cubit_train_sp1_1806,train,images/SP1_1806.JPG
exact_bytes,0,False,cubit_train_sp0_1814,train,images/SP0_1814.JPG,cubit_train_sp1_1808,train,images/SP1_1808.JPG
exact_bytes,0,False,cubit_train_sp0_1817,train,images/SP0_1817.JPG,cubit_train_sp1_1809,train,images/SP1_1809.JPG
exact_bytes,0,False,cubit_train_sp0_1818,train,images/SP0_1818.JPG,cubit_train_sp1_1810,train,images/SP1_1810.JPG
exact_bytes,0,False,cubit_train_sp0_1819,train,images/SP0_1819.JPG,cubit_train_sp1_1811,train,images/SP1_1811.JPG
exact_bytes,0,False,cubit_train_sp0_182,train,images/SP0_182.JPG,cubit_train_sp1_188,train,images/SP1_188.JPG
exact_bytes,0,False,cubit_train_sp0_1820,train,images/SP0_1820.JPG,cubit_train_sp1_1812,train,images/SP1_1812.JPG
exact_bytes,0,False,cubit_train_sp0_183,train,images/SP0_183.JPG,cubit_train_sp1_189,train,images/SP1_189.JPG
exact_bytes,0,False,cubit_train_sp0_1845,train,images/SP0_1845.JPG,cubit_train_sp1_1837,train,images/SP1_1837.JPG
exact_bytes,0,False,cubit_train_sp0_1846,train,images/SP0_1846.JPG,cubit_train_sp1_1838,train,images/SP1_1838.JPG
exact_bytes,0,False,cubit_train_sp0_1849,train,images/SP0_1849.JPG,cubit_train_sp1_1841,train,images/SP1_1841.JPG
exact_bytes,0,False,cubit_train_sp0_185,train,images/SP0_185.JPG,cubit_train_sp1_191,train,images/SP1_191.JPG
exact_bytes,0,False,cubit_train_sp0_1850,train,images/SP0_1850.JPG,cubit_train_sp1_1842,train,images/SP1_1842.JPG
exact_bytes,0,False,cubit_train_sp0_1852,train,images/SP0_1852.JPG,cubit_train_sp1_1844,train,images/SP1_1844.JPG
exact_bytes,0,False,cubit_train_sp0_1883,train,images/SP0_1883.JPG,cubit_train_sp1_1875,train,images/SP1_1875.JPG
exact_bytes,0,False,cubit_train_sp0_1884,train,images/SP0_1884.JPG,cubit_train_sp1_1876,train,images/SP1_1876.JPG
exact_bytes,0,False,cubit_train_sp0_1885,train,images/SP0_1885.JPG,cubit_train_sp1_1877,train,images/SP1_1877.JPG
exact_bytes,0,False,cubit_train_sp0_1888,train,images/SP0_1888.JPG,cubit_train_sp1_1880,train,images/SP1_1880.JPG
exact_bytes,0,False,cubit_train_sp0_189,train,images/SP0_189.JPG,cubit_train_sp1_195,train,images/SP1_195.JPG
exact_bytes,0,False,cubit_train_sp0_1890,train,images/SP0_1890.JPG,cubit_train_sp1_1882,train,images/SP1_1882.JPG
exact_bytes,0,False,cubit_train_sp0_191,train,images/SP0_191.JPG,cubit_train_sp1_197,train,images/SP1_197.JPG
exact_bytes,0,False,cubit_train_sp0_1915,train,images/SP0_1915.JPG,cubit_train_sp1_1907,train,images/SP1_1907.JPG
exact_bytes,0,False,cubit_train_sp0_1916,train,images/SP0_1916.JPG,cubit_train_sp1_1908,train,images/SP1_1908.JPG
exact_bytes,0,False,cubit_train_sp0_1917,train,images/SP0_1917.JPG,cubit_train_sp1_1909,train,images/SP1_1909.JPG
exact_bytes,0,False,cubit_train_sp0_1918,train,images/SP0_1918.JPG,cubit_train_sp1_1910,train,images/SP1_1910.JPG
exact_bytes,0,False,cubit_train_sp0_1919,train,images/SP0_1919.JPG,cubit_train_sp1_1911,train,images/SP1_1911.JPG
exact_bytes,0,False,cubit_train_sp0_1920,train,images/SP0_1920.JPG,cubit_train_sp1_1912,train,images/SP1_1912.JPG
exact_bytes,0,False,cubit_train_sp0_1921,train,images/SP0_1921.JPG,cubit_train_sp1_1913,train,images/SP1_1913.JPG
exact_bytes,0,False,cubit_train_sp0_1923,train,images/SP0_1923.JPG,cubit_train_sp1_1915,train,images/SP1_1915.JPG
exact_bytes,0,False,cubit_train_sp0_1924,train,images/SP0_1924.JPG,cubit_train_sp1_1916,train,images/SP1_1916.JPG
exact_bytes,0,False,cubit_train_sp0_1925,train,images/SP0_1925.JPG,cubit_train_sp1_1917,train,images/SP1_1917.JPG
exact_bytes,0,False,cubit_train_sp0_218,train,images/SP0_218.JPG,cubit_train_sp1_224,train,images/SP1_224.JPG
exact_bytes,0,False,cubit_train_sp0_219,train,images/SP0_219.JPG,cubit_train_sp1_225,train,images/SP1_225.JPG
exact_bytes,0,False,cubit_train_sp0_220,train,images/SP0_220.JPG,cubit_train_sp1_226,train,images/SP1_226.JPG
exact_bytes,0,False,cubit_train_sp0_221,train,images/SP0_221.JPG,cubit_train_sp1_227,train,images/SP1_227.JPG
exact_bytes,0,False,cubit_train_sp0_222,train,images/SP0_222.JPG,cubit_train_sp1_228,train,images/SP1_228.JPG
exact_bytes,0,False,cubit_train_sp0_226,train,images/SP0_226.JPG,cubit_train_sp1_232,train,images/SP1_232.JPG
exact_bytes,0,False,cubit_train_sp0_25,train,images/SP0_25.JPG,cubit_train_sp1_25,train,images/SP1_25.JPG
exact_bytes,0,False,cubit_train_sp0_251,train,images/SP0_251.JPG,cubit_train_sp1_257,train,images/SP1_257.JPG
exact_bytes,0,False,cubit_train_sp0_252,train,images/SP0_252.JPG,cubit_train_sp1_258,train,images/SP1_258.JPG
exact_bytes,0,False,cubit_train_sp0_253,train,images/SP0_253.JPG,cubit_train_sp1_259,train,images/SP1_259.JPG
exact_bytes,0,False,cubit_train_sp0_254,train,images/SP0_254.JPG,cubit_train_sp1_260,train,images/SP1_260.JPG
exact_bytes,0,False,cubit_train_sp0_256,train,images/SP0_256.JPG,cubit_train_sp1_262,train,images/SP1_262.JPG
exact_bytes,0,False,cubit_train_sp0_258,train,images/SP0_258.JPG,cubit_train_sp1_264,train,images/SP1_264.JPG
exact_bytes,0,False,cubit_train_sp0_259,train,images/SP0_259.JPG,cubit_train_sp1_265,train,images/SP1_265.JPG
exact_bytes,0,False,cubit_train_sp0_26,train,images/SP0_26.JPG,cubit_train_sp1_26,train,images/SP1_26.JPG
exact_bytes,0,False,cubit_train_sp0_260,train,images/SP0_260.JPG,cubit_train_sp1_266,train,images/SP1_266.JPG
exact_bytes,0,False,cubit_train_sp0_28,train,images/SP0_28.JPG,cubit_train_sp1_28,train,images/SP1_28.JPG
exact_bytes,0,False,cubit_train_sp0_286,train,images/SP0_286.JPG,cubit_train_sp1_292,train,images/SP1_292.JPG
exact_bytes,0,False,cubit_train_sp0_287,train,images/SP0_287.JPG,cubit_train_sp1_293,train,images/SP1_293.JPG
exact_bytes,0,False,cubit_train_sp0_288,train,images/SP0_288.JPG,cubit_train_sp1_294,train,images/SP1_294.JPG
exact_bytes,0,False,cubit_train_sp0_289,train,images/SP0_289.JPG,cubit_train_sp1_295,train,images/SP1_295.JPG
exact_bytes,0,False,cubit_train_sp0_29,train,images/SP0_29.JPG,cubit_train_sp1_29,train,images/SP1_29.JPG
exact_bytes,0,False,cubit_train_sp0_290,train,images/SP0_290.JPG,cubit_train_sp1_296,train,images/SP1_296.JPG
exact_bytes,0,False,cubit_train_sp0_292,train,images/SP0_292.JPG,cubit_train_sp1_301,train,images/SP1_301.JPG
exact_bytes,0,False,cubit_train_sp0_31,train,images/SP0_31.JPG,cubit_train_sp1_31,train,images/SP1_31.JPG
exact_bytes,0,False,cubit_train_sp0_32,train,images/SP0_32.JPG,cubit_train_sp1_32,train,images/SP1_32.JPG
exact_bytes,0,False,cubit_train_sp0_320,train,images/SP0_320.JPG,cubit_train_sp1_329,train,images/SP1_329.JPG
exact_bytes,0,False,cubit_train_sp0_321,train,images/SP0_321.JPG,cubit_train_sp1_330,train,images/SP1_330.JPG
exact_bytes,0,False,cubit_train_sp0_323,train,images/SP0_323.JPG,cubit_train_sp1_332,train,images/SP1_332.JPG
exact_bytes,0,False,cubit_train_sp0_324,train,images/SP0_324.JPG,cubit_train_sp1_333,train,images/SP1_333.JPG
exact_bytes,0,False,cubit_train_sp0_327,train,images/SP0_327.JPG,cubit_train_sp1_336,train,images/SP1_336.JPG
exact_bytes,0,False,cubit_train_sp0_35,train,images/SP0_35.JPG,cubit_train_sp1_35,train,images/SP1_35.JPG
exact_bytes,0,False,cubit_train_sp0_357,train,images/SP0_357.JPG,cubit_train_sp1_352,train,images/SP1_352.JPG
exact_bytes,0,False,cubit_train_sp0_361,train,images/SP0_361.JPG,cubit_train_sp1_356,train,images/SP1_356.JPG
exact_bytes,0,False,cubit_train_sp0_362,train,images/SP0_362.JPG,cubit_train_sp1_357,train,images/SP1_357.JPG
exact_bytes,0,False,cubit_train_sp0_390,train,images/SP0_390.JPG,cubit_train_sp1_385,train,images/SP1_385.JPG
exact_bytes,0,False,cubit_train_sp0_393,train,images/SP0_393.JPG,cubit_train_sp1_388,train,images/SP1_388.JPG
exact_bytes,0,False,cubit_train_sp0_394,train,images/SP0_394.JPG,cubit_train_sp1_389,train,images/SP1_389.JPG
exact_bytes,0,False,cubit_train_sp0_396,train,images/SP0_396.JPG,cubit_train_sp1_391,train,images/SP1_391.JPG
exact_bytes,0,False,cubit_train_sp0_423,train,images/SP0_423.JPG,cubit_train_sp1_418,train,images/SP1_418.JPG
exact_bytes,0,False,cubit_train_sp0_425,train,images/SP0_425.JPG,cubit_train_sp1_420,train,images/SP1_420.JPG
exact_bytes,0,False,cubit_train_sp0_426,train,images/SP0_426.JPG,cubit_train_sp1_421,train,images/SP1_421.JPG
exact_bytes,0,False,cubit_train_sp0_427,train,images/SP0_427.JPG,cubit_train_sp1_422,train,images/SP1_422.JPG
exact_bytes,0,False,cubit_train_sp0_428,train,images/SP0_428.JPG,cubit_train_sp1_423,train,images/SP1_423.JPG
exact_bytes,0,False,cubit_train_sp0_430,train,images/SP0_430.JPG,cubit_train_sp1_425,train,images/SP1_425.JPG
exact_bytes,0,False,cubit_train_sp0_431,train,images/SP0_431.JPG,cubit_train_sp1_426,train,images/SP1_426.JPG
exact_bytes,0,False,cubit_train_sp0_432,train,images/SP0_432.JPG,cubit_train_sp1_427,train,images/SP1_427.JPG
exact_bytes,0,False,cubit_train_sp0_433,train,images/SP0_433.JPG,cubit_train_sp1_428,train,images/SP1_428.JPG
exact_bytes,0,False,cubit_train_sp0_458,train,images/SP0_458.JPG,cubit_train_sp1_453,train,images/SP1_453.JPG
exact_bytes,0,False,cubit_train_sp0_461,train,images/SP0_461.JPG,cubit_train_sp1_456,train,images/SP1_456.JPG
exact_bytes,0,False,cubit_train_sp0_464,train,images/SP0_464.JPG,cubit_train_sp1_459,train,images/SP1_459.JPG
exact_bytes,0,False,cubit_train_sp0_465,train,images/SP0_465.JPG,cubit_train_sp1_460,train,images/SP1_460.JPG
exact_bytes,0,False,cubit_train_sp0_466,train,images/SP0_466.JPG,cubit_train_sp1_461,train,images/SP1_461.JPG
exact_bytes,0,False,cubit_train_sp0_468,train,images/SP0_468.JPG,cubit_train_sp1_463,train,images/SP1_463.JPG
exact_bytes,0,False,cubit_train_sp0_493,train,images/SP0_493.JPG,cubit_train_sp1_488,train,images/SP1_488.JPG
exact_bytes,0,False,cubit_train_sp0_495,train,images/SP0_495.JPG,cubit_train_sp1_490,train,images/SP1_490.JPG
exact_bytes,0,False,cubit_train_sp0_498,train,images/SP0_498.JPG,cubit_train_sp1_493,train,images/SP1_493.JPG
exact_bytes,0,False,cubit_train_sp0_499,train,images/SP0_499.JPG,cubit_train_sp1_494,train,images/SP1_494.JPG
exact_bytes,0,False,cubit_train_sp0_500,train,images/SP0_500.JPG,cubit_train_sp1_495,train,images/SP1_495.JPG
exact_bytes,0,False,cubit_train_sp0_501,train,images/SP0_501.JPG,cubit_train_sp1_496,train,images/SP1_496.JPG
exact_bytes,0,False,cubit_train_sp0_503,train,images/SP0_503.JPG,cubit_train_sp1_498,train,images/SP1_498.JPG
exact_bytes,0,False,cubit_train_sp0_528,train,images/SP0_528.JPG,cubit_train_sp1_523,train,images/SP1_523.JPG
exact_bytes,0,False,cubit_train_sp0_529,train,images/SP0_529.JPG,cubit_train_sp1_524,train,images/SP1_524.JPG
exact_bytes,0,False,cubit_train_sp0_530,train,images/SP0_530.JPG,cubit_train_sp1_525,train,images/SP1_525.JPG
exact_bytes,0,False,cubit_train_sp0_533,train,images/SP0_533.JPG,cubit_train_sp1_528,train,images/SP1_528.JPG
exact_bytes,0,False,cubit_train_sp0_535,train,images/SP0_535.JPG,cubit_train_sp1_530,train,images/SP1_530.JPG
exact_bytes,0,False,cubit_train_sp0_538,train,images/SP0_538.JPG,cubit_train_sp1_533,train,images/SP1_533.JPG
exact_bytes,0,False,cubit_train_sp0_55,train,images/SP0_55.JPG,cubit_train_sp1_59,train,images/SP1_59.JPG
exact_bytes,0,False,cubit_train_sp0_563,train,images/SP0_563.JPG,cubit_train_sp1_558,train,images/SP1_558.JPG
exact_bytes,0,False,cubit_train_sp0_564,train,images/SP0_564.JPG,cubit_train_sp1_559,train,images/SP1_559.JPG
exact_bytes,0,False,cubit_train_sp0_565,train,images/SP0_565.JPG,cubit_train_sp1_560,train,images/SP1_560.JPG
exact_bytes,0,False,cubit_train_sp0_569,train,images/SP0_569.JPG,cubit_train_sp1_564,train,images/SP1_564.JPG
exact_bytes,0,False,cubit_train_sp0_570,train,images/SP0_570.JPG,cubit_train_sp1_565,train,images/SP1_565.JPG
exact_bytes,0,False,cubit_train_sp0_571,train,images/SP0_571.JPG,cubit_train_sp1_566,train,images/SP1_566.JPG
exact_bytes,0,False,cubit_train_sp0_572,train,images/SP0_572.JPG,cubit_train_sp1_567,train,images/SP1_567.JPG
exact_bytes,0,False,cubit_train_sp0_599,train,images/SP0_599.JPG,cubit_train_sp1_594,train,images/SP1_594.JPG
exact_bytes,0,False,cubit_train_sp0_604,train,images/SP0_604.JPG,cubit_train_sp1_599,train,images/SP1_599.JPG
exact_bytes,0,False,cubit_train_sp0_606,train,images/SP0_606.JPG,cubit_train_sp1_601,train,images/SP1_601.JPG
exact_bytes,0,False,cubit_train_sp0_608,train,images/SP0_608.JPG,cubit_train_sp1_603,train,images/SP1_603.JPG
exact_bytes,0,False,cubit_train_sp0_62,train,images/SP0_62.JPG,cubit_train_sp1_66,train,images/SP1_66.JPG
exact_bytes,0,False,cubit_train_sp0_63,train,images/SP0_63.JPG,cubit_train_sp1_67,train,images/SP1_67.JPG
exact_bytes,0,False,cubit_train_sp0_633,train,images/SP0_633.JPG,cubit_train_sp1_628,train,images/SP1_628.JPG
exact_bytes,0,False,cubit_train_sp0_635,train,images/SP0_635.JPG,cubit_train_sp1_630,train,images/SP1_630.JPG
exact_bytes,0,False,cubit_train_sp0_637,train,images/SP0_637.JPG,cubit_train_sp1_632,train,images/SP1_632.JPG
exact_bytes,0,False,cubit_train_sp0_639,train,images/SP0_639.JPG,cubit_train_sp1_634,train,images/SP1_634.JPG
exact_bytes,0,False,cubit_train_sp0_640,train,images/SP0_640.JPG,cubit_train_sp1_635,train,images/SP1_635.JPG
exact_bytes,0,False,cubit_train_sp0_641,train,images/SP0_641.JPG,cubit_train_sp1_636,train,images/SP1_636.JPG
exact_bytes,0,False,cubit_train_sp0_642,train,images/SP0_642.JPG,cubit_train_sp1_637,train,images/SP1_637.JPG
exact_bytes,0,False,cubit_train_sp0_643,train,images/SP0_643.JPG,cubit_train_sp1_638,train,images/SP1_638.JPG
exact_bytes,0,False,cubit_train_sp0_669,train,images/SP0_669.JPG,cubit_train_sp1_664,train,images/SP1_664.JPG
exact_bytes,0,False,cubit_train_sp0_673,train,images/SP0_673.JPG,cubit_train_sp1_668,train,images/SP1_668.JPG
exact_bytes,0,False,cubit_train_sp0_674,train,images/SP0_674.JPG,cubit_train_sp1_669,train,images/SP1_669.JPG
exact_bytes,0,False,cubit_train_sp0_676,train,images/SP0_676.JPG,cubit_train_sp1_671,train,images/SP1_671.JPG
exact_bytes,0,False,cubit_train_sp0_678,train,images/SP0_678.JPG,cubit_train_sp1_673,train,images/SP1_673.JPG
exact_bytes,0,False,cubit_train_sp0_703,train,images/SP0_703.JPG,cubit_train_sp1_698,train,images/SP1_698.JPG
exact_bytes,0,False,cubit_train_sp0_704,train,images/SP0_704.JPG,cubit_train_sp1_699,train,images/SP1_699.JPG
exact_bytes,0,False,cubit_train_sp0_708,train,images/SP0_708.JPG,cubit_train_sp1_703,train,images/SP1_703.JPG
exact_bytes,0,False,cubit_train_sp0_709,train,images/SP0_709.JPG,cubit_train_sp1_704,train,images/SP1_704.JPG
exact_bytes,0,False,cubit_train_sp0_710,train,images/SP0_710.JPG,cubit_train_sp1_705,train,images/SP1_705.JPG
exact_bytes,0,False,cubit_train_sp0_713,train,images/SP0_713.JPG,cubit_train_sp1_708,train,images/SP1_708.JPG
exact_bytes,0,False,cubit_train_sp0_740,train,images/SP0_740.JPG,cubit_train_sp1_735,train,images/SP1_735.JPG
exact_bytes,0,False,cubit_train_sp0_741,train,images/SP0_741.JPG,cubit_train_sp1_736,train,images/SP1_736.JPG
exact_bytes,0,False,cubit_train_sp0_742,train,images/SP0_742.JPG,cubit_train_sp1_737,train,images/SP1_737.JPG
exact_bytes,0,False,cubit_train_sp0_744,train,images/SP0_744.JPG,cubit_train_sp1_739,train,images/SP1_739.JPG
exact_bytes,0,False,cubit_train_sp0_746,train,images/SP0_746.JPG,cubit_train_sp1_741,train,images/SP1_741.JPG
exact_bytes,0,False,cubit_train_sp0_747,train,images/SP0_747.JPG,cubit_train_sp1_742,train,images/SP1_742.JPG
exact_bytes,0,False,cubit_train_sp0_773,train,images/SP0_773.JPG,cubit_train_sp1_768,train,images/SP1_768.JPG
exact_bytes,0,False,cubit_train_sp0_774,train,images/SP0_774.JPG,cubit_train_sp1_769,train,images/SP1_769.JPG
exact_bytes,0,False,cubit_train_sp0_777,train,images/SP0_777.JPG,cubit_train_sp1_772,train,images/SP1_772.JPG
exact_bytes,0,False,cubit_train_sp0_780,train,images/SP0_780.JPG,cubit_train_sp1_775,train,images/SP1_775.JPG
exact_bytes,0,False,cubit_train_sp0_783,train,images/SP0_783.JPG,cubit_train_sp1_778,train,images/SP1_778.JPG
exact_bytes,0,False,cubit_train_sp0_809,train,images/SP0_809.JPG,cubit_train_sp1_804,train,images/SP1_804.JPG
exact_bytes,0,False,cubit_train_sp0_811,train,images/SP0_811.JPG,cubit_train_sp1_806,train,images/SP1_806.JPG
exact_bytes,0,False,cubit_train_sp0_813,train,images/SP0_813.JPG,cubit_train_sp1_808,train,images/SP1_808.JPG
exact_bytes,0,False,cubit_train_sp0_814,train,images/SP0_814.JPG,cubit_train_sp1_809,train,images/SP1_809.JPG
exact_bytes,0,False,cubit_train_sp0_815,train,images/SP0_815.JPG,cubit_train_sp1_810,train,images/SP1_810.JPG
exact_bytes,0,False,cubit_train_sp0_816,train,images/SP0_816.JPG,cubit_train_sp1_811,train,images/SP1_811.JPG
exact_bytes,0,False,cubit_train_sp0_817,train,images/SP0_817.JPG,cubit_train_sp1_812,train,images/SP1_812.JPG
exact_bytes,0,False,cubit_train_sp0_842,train,images/SP0_842.JPG,cubit_train_sp1_830,train,images/SP1_830.JPG
exact_bytes,0,False,cubit_train_sp0_843,train,images/SP0_843.JPG,cubit_train_sp1_831,train,images/SP1_831.JPG
exact_bytes,0,False,cubit_train_sp0_844,train,images/SP0_844.JPG,cubit_train_sp1_832,train,images/SP1_832.JPG
exact_bytes,0,False,cubit_train_sp0_845,train,images/SP0_845.JPG,cubit_train_sp1_833,train,images/SP1_833.JPG
exact_bytes,0,False,cubit_train_sp0_847,train,images/SP0_847.JPG,cubit_train_sp1_835,train,images/SP1_835.JPG
exact_bytes,0,False,cubit_train_sp0_849,train,images/SP0_849.JPG,cubit_train_sp1_836,train,images/SP1_836.JPG
exact_bytes,0,False,cubit_train_sp0_87,train,images/SP0_87.JPG,cubit_train_sp1_92,train,images/SP1_92.JPG
exact_bytes,0,False,cubit_train_sp0_871,train,images/SP0_871.JPG,cubit_train_sp1_855,train,images/SP1_855.JPG
exact_bytes,0,False,cubit_train_sp0_876,train,images/SP0_876.JPG,cubit_train_sp1_857,train,images/SP1_857.JPG
exact_bytes,0,False,cubit_train_sp0_877,train,images/SP0_877.JPG,cubit_train_sp1_858,train,images/SP1_858.JPG
exact_bytes,0,False,cubit_train_sp0_88,train,images/SP0_88.JPG,cubit_train_sp1_93,train,images/SP1_93.JPG
exact_bytes,0,False,cubit_train_sp0_89,train,images/SP0_89.JPG,cubit_train_sp1_94,train,images/SP1_94.JPG
exact_bytes,0,False,cubit_train_sp0_906,train,images/SP0_906.JPG,cubit_train_sp1_887,train,images/SP1_887.JPG
exact_bytes,0,False,cubit_train_sp0_908,train,images/SP0_908.JPG,cubit_train_sp1_889,train,images/SP1_889.JPG
exact_bytes,0,False,cubit_train_sp0_909,train,images/SP0_909.JPG,cubit_train_sp1_890,train,images/SP1_890.JPG
exact_bytes,0,False,cubit_train_sp0_91,train,images/SP0_91.JPG,cubit_train_sp1_96,train,images/SP1_96.JPG
exact_bytes,0,False,cubit_train_sp0_911,train,images/SP0_911.JPG,cubit_train_sp1_892,train,images/SP1_892.JPG
exact_bytes,0,False,cubit_train_sp0_92,train,images/SP0_92.JPG,cubit_train_sp1_97,train,images/SP1_97.JPG
exact_bytes,0,False,cubit_train_sp0_93,train,images/SP0_93.JPG,cubit_train_sp1_98,train,images/SP1_98.JPG
exact_bytes,0,False,cubit_train_sp0_935,train,images/SP0_935.JPG,cubit_train_sp1_916,train,images/SP1_916.JPG
exact_bytes,0,False,cubit_train_sp0_936,train,images/SP0_936.JPG,cubit_train_sp1_917,train,images/SP1_917.JPG
exact_bytes,0,False,cubit_train_sp0_938,train,images/SP0_938.JPG,cubit_train_sp1_919,train,images/SP1_919.JPG
exact_bytes,0,False,cubit_train_sp0_94,train,images/SP0_94.JPG,cubit_train_sp1_99,train,images/SP1_99.JPG
exact_bytes,0,False,cubit_train_sp0_940,train,images/SP0_940.JPG,cubit_train_sp1_921,train,images/SP1_921.JPG
exact_bytes,0,False,cubit_train_sp0_95,train,images/SP0_95.JPG,cubit_train_sp1_100,train,images/SP1_100.JPG
exact_bytes,0,False,cubit_train_sp0_96,train,images/SP0_96.JPG,cubit_train_sp1_101,train,images/SP1_101.JPG
exact_bytes,0,False,cubit_train_sp0_967,train,images/SP0_967.JPG,cubit_train_sp1_948,train,images/SP1_948.JPG
exact_bytes,0,False,cubit_train_sp0_97,train,images/SP0_97.JPG,cubit_train_sp1_102,train,images/SP1_102.JPG
exact_bytes,0,False,cubit_train_sp0_970,train,images/SP0_970.JPG,cubit_train_sp1_951,train,images/SP1_951.JPG
exact_bytes,0,False,cubit_train_sp0_971,train,images/SP0_971.JPG,cubit_train_sp1_952,train,images/SP1_952.JPG
exact_bytes,0,False,cubit_train_sp0_972,train,images/SP0_972.JPG,cubit_train_sp1_953,train,images/SP1_953.JPG
exact_bytes,0,False,cubit_train_sp0_973,train,images/SP0_973.JPG,cubit_train_sp1_954,train,images/SP1_954.JPG
exact_bytes,0,False,cubit_train_sp0_976,train,images/SP0_976.JPG,cubit_train_sp1_957,train,images/SP1_957.JPG
exact_bytes,0,False,cubit_train_sp0_977,train,images/SP0_977.JPG,cubit_train_sp1_958,train,images/SP1_958.JPG
exact_bytes,0,False,cubit_train_sp0_998,train,images/SP0_998.JPG,cubit_train_sp1_983,train,images/SP1_983.JPG
exact_bytes,0,False,cubit_train_sp0_999,train,images/SP0_999.JPG,cubit_train_sp1_984,train,images/SP1_984.JPG
exact_bytes,0,False,cubit_val_sp0_1097,val,images/SP0_1097.JPG,cubit_val_sp1_1086,val,images/SP1_1086.JPG
exact_bytes,0,False,cubit_val_sp0_1344,val,images/SP0_1344.JPG,cubit_val_sp1_1333,val,images/SP1_1333.JPG
exact_bytes,0,False,cubit_val_sp0_1346,val,images/SP0_1346.JPG,cubit_val_sp1_1335,val,images/SP1_1335.JPG
exact_bytes,0,False,cubit_val_sp0_1385,val,images/SP0_1385.JPG,cubit_val_sp1_1374,val,images/SP1_1374.JPG
exact_bytes,0,False,cubit_val_sp0_1882,val,images/SP0_1882.JPG,cubit_val_sp1_1874,val,images/SP1_1874.JPG
exact_bytes,0,False,cubit_val_sp0_398,val,images/SP0_398.JPG,cubit_val_sp1_393,val,images/SP1_393.JPG
exact_bytes,0,False,cubit_val_sp0_57,val,images/SP0_57.JPG,cubit_val_sp1_61,val,images/SP1_61.JPG
exact_bytes,0,False,cubit_val_sp0_705,val,images/SP0_705.JPG,cubit_val_sp1_700,val,images/SP1_700.JPG
perceptual_candidate,0,False,cubit_train_cr1_1663,train,images/CR1_1663.JPG,cubit_train_cr1_1670,train,images/CR1_1670.JPG
perceptual_candidate,0,False,cubit_train_cr1_901,train,images/CR1_901.JPG,cubit_train_cr1_902,train,images/CR1_902.JPG
perceptual_candidate,0,False,cubit_train_cr1_97,train,images/CR1_97.JPG,cubit_train_sp1_681,train,images/SP1_681.JPG
perceptual_candidate,2,False,cubit_test_sp0_954,test,images/SP0_954.JPG,cubit_test_sp1_933,test,images/SP1_933.JPG
perceptual_candidate,2,False,cubit_train_cr1_102,train,images/CR1_102.JPG,cubit_train_sp1_686,train,images/SP1_686.JPG
perceptual_candidate,2,False,cubit_train_cr1_103,train,images/CR1_103.JPG,cubit_train_sp1_687,train,images/SP1_687.JPG
perceptual_candidate,2,False,cubit_train_cr1_104,train,images/CR1_104.JPG,cubit_train_sp1_688,train,images/SP1_688.JPG
perceptual_candidate,2,False,cubit_train_cr1_108,train,images/CR1_108.JPG,cubit_train_sp1_692,train,images/SP1_692.JPG
perceptual_candidate,2,False,cubit_train_cr1_110,train,images/CR1_110.JPG,cubit_train_sp1_694,train,images/SP1_694.JPG
perceptual_candidate,2,False,cubit_train_cr1_111,train,images/CR1_111.JPG,cubit_train_sp1_695,train,images/SP1_695.JPG
perceptual_candidate,2,False,cubit_train_cr1_111,train,images/CR1_111.JPG,cubit_train_sp1_706,train,images/SP1_706.JPG
perceptual_candidate,2,False,cubit_train_cr1_113,train,images/CR1_113.JPG,cubit_train_sp1_697,train,images/SP1_697.JPG
perceptual_candidate,2,False,cubit_train_cr1_1626,train,images/CR1_1626.JPG,cubit_train_cr1_1633,train,images/CR1_1633.JPG
perceptual_candidate,2,False,cubit_train_cr1_1626,train,images/CR1_1626.JPG,cubit_train_cr1_1663,train,images/CR1_1663.JPG
perceptual_candidate,2,False,cubit_train_cr1_1626,train,images/CR1_1626.JPG,cubit_train_cr1_1670,train,images/CR1_1670.JPG
perceptual_candidate,2,False,cubit_train_cr1_1633,train,images/CR1_1633.JPG,cubit_train_cr1_1640,train,images/CR1_1640.JPG
perceptual_candidate,2,False,cubit_train_cr1_1640,train,images/CR1_1640.JPG,cubit_train_cr1_1662,train,images/CR1_1662.JPG
perceptual_candidate,2,False,cubit_train_cr1_1640,train,images/CR1_1640.JPG,cubit_train_cr1_1663,train,images/CR1_1663.JPG
perceptual_candidate,2,False,cubit_train_cr1_1640,train,images/CR1_1640.JPG,cubit_train_cr1_1670,train,images/CR1_1670.JPG
perceptual_candidate,2,False,cubit_train_cr1_1662,train,images/CR1_1662.JPG,cubit_train_cr1_1663,train,images/CR1_1663.JPG
perceptual_candidate,2,False,cubit_train_cr1_1662,train,images/CR1_1662.JPG,cubit_train_cr1_1670,train,images/CR1_1670.JPG
perceptual_candidate,2,False,cubit_train_cr1_468,train,images/CR1_468.JPG,cubit_train_cr1_533,train,images/CR1_533.JPG
perceptual_candidate,2,False,cubit_train_cr1_779,train,images/CR1_779.JPG,cubit_train_cr1_901,train,images/CR1_901.JPG
perceptual_candidate,2,False,cubit_train_cr1_779,train,images/CR1_779.JPG,cubit_train_cr1_902,train,images/CR1_902.JPG
perceptual_candidate,2,False,cubit_train_sp0_111,train,images/SP0_111.JPG,cubit_train_sp1_113,train,images/SP1_113.JPG
perceptual_candidate,2,False,cubit_train_sp0_1145,train,images/SP0_1145.JPG,cubit_train_sp1_1133,train,images/SP1_1133.JPG
perceptual_candidate,2,False,cubit_train_sp0_1311,train,images/SP0_1311.JPG,cubit_train_sp1_1290,train,images/SP1_1290.JPG
perceptual_candidate,2,False,cubit_train_sp0_1349,train,images/SP0_1349.JPG,cubit_train_sp1_1327,train,images/SP1_1327.JPG
perceptual_candidate,2,False,cubit_train_sp0_1363,train,images/SP0_1363.JPG,cubit_train_sp1_1350,train,images/SP1_1350.JPG
perceptual_candidate,2,False,cubit_train_sp0_1449,train,images/SP0_1449.JPG,cubit_train_sp1_1443,train,images/SP1_1443.JPG
perceptual_candidate,2,False,cubit_train_sp0_1496,train,images/SP0_1496.JPG,cubit_train_sp1_1487,train,images/SP1_1487.JPG
perceptual_candidate,2,False,cubit_train_sp0_1501,train,images/SP0_1501.JPG,cubit_train_sp1_1491,train,images/SP1_1491.JPG
perceptual_candidate,2,False,cubit_train_sp0_164,train,images/SP0_164.JPG,cubit_train_sp1_169,train,images/SP1_169.JPG
perceptual_candidate,2,False,cubit_train_sp0_1669,train,images/SP0_1669.JPG,cubit_train_sp1_1654,train,images/SP1_1654.JPG
perceptual_candidate,2,False,cubit_train_sp0_1770,train,images/SP0_1770.JPG,cubit_train_sp0_1771,train,images/SP0_1771.JPG
perceptual_candidate,2,False,cubit_train_sp0_1808,train,images/SP0_1808.JPG,cubit_train_sp1_1793,train,images/SP1_1793.JPG
perceptual_candidate,2,False,cubit_train_sp0_235,train,images/SP0_235.JPG,cubit_train_sp1_240,train,images/SP1_240.JPG
perceptual_candidate,2,False,cubit_train_sp0_236,train,images/SP0_236.JPG,cubit_train_sp1_241,train,images/SP1_241.JPG
perceptual_candidate,2,False,cubit_train_sp0_249,train,images/SP0_249.JPG,cubit_train_sp1_246,train,images/SP1_246.JPG
perceptual_candidate,2,False,cubit_train_sp0_264,train,images/SP0_264.JPG,cubit_train_sp1_270,train,images/SP1_270.JPG
perceptual_candidate,2,False,cubit_train_sp0_27,train,images/SP0_27.JPG,cubit_train_sp1_17,train,images/SP1_17.JPG
perceptual_candidate,2,False,cubit_train_sp0_458,train,images/SP0_458.JPG,cubit_train_sp1_454,train,images/SP1_454.JPG
perceptual_candidate,2,False,cubit_train_sp0_467,train,images/SP0_467.JPG,cubit_train_sp1_451,train,images/SP1_451.JPG
perceptual_candidate,2,False,cubit_train_sp0_487,train,images/SP0_487.JPG,cubit_train_sp1_479,train,images/SP1_479.JPG
perceptual_candidate,2,False,cubit_train_sp0_551,train,images/SP0_551.JPG,cubit_train_sp1_544,train,images/SP1_544.JPG
perceptual_candidate,2,False,cubit_train_sp0_60,train,images/SP0_60.JPG,cubit_train_sp1_54,train,images/SP1_54.JPG
perceptual_candidate,2,False,cubit_train_sp0_604,train,images/SP0_604.JPG,cubit_train_sp1_589,train,images/SP1_589.JPG
perceptual_candidate,2,False,cubit_train_sp0_652,train,images/SP0_652.JPG,cubit_train_sp1_646,train,images/SP1_646.JPG
perceptual_candidate,2,False,cubit_train_sp0_674,train,images/SP0_674.JPG,cubit_train_sp1_659,train,images/SP1_659.JPG
perceptual_candidate,2,False,cubit_train_sp0_758,train,images/SP0_758.JPG,cubit_train_sp1_752,train,images/SP1_752.JPG
perceptual_candidate,2,False,cubit_train_sp0_782,train,images/SP0_782.JPG,cubit_train_sp1_766,train,images/SP1_766.JPG
perceptual_candidate,2,False,cubit_train_sp0_86,train,images/SP0_86.JPG,cubit_train_sp1_82,train,images/SP1_82.JPG
perceptual_candidate,2,False,cubit_train_sp0_87,train,images/SP0_87.JPG,cubit_train_sp1_83,train,images/SP1_83.JPG
perceptual_candidate,2,False,cubit_train_sp0_941,train,images/SP0_941.JPG,cubit_train_sp1_914,train,images/SP1_914.JPG
perceptual_candidate,2,False,cubit_train_sp0_976,train,images/SP0_976.JPG,cubit_train_sp1_946,train,images/SP1_946.JPG
perceptual_candidate,2,False,cubit_train_sp1_1290,train,images/SP1_1290.JPG,cubit_train_sp1_1300,train,images/SP1_1300.JPG
perceptual_candidate,2,False,cubit_train_sp1_453,train,images/SP1_453.JPG,cubit_train_sp1_454,train,images/SP1_454.JPG
perceptual_candidate,2,False,cubit_train_sp1_589,train,images/SP1_589.JPG,cubit_train_sp1_599,train,images/SP1_599.JPG
perceptual_candidate,2,False,cubit_train_sp1_659,train,images/SP1_659.JPG,cubit_train_sp1_669,train,images/SP1_669.JPG
perceptual_candidate,2,False,cubit_train_sp1_763,train,images/SP1_763.JPG,cubit_train_sp1_773,train,images/SP1_773.JPG
perceptual_candidate,2,False,cubit_train_sp1_802,train,images/SP1_802.JPG,cubit_train_sp1_813,train,images/SP1_813.JPG
perceptual_candidate,2,False,cubit_train_sp1_83,train,images/SP1_83.JPG,cubit_train_sp1_92,train,images/SP1_92.JPG
perceptual_candidate,2,False,cubit_train_sp1_946,train,images/SP1_946.JPG,cubit_train_sp1_957,train,images/SP1_957.JPG
perceptual_candidate,4,False,cubit_test_cr1_1720,test,images/CR1_1720.JPG,cubit_test_cr1_343,test,images/CR1_343.JPG
perceptual_candidate,4,False,cubit_train_cr1_1004,train,images/CR1_1004.JPG,cubit_train_cr1_1074,train,images/CR1_1074.JPG
perceptual_candidate,4,False,cubit_train_cr1_1009,train,images/CR1_1009.JPG,cubit_train_cr1_1074,train,images/CR1_1074.JPG
perceptual_candidate,4,False,cubit_train_cr1_1009,train,images/CR1_1009.JPG,cubit_train_cr1_1090,train,images/CR1_1090.JPG
perceptual_candidate,4,False,cubit_train_cr1_107,train,images/CR1_107.JPG,cubit_train_sp1_691,train,images/SP1_691.JPG
perceptual_candidate,4,False,cubit_train_cr1_112,train,images/CR1_112.JPG,cubit_train_sp0_712,train,images/SP0_712.JPG
perceptual_candidate,4,False,cubit_train_cr1_113,train,images/CR1_113.JPG,cubit_train_sp0_713,train,images/SP0_713.JPG
perceptual_candidate,4,False,cubit_train_cr1_113,train,images/CR1_113.JPG,cubit_train_sp1_708,train,images/SP1_708.JPG
perceptual_candidate,4,False,cubit_train_cr1_1426,train,images/CR1_1426.JPG,cubit_train_cr1_1792,train,images/CR1_1792.JPG
perceptual_candidate,4,False,cubit_train_cr1_1426,train,images/CR1_1426.JPG,cubit_train_cr1_612,train,images/CR1_612.JPG
perceptual_candidate,4,False,cubit_train_cr1_1469,train,images/CR1_1469.JPG,cubit_train_cr1_2846,train,images/CR1_2846.JPG
perceptual_candidate,4,False,cubit_train_cr1_1625,train,images/CR1_1625.JPG,cubit_train_cr1_1626,train,images/CR1_1626.JPG
perceptual_candidate,4,False,cubit_train_cr1_1625,train,images/CR1_1625.JPG,cubit_train_cr1_1632,train,images/CR1_1632.JPG
perceptual_candidate,4,False,cubit_train_cr1_1625,train,images/CR1_1625.JPG,cubit_train_cr1_1663,train,images/CR1_1663.JPG
perceptual_candidate,4,False,cubit_train_cr1_1625,train,images/CR1_1625.JPG,cubit_train_cr1_1670,train,images/CR1_1670.JPG
perceptual_candidate,4,False,cubit_train_cr1_1626,train,images/CR1_1626.JPG,cubit_train_cr1_1632,train,images/CR1_1632.JPG
perceptual_candidate,4,False,cubit_train_cr1_1626,train,images/CR1_1626.JPG,cubit_train_cr1_1640,train,images/CR1_1640.JPG
perceptual_candidate,4,False,cubit_train_cr1_1626,train,images/CR1_1626.JPG,cubit_train_cr1_1662,train,images/CR1_1662.JPG
perceptual_candidate,4,False,cubit_train_cr1_1633,train,images/CR1_1633.JPG,cubit_train_cr1_1662,train,images/CR1_1662.JPG
perceptual_candidate,4,False,cubit_train_cr1_1633,train,images/CR1_1633.JPG,cubit_train_cr1_1663,train,images/CR1_1663.JPG
perceptual_candidate,4,False,cubit_train_cr1_1633,train,images/CR1_1633.JPG,cubit_train_cr1_1670,train,images/CR1_1670.JPG
perceptual_candidate,4,False,cubit_train_cr1_1640,train,images/CR1_1640.JPG,cubit_train_cr1_2656,train,images/CR1_2656.JPG
perceptual_candidate,4,False,cubit_train_cr1_1648,train,images/CR1_1648.JPG,cubit_train_cr1_1655,train,images/CR1_1655.JPG
perceptual_candidate,4,False,cubit_train_cr1_1648,train,images/CR1_1648.JPG,cubit_train_cr1_1662,train,images/CR1_1662.JPG
perceptual_candidate,4,False,cubit_train_cr1_1655,train,images/CR1_1655.JPG,cubit_train_cr1_1662,train,images/CR1_1662.JPG
perceptual_candidate,4,False,cubit_train_cr1_1662,train,images/CR1_1662.JPG,cubit_train_cr1_2656,train,images/CR1_2656.JPG
perceptual_candidate,4,False,cubit_train_cr1_1663,train,images/CR1_1663.JPG,cubit_train_cr1_2656,train,images/CR1_2656.JPG
perceptual_candidate,4,False,cubit_train_cr1_1663,train,images/CR1_1663.JPG,cubit_train_cr1_710,train,images/CR1_710.JPG
perceptual_candidate,4,False,cubit_train_cr1_1670,train,images/CR1_1670.JPG,cubit_train_cr1_2656,train,images/CR1_2656.JPG
perceptual_candidate,4,False,cubit_train_cr1_1670,train,images/CR1_1670.JPG,cubit_train_cr1_710,train,images/CR1_710.JPG
perceptual_candidate,4,False,cubit_train_cr1_1940,train,images/CR1_1940.JPG,cubit_train_cr1_1947,train,images/CR1_1947.JPG
perceptual_candidate,4,False,cubit_train_cr1_2589,train,images/CR1_2589.JPG,cubit_train_cr1_2596,train,images/CR1_2596.JPG
perceptual_candidate,4,False,cubit_train_cr1_2813,train,images/CR1_2813.JPG,cubit_train_cr1_2831,train,images/CR1_2831.JPG
perceptual_candidate,4,False,cubit_train_cr1_3052,train,images/CR1_3052.JPG,cubit_train_cr1_3060,train,images/CR1_3060.JPG
perceptual_candidate,4,False,cubit_train_cr1_515,train,images/CR1_515.JPG,cubit_train_cr1_876,train,images/CR1_876.JPG
perceptual_candidate,4,False,cubit_train_cr1_555,train,images/CR1_555.JPG,cubit_train_cr1_595,train,images/CR1_595.JPG
perceptual_candidate,4,False,cubit_train_cr1_869,train,images/CR1_869.JPG,cubit_train_cr1_870,train,images/CR1_870.JPG
perceptual_candidate,4,False,cubit_train_cr1_93,train,images/CR1_93.JPG,cubit_train_sp1_677,train,images/SP1_677.JPG
perceptual_candidate,4,False,cubit_train_cr1_96,train,images/CR1_96.JPG,cubit_train_sp1_680,train,images/SP1_680.JPG
perceptual_candidate,4,False,cubit_train_cr1_985,train,images/CR1_985.JPG,cubit_train_cr1_986,train,images/CR1_986.JPG
perceptual_candidate,4,False,cubit_train_cr1_99,train,images/CR1_99.JPG,cubit_train_sp1_683,train,images/SP1_683.JPG
perceptual_candidate,4,False,cubit_train_sp0_1031,train,images/SP0_1031.JPG,cubit_train_sp1_1005,train,images/SP1_1005.JPG
perceptual_candidate,4,False,cubit_train_sp0_1044,train,images/SP0_1044.JPG,cubit_train_sp1_1032,train,images/SP1_1032.JPG
perceptual_candidate,4,False,cubit_train_sp0_106,train,images/SP0_106.JPG,cubit_train_sp1_110,train,images/SP1_110.JPG
perceptual_candidate,4,False,cubit_train_sp0_1080,train,images/SP0_1080.JPG,cubit_train_sp1_1068,train,images/SP1_1068.JPG
perceptual_candidate,4,False,cubit_train_sp0_1144,train,images/SP0_1144.JPG,cubit_train_sp1_1132,train,images/SP1_1132.JPG
perceptual_candidate,4,False,cubit_train_sp0_1152,train,images/SP0_1152.JPG,cubit_train_sp1_1139,train,images/SP1_1139.JPG
perceptual_candidate,4,False,cubit_train_sp0_1165,train,images/SP0_1165.JPG,cubit_train_sp1_1144,train,images/SP1_1144.JPG
perceptual_candidate,4,False,cubit_train_sp0_1185,train,images/SP0_1185.JPG,cubit_train_sp0_1186,train,images/SP0_1186.JPG
perceptual_candidate,4,False,cubit_train_sp0_1185,train,images/SP0_1185.JPG,cubit_train_sp1_1173,train,images/SP1_1173.JPG
perceptual_candidate,4,False,cubit_train_sp0_1187,train,images/SP0_1187.JPG,cubit_train_sp1_1174,train,images/SP1_1174.JPG
perceptual_candidate,4,False,cubit_train_sp0_1197,train,images/SP0_1197.JPG,cubit_train_sp1_1177,train,images/SP1_1177.JPG
perceptual_candidate,4,False,cubit_train_sp0_1199,train,images/SP0_1199.JPG,cubit_train_sp1_1179,train,images/SP1_1179.JPG
perceptual_candidate,4,False,cubit_train_sp0_1200,train,images/SP0_1200.JPG,cubit_train_sp1_1179,train,images/SP1_1179.JPG
perceptual_candidate,4,False,cubit_train_sp0_1218,train,images/SP0_1218.JPG,cubit_train_sp1_1206,train,images/SP1_1206.JPG
perceptual_candidate,4,False,cubit_train_sp0_1219,train,images/SP0_1219.JPG,cubit_train_sp1_1207,train,images/SP1_1207.JPG
perceptual_candidate,4,False,cubit_train_sp0_1231,train,images/SP0_1231.JPG,cubit_train_sp1_1216,train,images/SP1_1216.JPG
perceptual_candidate,4,False,cubit_train_sp0_1240,train,images/SP0_1240.JPG,cubit_train_sp1_1219,train,images/SP1_1219.JPG
perceptual_candidate,4,False,cubit_train_sp0_1244,train,images/SP0_1244.JPG,cubit_train_sp1_1222,train,images/SP1_1222.JPG
perceptual_candidate,4,False,cubit_train_sp0_1269,train,images/SP0_1269.JPG,cubit_train_sp1_1249,train,images/SP1_1249.JPG
perceptual_candidate,4,False,cubit_train_sp0_1276,train,images/SP0_1276.JPG,cubit_train_sp0_1277,train,images/SP0_1277.JPG
perceptual_candidate,4,False,cubit_train_sp0_1277,train,images/SP0_1277.JPG,cubit_train_sp1_1255,train,images/SP1_1255.JPG
perceptual_candidate,4,False,cubit_train_sp0_1277,train,images/SP0_1277.JPG,cubit_train_sp1_1265,train,images/SP1_1265.JPG
perceptual_candidate,4,False,cubit_train_sp0_130,train,images/SP0_130.JPG,cubit_train_sp1_124,train,images/SP1_124.JPG
perceptual_candidate,4,False,cubit_train_sp0_1309,train,images/SP0_1309.JPG,cubit_train_sp1_1289,train,images/SP1_1289.JPG
perceptual_candidate,4,False,cubit_train_sp0_1313,train,images/SP0_1313.JPG,cubit_train_sp1_1291,train,images/SP1_1291.JPG
perceptual_candidate,4,False,cubit_train_sp0_1329,train,images/SP0_1329.JPG,cubit_train_sp0_1365,train,images/SP0_1365.JPG
perceptual_candidate,4,False,cubit_train_sp0_1334,train,images/SP0_1334.JPG,cubit_train_sp0_1335,train,images/SP0_1335.JPG
perceptual_candidate,4,False,cubit_train_sp0_1360,train,images/SP0_1360.JPG,cubit_train_sp1_1348,train,images/SP1_1348.JPG
perceptual_candidate,4,False,cubit_train_sp0_1370,train,images/SP0_1370.JPG,cubit_train_sp0_1371,train,images/SP0_1371.JPG
perceptual_candidate,4,False,cubit_train_sp0_1381,train,images/SP0_1381.JPG,cubit_train_sp1_1360,train,images/SP1_1360.JPG
perceptual_candidate,4,False,cubit_train_sp0_1395,train,images/SP0_1395.JPG,cubit_train_sp1_1383,train,images/SP1_1383.JPG
perceptual_candidate,4,False,cubit_train_sp0_1424,train,images/SP0_1424.JPG,cubit_train_sp1_1416,train,images/SP1_1416.JPG
perceptual_candidate,4,False,cubit_train_sp0_1425,train,images/SP0_1425.JPG,cubit_train_sp1_1416,train,images/SP1_1416.JPG
perceptual_candidate,4,False,cubit_train_sp0_1455,train,images/SP0_1455.JPG,cubit_train_sp0_1461,train,images/SP0_1461.JPG
perceptual_candidate,4,False,cubit_train_sp0_1458,train,images/SP0_1458.JPG,cubit_train_sp1_1450,train,images/SP1_1450.JPG
perceptual_candidate,4,False,cubit_train_sp0_1459,train,images/SP0_1459.JPG,cubit_train_sp0_1465,train,images/SP0_1465.JPG
perceptual_candidate,4,False,cubit_train_sp0_1461,train,images/SP0_1461.JPG,cubit_train_sp1_1452,train,images/SP1_1452.JPG
perceptual_candidate,4,False,cubit_train_sp0_1476,train,images/SP0_1476.JPG,cubit_train_sp1_1464,train,images/SP1_1464.JPG
perceptual_candidate,4,False,cubit_train_sp0_1481,train,images/SP0_1481.JPG,cubit_train_sp1_1463,train,images/SP1_1463.JPG
perceptual_candidate,4,False,cubit_train_sp0_1510,train,images/SP0_1510.JPG,cubit_train_sp1_1504,train,images/SP1_1504.JPG
perceptual_candidate,4,False,cubit_train_sp0_1524,train,images/SP0_1524.JPG,cubit_train_sp1_1515,train,images/SP1_1515.JPG
perceptual_candidate,4,False,cubit_train_sp0_155,train,images/SP0_155.JPG,cubit_train_sp1_160,train,images/SP1_160.JPG
perceptual_candidate,4,False,cubit_train_sp0_1550,train,images/SP0_1550.JPG,cubit_train_sp1_1543,train,images/SP1_1543.JPG
perceptual_candidate,4,False,cubit_train_sp0_1585,train,images/SP0_1585.JPG,cubit_train_sp1_1578,train,images/SP1_1578.JPG
perceptual_candidate,4,False,cubit_train_sp0_1605,train,images/SP0_1605.JPG,cubit_train_sp1_1589,train,images/SP1_1589.JPG
perceptual_candidate,4,False,cubit_train_sp0_1614,train,images/SP0_1614.JPG,cubit_train_sp0_1615,train,images/SP0_1615.JPG
perceptual_candidate,4,False,cubit_train_sp0_1629,train,images/SP0_1629.JPG,cubit_train_sp0_1630,train,images/SP0_1630.JPG
perceptual_candidate,4,False,cubit_train_sp0_1647,train,images/SP0_1647.JPG,cubit_train_sp1_1641,train,images/SP1_1641.JPG
perceptual_candidate,4,False,cubit_train_sp0_1653,train,images/SP0_1653.JPG,cubit_train_sp1_1647,train,images/SP1_1647.JPG
perceptual_candidate,4,False,cubit_train_sp0_1692,train,images/SP0_1692.JPG,cubit_train_sp1_1684,train,images/SP1_1684.JPG
perceptual_candidate,4,False,cubit_train_sp0_173,train,images/SP0_173.JPG,cubit_train_sp0_174,train,images/SP0_174.JPG
perceptual_candidate,4,False,cubit_train_sp0_1751,train,images/SP0_1751.JPG,cubit_train_sp0_1752,train,images/SP0_1752.JPG
perceptual_candidate,4,False,cubit_train_sp0_1777,train,images/SP0_1777.JPG,cubit_train_sp0_1778,train,images/SP0_1778.JPG
perceptual_candidate,4,False,cubit_train_sp0_1778,train,images/SP0_1778.JPG,cubit_train_sp1_1771,train,images/SP1_1771.JPG
perceptual_candidate,4,False,cubit_train_sp0_1784,train,images/SP0_1784.JPG,cubit_train_sp0_1785,train,images/SP0_1785.JPG
perceptual_candidate,4,False,cubit_train_sp0_1784,train,images/SP0_1784.JPG,cubit_train_sp1_1767,train,images/SP1_1767.JPG
perceptual_candidate,4,False,cubit_train_sp0_1784,train,images/SP0_1784.JPG,cubit_train_sp1_1779,train,images/SP1_1779.JPG
perceptual_candidate,4,False,cubit_train_sp0_1785,train,images/SP0_1785.JPG,cubit_train_sp1_1778,train,images/SP1_1778.JPG
perceptual_candidate,4,False,cubit_train_sp0_1798,train,images/SP0_1798.JPG,cubit_train_sp1_1790,train,images/SP1_1790.JPG
perceptual_candidate,4,False,cubit_train_sp0_1805,train,images/SP0_1805.JPG,cubit_train_sp1_1796,train,images/SP1_1796.JPG
perceptual_candidate,4,False,cubit_train_sp0_1816,train,images/SP0_1816.JPG,cubit_train_sp0_1817,train,images/SP0_1817.JPG
perceptual_candidate,4,False,cubit_train_sp0_1816,train,images/SP0_1816.JPG,cubit_train_sp1_1809,train,images/SP1_1809.JPG
perceptual_candidate,4,False,cubit_train_sp0_183,train,images/SP0_183.JPG,cubit_train_sp1_179,train,images/SP1_179.JPG
perceptual_candidate,4,False,cubit_train_sp0_1831,train,images/SP0_1831.JPG,cubit_train_sp0_1832,train,images/SP0_1832.JPG
perceptual_candidate,4,False,cubit_train_sp0_1833,train,images/SP0_1833.JPG,cubit_train_sp1_1823,train,images/SP1_1823.JPG
perceptual_candidate,4,False,cubit_train_sp0_1863,train,images/SP0_1863.JPG,cubit_train_sp1_1855,train,images/SP1_1855.JPG
perceptual_candidate,4,False,cubit_train_sp0_1864,train,images/SP0_1864.JPG,cubit_train_sp1_1855,train,images/SP1_1855.JPG
perceptual_candidate,4,False,cubit_train_sp0_1865,train,images/SP0_1865.JPG,cubit_train_sp1_1856,train,images/SP1_1856.JPG
perceptual_candidate,4,False,cubit_train_sp0_1885,train,images/SP0_1885.JPG,cubit_train_sp1_1867,train,images/SP1_1867.JPG
perceptual_candidate,4,False,cubit_train_sp0_199,train,images/SP0_199.JPG,cubit_train_sp1_205,train,images/SP1_205.JPG
perceptual_candidate,4,False,cubit_train_sp0_200,train,images/SP0_200.JPG,cubit_train_sp1_205,train,images/SP1_205.JPG
perceptual_candidate,4,False,cubit_train_sp0_201,train,images/SP0_201.JPG,cubit_train_sp1_206,train,images/SP1_206.JPG
perceptual_candidate,4,False,cubit_train_sp0_215,train,images/SP0_215.JPG,cubit_train_sp1_212,train,images/SP1_212.JPG
perceptual_candidate,4,False,cubit_train_sp0_239,train,images/SP0_239.JPG,cubit_train_sp0_240,train,images/SP0_240.JPG
perceptual_candidate,4,False,cubit_train_sp0_24,train,images/SP0_24.JPG,cubit_train_sp1_15,train,images/SP1_15.JPG
perceptual_candidate,4,False,cubit_train_sp0_249,train,images/SP0_249.JPG,cubit_train_sp0_250,train,images/SP0_250.JPG
perceptual_candidate,4,False,cubit_train_sp0_25,train,images/SP0_25.JPG,cubit_train_sp0_26,train,images/SP0_26.JPG
perceptual_candidate,4,False,cubit_train_sp0_25,train,images/SP0_25.JPG,cubit_train_sp1_26,train,images/SP1_26.JPG
perceptual_candidate,4,False,cubit_train_sp0_250,train,images/SP0_250.JPG,cubit_train_sp1_247,train,images/SP1_247.JPG
perceptual_candidate,4,False,cubit_train_sp0_256,train,images/SP0_256.JPG,cubit_train_sp1_252,train,images/SP1_252.JPG
perceptual_candidate,4,False,cubit_train_sp0_26,train,images/SP0_26.JPG,cubit_train_sp1_16,train,images/SP1_16.JPG
perceptual_candidate,4,False,cubit_train_sp0_26,train,images/SP0_26.JPG,cubit_train_sp1_25,train,images/SP1_25.JPG
perceptual_candidate,4,False,cubit_train_sp0_266,train,images/SP0_266.JPG,cubit_train_sp0_267,train,images/SP0_267.JPG
perceptual_candidate,4,False,cubit_train_sp0_269,train,images/SP0_269.JPG,cubit_train_sp0_270,train,images/SP0_270.JPG
perceptual_candidate,4,False,cubit_train_sp0_287,train,images/SP0_287.JPG,cubit_train_sp0_288,train,images/SP0_288.JPG
perceptual_candidate,4,False,cubit_train_sp0_287,train,images/SP0_287.JPG,cubit_train_sp1_294,train,images/SP1_294.JPG
perceptual_candidate,4,False,cubit_train_sp0_288,train,images/SP0_288.JPG,cubit_train_sp1_293,train,images/SP1_293.JPG
perceptual_candidate,4,False,cubit_train_sp0_290,train,images/SP0_290.JPG,cubit_train_sp1_287,train,images/SP1_287.JPG
perceptual_candidate,4,False,cubit_train_sp0_292,train,images/SP0_292.JPG,cubit_train_sp1_290,train,images/SP1_290.JPG
perceptual_candidate,4,False,cubit_train_sp0_295,train,images/SP0_295.JPG,cubit_train_sp0_296,train,images/SP0_296.JPG
perceptual_candidate,4,False,cubit_train_sp0_306,train,images/SP0_306.JPG,cubit_train_sp1_313,train,images/SP1_313.JPG
perceptual_candidate,4,False,cubit_train_sp0_324,train,images/SP0_324.JPG,cubit_train_sp1_323,train,images/SP1_323.JPG
perceptual_candidate,4,False,cubit_train_sp0_334,train,images/SP0_334.JPG,cubit_train_sp1_342,train,images/SP1_342.JPG
perceptual_candidate,4,False,cubit_train_sp0_376,train,images/SP0_376.JPG,cubit_train_sp1_369,train,images/SP1_369.JPG
perceptual_candidate,4,False,cubit_train_sp0_392,train,images/SP0_392.JPG,cubit_train_sp1_377,train,images/SP1_377.JPG
perceptual_candidate,4,False,cubit_train_sp0_401,train,images/SP0_401.JPG,cubit_train_sp0_402,train,images/SP0_402.JPG
perceptual_candidate,4,False,cubit_train_sp0_41,train,images/SP0_41.JPG,cubit_train_sp1_43,train,images/SP1_43.JPG
perceptual_candidate,4,False,cubit_train_sp0_410,train,images/SP0_410.JPG,cubit_train_sp1_403,train,images/SP1_403.JPG
perceptual_candidate,4,False,cubit_train_sp0_439,train,images/SP0_439.JPG,cubit_train_sp1_433,train,images/SP1_433.JPG
perceptual_candidate,4,False,cubit_train_sp0_441,train,images/SP0_441.JPG,cubit_train_sp1_436,train,images/SP1_436.JPG
perceptual_candidate,4,False,cubit_train_sp0_442,train,images/SP0_442.JPG,cubit_train_sp1_436,train,images/SP1_436.JPG
perceptual_candidate,4,False,cubit_train_sp0_446,train,images/SP0_446.JPG,cubit_train_sp0_447,train,images/SP0_447.JPG
perceptual_candidate,4,False,cubit_train_sp0_447,train,images/SP0_447.JPG,cubit_train_sp1_439,train,images/SP1_439.JPG
perceptual_candidate,4,False,cubit_train_sp0_456,train,images/SP0_456.JPG,cubit_train_sp1_442,train,images/SP1_442.JPG
perceptual_candidate,4,False,cubit_train_sp0_458,train,images/SP0_458.JPG,cubit_train_sp1_444,train,images/SP1_444.JPG
perceptual_candidate,4,False,cubit_train_sp0_46,train,images/SP0_46.JPG,cubit_train_sp1_48,train,images/SP1_48.JPG
perceptual_candidate,4,False,cubit_train_sp0_467,train,images/SP0_467.JPG,cubit_train_sp0_468,train,images/SP0_468.JPG
perceptual_candidate,4,False,cubit_train_sp0_467,train,images/SP0_467.JPG,cubit_train_sp1_463,train,images/SP1_463.JPG
perceptual_candidate,4,False,cubit_train_sp0_518,train,images/SP0_518.JPG,cubit_train_sp0_519,train,images/SP0_519.JPG
perceptual_candidate,4,False,cubit_train_sp0_561,train,images/SP0_561.JPG,cubit_train_sp0_562,train,images/SP0_562.JPG
perceptual_candidate,4,False,cubit_train_sp0_569,train,images/SP0_569.JPG,cubit_train_sp1_554,train,images/SP1_554.JPG
perceptual_candidate,4,False,cubit_train_sp0_572,train,images/SP0_572.JPG,cubit_train_sp1_556,train,images/SP1_556.JPG
perceptual_candidate,4,False,cubit_train_sp0_583,train,images/SP0_583.JPG,cubit_train_sp1_577,train,images/SP1_577.JPG
perceptual_candidate,4,False,cubit_train_sp0_641,train,images/SP0_641.JPG,cubit_train_sp1_625,train,images/SP1_625.JPG
perceptual_candidate,4,False,cubit_train_sp0_642,train,images/SP0_642.JPG,cubit_train_sp1_626,train,images/SP1_626.JPG
perceptual_candidate,4,False,cubit_train_sp0_656,train,images/SP0_656.JPG,cubit_train_sp1_649,train,images/SP1_649.JPG
perceptual_candidate,4,False,cubit_train_sp0_657,train,images/SP0_657.JPG,cubit_train_sp1_649,train,images/SP1_649.JPG
perceptual_candidate,4,False,cubit_train_sp0_659,train,images/SP0_659.JPG,cubit_train_sp0_660,train,images/SP0_660.JPG
perceptual_candidate,4,False,cubit_train_sp0_67,train,images/SP0_67.JPG,cubit_train_sp0_68,train,images/SP0_68.JPG
perceptual_candidate,4,False,cubit_train_sp0_676,train,images/SP0_676.JPG,cubit_train_sp1_660,train,images/SP1_660.JPG
perceptual_candidate,4,False,cubit_train_sp0_697,train,images/SP0_697.JPG,cubit_train_sp0_698,train,images/SP0_698.JPG
perceptual_candidate,4,False,cubit_train_sp0_713,train,images/SP0_713.JPG,cubit_train_sp1_697,train,images/SP1_697.JPG
perceptual_candidate,4,False,cubit_train_sp0_726,train,images/SP0_726.JPG,cubit_train_sp1_719,train,images/SP1_719.JPG
perceptual_candidate,4,False,cubit_train_sp0_73,train,images/SP0_73.JPG,cubit_train_sp0_74,train,images/SP0_74.JPG
perceptual_candidate,4,False,cubit_train_sp0_732,train,images/SP0_732.JPG,cubit_train_sp1_724,train,images/SP1_724.JPG
perceptual_candidate,4,False,cubit_train_sp0_75,train,images/SP0_75.JPG,cubit_train_sp1_78,train,images/SP1_78.JPG
perceptual_candidate,4,False,cubit_train_sp0_757,train,images/SP0_757.JPG,cubit_train_sp1_751,train,images/SP1_751.JPG
perceptual_candidate,4,False,cubit_train_sp0_760,train,images/SP0_760.JPG,cubit_train_sp0_761,train,images/SP0_761.JPG
perceptual_candidate,4,False,cubit_train_sp0_776,train,images/SP0_776.JPG,cubit_train_sp1_761,train,images/SP1_761.JPG
perceptual_candidate,4,False,cubit_train_sp0_779,train,images/SP0_779.JPG,cubit_train_sp1_764,train,images/SP1_764.JPG
perceptual_candidate,4,False,cubit_train_sp0_810,train,images/SP0_810.JPG,cubit_train_sp1_795,train,images/SP1_795.JPG
perceptual_candidate,4,False,cubit_train_sp0_838,train,images/SP0_838.JPG,cubit_train_sp0_839,train,images/SP0_839.JPG
perceptual_candidate,4,False,cubit_train_sp0_859,train,images/SP0_859.JPG,cubit_train_sp1_845,train,images/SP1_845.JPG
perceptual_candidate,4,False,cubit_train_sp0_86,train,images/SP0_86.JPG,cubit_train_sp0_87,train,images/SP0_87.JPG
perceptual_candidate,4,False,cubit_train_sp0_86,train,images/SP0_86.JPG,cubit_train_sp1_92,train,images/SP1_92.JPG
perceptual_candidate,4,False,cubit_train_sp0_89,train,images/SP0_89.JPG,cubit_train_sp1_84,train,images/SP1_84.JPG
perceptual_candidate,4,False,cubit_train_sp0_918,train,images/SP0_918.JPG,cubit_train_sp1_898,train,images/SP1_898.JPG
perceptual_candidate,4,False,cubit_train_sp0_931,train,images/SP0_931.JPG,cubit_train_sp1_910,train,images/SP1_910.JPG
perceptual_candidate,4,False,cubit_train_sp0_940,train,images/SP0_940.JPG,cubit_train_sp1_913,train,images/SP1_913.JPG
perceptual_candidate,4,False,cubit_train_sp0_950,train,images/SP0_950.JPG,cubit_train_sp0_951,train,images/SP0_951.JPG
perceptual_candidate,4,False,cubit_train_sp0_950,train,images/SP0_950.JPG,cubit_train_sp1_931,train,images/SP1_931.JPG
perceptual_candidate,4,False,cubit_train_sp0_951,train,images/SP0_951.JPG,cubit_train_sp1_931,train,images/SP1_931.JPG
perceptual_candidate,4,False,cubit_train_sp0_955,train,images/SP0_955.JPG,cubit_train_sp1_934,train,images/SP1_934.JPG
perceptual_candidate,4,False,cubit_train_sp0_956,train,images/SP0_956.JPG,cubit_train_sp1_935,train,images/SP1_935.JPG
perceptual_candidate,4,False,cubit_train_sp0_973,train,images/SP0_973.JPG,cubit_train_sp1_944,train,images/SP1_944.JPG
perceptual_candidate,4,False,cubit_train_sp0_985,train,images/SP0_985.JPG,cubit_train_sp1_966,train,images/SP1_966.JPG
perceptual_candidate,4,False,cubit_train_sp1_1144,train,images/SP1_1144.JPG,cubit_train_sp1_1154,train,images/SP1_1154.JPG
perceptual_candidate,4,False,cubit_train_sp1_1179,train,images/SP1_1179.JPG,cubit_train_sp1_1189,train,images/SP1_1189.JPG
perceptual_candidate,4,False,cubit_train_sp1_1219,train,images/SP1_1219.JPG,cubit_train_sp1_1229,train,images/SP1_1229.JPG
perceptual_candidate,4,False,cubit_train_sp1_1222,train,images/SP1_1222.JPG,cubit_train_sp1_1233,train,images/SP1_1233.JPG
perceptual_candidate,4,False,cubit_train_sp1_124,train,images/SP1_124.JPG,cubit_train_sp1_135,train,images/SP1_135.JPG
perceptual_candidate,4,False,cubit_train_sp1_1291,train,images/SP1_1291.JPG,cubit_train_sp1_1302,train,images/SP1_1302.JPG
perceptual_candidate,4,False,cubit_train_sp1_1360,train,images/SP1_1360.JPG,cubit_train_sp1_1370,train,images/SP1_1370.JPG
perceptual_candidate,4,False,cubit_train_sp1_1463,train,images/SP1_1463.JPG,cubit_train_sp1_1474,train,images/SP1_1474.JPG
perceptual_candidate,4,False,cubit_train_sp1_1464,train,images/SP1_1464.JPG,cubit_train_sp1_1469,train,images/SP1_1469.JPG
perceptual_candidate,4,False,cubit_train_sp1_149,train,images/SP1_149.JPG,cubit_train_sp1_157,train,images/SP1_157.JPG
perceptual_candidate,4,False,cubit_train_sp1_1503,train,images/SP1_1503.JPG,cubit_train_sp1_1504,train,images/SP1_1504.JPG
perceptual_candidate,4,False,cubit_train_sp1_16,train,images/SP1_16.JPG,cubit_train_sp1_26,train,images/SP1_26.JPG
perceptual_candidate,4,False,cubit_train_sp1_1730,train,images/SP1_1730.JPG,cubit_train_sp1_1741,train,images/SP1_1741.JPG
perceptual_candidate,4,False,cubit_train_sp1_1767,train,images/SP1_1767.JPG,cubit_train_sp1_1778,train,images/SP1_1778.JPG
perceptual_candidate,4,False,cubit_train_sp1_1778,train,images/SP1_1778.JPG,cubit_train_sp1_1779,train,images/SP1_1779.JPG
perceptual_candidate,4,False,cubit_train_sp1_179,train,images/SP1_179.JPG,cubit_train_sp1_189,train,images/SP1_189.JPG
perceptual_candidate,4,False,cubit_train_sp1_1867,train,images/SP1_1867.JPG,cubit_train_sp1_1877,train,images/SP1_1877.JPG
perceptual_candidate,4,False,cubit_train_sp1_213,train,images/SP1_213.JPG,cubit_train_sp1_223,train,images/SP1_223.JPG
perceptual_candidate,4,False,cubit_train_sp1_25,train,images/SP1_25.JPG,cubit_train_sp1_26,train,images/SP1_26.JPG
perceptual_candidate,4,False,cubit_train_sp1_252,train,images/SP1_252.JPG,cubit_train_sp1_262,train,images/SP1_262.JPG
perceptual_candidate,4,False,cubit_train_sp1_287,train,images/SP1_287.JPG,cubit_train_sp1_296,train,images/SP1_296.JPG
perceptual_candidate,4,False,cubit_train_sp1_290,train,images/SP1_290.JPG,cubit_train_sp1_301,train,images/SP1_301.JPG
perceptual_candidate,4,False,cubit_train_sp1_293,train,images/SP1_293.JPG,cubit_train_sp1_294,train,images/SP1_294.JPG
perceptual_candidate,4,False,cubit_train_sp1_323,train,images/SP1_323.JPG,cubit_train_sp1_333,train,images/SP1_333.JPG
perceptual_candidate,4,False,cubit_train_sp1_444,train,images/SP1_444.JPG,cubit_train_sp1_453,train,images/SP1_453.JPG
perceptual_candidate,4,False,cubit_train_sp1_482,train,images/SP1_482.JPG,cubit_train_sp1_492,train,images/SP1_492.JPG
perceptual_candidate,4,False,cubit_train_sp1_53,train,images/SP1_53.JPG,cubit_train_sp1_63,train,images/SP1_63.JPG
perceptual_candidate,4,False,cubit_train_sp1_554,train,images/SP1_554.JPG,cubit_train_sp1_564,train,images/SP1_564.JPG
perceptual_candidate,4,False,cubit_train_sp1_556,train,images/SP1_556.JPG,cubit_train_sp1_567,train,images/SP1_567.JPG
perceptual_candidate,4,False,cubit_train_sp1_625,train,images/SP1_625.JPG,cubit_train_sp1_636,train,images/SP1_636.JPG
perceptual_candidate,4,False,cubit_train_sp1_626,train,images/SP1_626.JPG,cubit_train_sp1_637,train,images/SP1_637.JPG
perceptual_candidate,4,False,cubit_train_sp1_660,train,images/SP1_660.JPG,cubit_train_sp1_671,train,images/SP1_671.JPG
perceptual_candidate,4,False,cubit_train_sp1_695,train,images/SP1_695.JPG,cubit_train_sp1_706,train,images/SP1_706.JPG
perceptual_candidate,4,False,cubit_train_sp1_697,train,images/SP1_697.JPG,cubit_train_sp1_708,train,images/SP1_708.JPG
perceptual_candidate,4,False,cubit_train_sp1_84,train,images/SP1_84.JPG,cubit_train_sp1_94,train,images/SP1_94.JPG
perceptual_candidate,4,False,cubit_train_sp1_878,train,images/SP1_878.JPG,cubit_train_sp1_888,train,images/SP1_888.JPG
perceptual_candidate,4,False,cubit_train_sp1_880,train,images/SP1_880.JPG,cubit_train_sp1_891,train,images/SP1_891.JPG
perceptual_candidate,4,False,cubit_train_sp1_913,train,images/SP1_913.JPG,cubit_train_sp1_921,train,images/SP1_921.JPG
perceptual_candidate,4,False,cubit_train_sp1_939,train,images/SP1_939.JPG,cubit_train_sp1_949,train,images/SP1_949.JPG
perceptual_candidate,4,False,cubit_train_sp1_944,train,images/SP1_944.JPG,cubit_train_sp1_954,train,images/SP1_954.JPG
perceptual_candidate,4,False,cubit_val_sp0_1379,val,images/SP0_1379.JPG,cubit_val_sp1_1359,val,images/SP1_1359.JPG
perceptual_candidate,6,False,cubit_test_cr1_1003,test,images/CR1_1003.JPG,cubit_test_cr1_343,test,images/CR1_343.JPG
perceptual_candidate,6,False,cubit_test_sp0_1511,test,images/SP0_1511.JPG,cubit_test_sp1_1498,test,images/SP1_1498.JPG
perceptual_candidate,6,False,cubit_test_sp0_1749,test,images/SP0_1749.JPG,cubit_test_sp1_1742,test,images/SP1_1742.JPG
perceptual_candidate,6,False,cubit_test_sp0_1886,test,images/SP0_1886.JPG,cubit_test_sp1_1868,test,images/SP1_1868.JPG
perceptual_candidate,6,False,cubit_test_sp0_204,test,images/SP0_204.JPG,cubit_test_sp1_207,test,images/SP1_207.JPG
perceptual_candidate,6,False,cubit_test_sp0_325,test,images/SP0_325.JPG,cubit_test_sp1_324,test,images/SP1_324.JPG
perceptual_candidate,6,False,cubit_test_sp0_602,test,images/SP0_602.JPG,cubit_test_sp0_603,test,images/SP0_603.JPG
perceptual_candidate,6,False,cubit_test_sp0_671,test,images/SP0_671.JPG,cubit_test_sp1_665,test,images/SP1_665.JPG
perceptual_candidate,6,False,cubit_test_sp0_738,test,images/SP0_738.JPG,cubit_test_sp1_734,test,images/SP1_734.JPG
perceptual_candidate,6,False,cubit_test_sp0_902,test,images/SP0_902.JPG,cubit_test_sp1_884,test,images/SP1_884.JPG
perceptual_candidate,6,False,cubit_test_sp0_942,test,images/SP0_942.JPG,cubit_test_sp1_922,test,images/SP1_922.JPG
perceptual_candidate,6,False,cubit_test_sp1_1338,test,images/SP1_1338.JPG,cubit_test_sp1_1339,test,images/SP1_1339.JPG
perceptual_candidate,6,False,cubit_train_cr1_1004,train,images/CR1_1004.JPG,cubit_train_cr1_1009,train,images/CR1_1009.JPG
perceptual_candidate,6,False,cubit_train_cr1_1015,train,images/CR1_1015.JPG,cubit_train_cr1_1090,train,images/CR1_1090.JPG
perceptual_candidate,6,False,cubit_train_cr1_105,train,images/CR1_105.JPG,cubit_train_sp0_697,train,images/SP0_697.JPG
perceptual_candidate,6,False,cubit_train_cr1_105,train,images/CR1_105.JPG,cubit_train_sp1_689,train,images/SP1_689.JPG
perceptual_candidate,6,False,cubit_train_cr1_1056,train,images/CR1_1056.JPG,cubit_train_cr1_668,train,images/CR1_668.JPG
perceptual_candidate,6,False,cubit_train_cr1_106,train,images/CR1_106.JPG,cubit_train_sp1_690,train,images/SP1_690.JPG
perceptual_candidate,6,False,cubit_train_cr1_1061,train,images/CR1_1061.JPG,cubit_train_cr1_673,train,images/CR1_673.JPG
perceptual_candidate,6,False,cubit_train_cr1_1062,train,images/CR1_1062.JPG,cubit_train_cr1_674,train,images/CR1_674.JPG
perceptual_candidate,6,False,cubit_train_cr1_1065,train,images/CR1_1065.JPG,cubit_train_cr1_676,train,images/CR1_676.JPG
perceptual_candidate,6,False,cubit_train_cr1_1066,train,images/CR1_1066.JPG,cubit_train_cr1_678,train,images/CR1_678.JPG
perceptual_candidate,6,False,cubit_train_cr1_1067,train,images/CR1_1067.JPG,cubit_train_cr1_679,train,images/CR1_679.JPG
perceptual_candidate,6,False,cubit_train_cr1_107,train,images/CR1_107.JPG,cubit_train_sp0_699,train,images/SP0_699.JPG
perceptual_candidate,6,False,cubit_train_cr1_1074,train,images/CR1_1074.JPG,cubit_train_cr1_1090,train,images/CR1_1090.JPG
perceptual_candidate,6,False,cubit_train_cr1_1078,train,images/CR1_1078.JPG,cubit_train_cr1_714,train,images/CR1_714.JPG
perceptual_candidate,6,False,cubit_train_cr1_1280,train,images/CR1_1280.JPG,cubit_train_cr1_3052,train,images/CR1_3052.JPG
perceptual_candidate,6,False,cubit_train_cr1_1381,train,images/CR1_1381.JPG,cubit_train_cr1_3047,train,images/CR1_3047.JPG
perceptual_candidate,6,False,cubit_train_cr1_1421,train,images/CR1_1421.JPG,cubit_train_cr1_1426,train,images/CR1_1426.JPG
perceptual_candidate,6,False,cubit_train_cr1_1425,train,images/CR1_1425.JPG,cubit_train_cr1_3052,train,images/CR1_3052.JPG
perceptual_candidate,6,False,cubit_train_cr1_1426,train,images/CR1_1426.JPG,cubit_train_cr1_1791,train,images/CR1_1791.JPG
perceptual_candidate,6,False,cubit_train_cr1_1426,train,images/CR1_1426.JPG,cubit_train_cr1_3061,train,images/CR1_3061.JPG
perceptual_candidate,6,False,cubit_train_cr1_1432,train,images/CR1_1432.JPG,cubit_train_cr1_1433,train,images/CR1_1433.JPG
perceptual_candidate,6,False,cubit_train_cr1_1444,train,images/CR1_1444.JPG,cubit_train_cr1_1445,train,images/CR1_1445.JPG
perceptual_candidate,6,False,cubit_train_cr1_1467,train,images/CR1_1467.JPG,cubit_train_cr1_2844,train,images/CR1_2844.JPG
perceptual_candidate,6,False,cubit_train_cr1_1476,train,images/CR1_1476.JPG,cubit_train_cr1_2853,train,images/CR1_2853.JPG
perceptual_candidate,6,False,cubit_train_cr1_1619,train,images/CR1_1619.JPG,cubit_train_cr1_947,train,images/CR1_947.JPG
perceptual_candidate,6,False,cubit_train_cr1_1625,train,images/CR1_1625.JPG,cubit_train_cr1_1633,train,images/CR1_1633.JPG
perceptual_candidate,6,False,cubit_train_cr1_1625,train,images/CR1_1625.JPG,cubit_train_cr1_1640,train,images/CR1_1640.JPG
perceptual_candidate,6,False,cubit_train_cr1_1625,train,images/CR1_1625.JPG,cubit_train_cr1_1662,train,images/CR1_1662.JPG
perceptual_candidate,6,False,cubit_train_cr1_1626,train,images/CR1_1626.JPG,cubit_train_cr1_1648,train,images/CR1_1648.JPG
perceptual_candidate,6,False,cubit_train_cr1_1626,train,images/CR1_1626.JPG,cubit_train_cr1_1655,train,images/CR1_1655.JPG
perceptual_candidate,6,False,cubit_train_cr1_1626,train,images/CR1_1626.JPG,cubit_train_cr1_2656,train,images/CR1_2656.JPG
perceptual_candidate,6,False,cubit_train_cr1_1626,train,images/CR1_1626.JPG,cubit_train_cr1_710,train,images/CR1_710.JPG
perceptual_candidate,6,False,cubit_train_cr1_1628,train,images/CR1_1628.JPG,cubit_train_cr1_1658,train,images/CR1_1658.JPG
perceptual_candidate,6,False,cubit_train_cr1_1632,train,images/CR1_1632.JPG,cubit_train_cr1_1633,train,images/CR1_1633.JPG
perceptual_candidate,6,False,cubit_train_cr1_1632,train,images/CR1_1632.JPG,cubit_train_cr1_1663,train,images/CR1_1663.JPG
perceptual_candidate,6,False,cubit_train_cr1_1632,train,images/CR1_1632.JPG,cubit_train_cr1_1670,train,images/CR1_1670.JPG
perceptual_candidate,6,False,cubit_train_cr1_1633,train,images/CR1_1633.JPG,cubit_train_cr1_1648,train,images/CR1_1648.JPG
perceptual_candidate,6,False,cubit_train_cr1_1633,train,images/CR1_1633.JPG,cubit_train_cr1_1655,train,images/CR1_1655.JPG
perceptual_candidate,6,False,cubit_train_cr1_1633,train,images/CR1_1633.JPG,cubit_train_cr1_2656,train,images/CR1_2656.JPG
perceptual_candidate,6,False,cubit_train_cr1_1634,train,images/CR1_1634.JPG,cubit_train_cr1_1664,train,images/CR1_1664.JPG
perceptual_candidate,6,False,cubit_train_cr1_1640,train,images/CR1_1640.JPG,cubit_train_cr1_1648,train,images/CR1_1648.JPG
perceptual_candidate,6,False,cubit_train_cr1_1640,train,images/CR1_1640.JPG,cubit_train_cr1_1655,train,images/CR1_1655.JPG
perceptual_candidate,6,False,cubit_train_cr1_1640,train,images/CR1_1640.JPG,cubit_train_cr1_710,train,images/CR1_710.JPG
perceptual_candidate,6,False,cubit_train_cr1_1648,train,images/CR1_1648.JPG,cubit_train_cr1_1663,train,images/CR1_1663.JPG
perceptual_candidate,6,False,cubit_train_cr1_1648,train,images/CR1_1648.JPG,cubit_train_cr1_1670,train,images/CR1_1670.JPG
perceptual_candidate,6,False,cubit_train_cr1_1655,train,images/CR1_1655.JPG,cubit_train_cr1_1663,train,images/CR1_1663.JPG
perceptual_candidate,6,False,cubit_train_cr1_1655,train,images/CR1_1655.JPG,cubit_train_cr1_1670,train,images/CR1_1670.JPG
perceptual_candidate,6,False,cubit_train_cr1_1662,train,images/CR1_1662.JPG,cubit_train_cr1_710,train,images/CR1_710.JPG
perceptual_candidate,6,False,cubit_train_cr1_1663,train,images/CR1_1663.JPG,cubit_train_cr1_557,train,images/CR1_557.JPG
perceptual_candidate,6,False,cubit_train_cr1_1670,train,images/CR1_1670.JPG,cubit_train_cr1_557,train,images/CR1_557.JPG
perceptual_candidate,6,False,cubit_train_cr1_1672,train,images/CR1_1672.JPG,cubit_train_cr1_1677,train,images/CR1_1677.JPG
perceptual_candidate,6,False,cubit_train_cr1_1680,train,images/CR1_1680.JPG,cubit_train_cr1_1685,train,images/CR1_1685.JPG
perceptual_candidate,6,False,cubit_train_cr1_1685,train,images/CR1_1685.JPG,cubit_train_cr1_1690,train,images/CR1_1690.JPG
perceptual_candidate,6,False,cubit_train_cr1_1935,train,images/CR1_1935.JPG,cubit_train_cr1_1936,train,images/CR1_1936.JPG
perceptual_candidate,6,False,cubit_train_cr1_1941,train,images/CR1_1941.JPG,cubit_train_cr1_1948,train,images/CR1_1948.JPG
perceptual_candidate,6,False,cubit_train_cr1_2037,train,images/CR1_2037.JPG,cubit_train_cr1_2038,train,images/CR1_2038.JPG
perceptual_candidate,6,False,cubit_train_cr1_2077,train,images/CR1_2077.JPG,cubit_train_cr1_2092,train,images/CR1_2092.JPG
perceptual_candidate,6,False,cubit_train_cr1_2089,train,images/CR1_2089.JPG,cubit_train_cr1_2096,train,images/CR1_2096.JPG
perceptual_candidate,6,False,cubit_train_cr1_2091,train,images/CR1_2091.JPG,cubit_train_cr1_2098,train,images/CR1_2098.JPG
perceptual_candidate,6,False,cubit_train_cr1_2172,train,images/CR1_2172.JPG,cubit_train_cr1_2173,train,images/CR1_2173.JPG
perceptual_candidate,6,False,cubit_train_cr1_2198,train,images/CR1_2198.JPG,cubit_train_cr1_2199,train,images/CR1_2199.JPG
perceptual_candidate,6,False,cubit_train_cr1_2619,train,images/CR1_2619.JPG,cubit_train_cr1_2624,train,images/CR1_2624.JPG
perceptual_candidate,6,False,cubit_train_cr1_2801,train,images/CR1_2801.JPG,cubit_train_cr1_2819,train,images/CR1_2819.JPG
perceptual_candidate,6,False,cubit_train_cr1_2802,train,images/CR1_2802.JPG,cubit_train_cr1_2820,train,images/CR1_2820.JPG
perceptual_candidate,6,False,cubit_train_cr1_2807,train,images/CR1_2807.JPG,cubit_train_cr1_2825,train,images/CR1_2825.JPG
perceptual_candidate,6,False,cubit_train_cr1_3061,train,images/CR1_3061.JPG,cubit_train_cr1_612,train,images/CR1_612.JPG
perceptual_candidate,6,False,cubit_train_cr1_3068,train,images/CR1_3068.JPG,cubit_train_cr1_595,train,images/CR1_595.JPG
perceptual_candidate,6,False,cubit_train_cr1_3131,train,images/CR1_3131.JPG,cubit_train_cr1_3132,train,images/CR1_3132.JPG
perceptual_candidate,6,False,cubit_train_cr1_335,train,images/CR1_335.JPG,cubit_train_cr1_336,train,images/CR1_336.JPG
perceptual_candidate,6,False,cubit_train_cr1_461,train,images/CR1_461.JPG,cubit_train_cr1_520,train,images/CR1_520.JPG
perceptual_candidate,6,False,cubit_train_cr1_503,train,images/CR1_503.JPG,cubit_train_cr1_864,train,images/CR1_864.JPG
perceptual_candidate,6,False,cubit_train_cr1_503,train,images/CR1_503.JPG,cubit_train_cr1_954,train,images/CR1_954.JPG
perceptual_candidate,6,False,cubit_train_cr1_503,train,images/CR1_503.JPG,cubit_train_cr1_955,train,images/CR1_955.JPG
perceptual_candidate,6,False,cubit_train_cr1_515,train,images/CR1_515.JPG,cubit_train_cr1_967,train,images/CR1_967.JPG
perceptual_candidate,6,False,cubit_train_cr1_545,train,images/CR1_545.JPG,cubit_train_cr1_967,train,images/CR1_967.JPG
perceptual_candidate,6,False,cubit_train_cr1_561,train,images/CR1_561.JPG,cubit_train_cr1_601,train,images/CR1_601.JPG
perceptual_candidate,6,False,cubit_train_cr1_607,train,images/CR1_607.JPG,cubit_train_cr1_608,train,images/CR1_608.JPG
perceptual_candidate,6,False,cubit_train_cr1_819,train,images/CR1_819.JPG,cubit_train_cr1_834,train,images/CR1_834.JPG
perceptual_candidate,6,False,cubit_train_cr1_821,train,images/CR1_821.JPG,cubit_train_cr1_836,train,images/CR1_836.JPG
perceptual_candidate,6,False,cubit_train_cr1_826,train,images/CR1_826.JPG,cubit_train_cr1_841,train,images/CR1_841.JPG
perceptual_candidate,6,False,cubit_train_cr1_827,train,images/CR1_827.JPG,cubit_train_cr1_842,train,images/CR1_842.JPG
perceptual_candidate,6,False,cubit_train_cr1_849,train,images/CR1_849.JPG,cubit_train_cr1_904,train,images/CR1_904.JPG
perceptual_candidate,6,False,cubit_train_cr1_863,train,images/CR1_863.JPG,cubit_train_cr1_864,train,images/CR1_864.JPG
perceptual_candidate,6,False,cubit_train_cr1_876,train,images/CR1_876.JPG,cubit_train_cr1_961,train,images/CR1_961.JPG
perceptual_candidate,6,False,cubit_train_cr1_92,train,images/CR1_92.JPG,cubit_train_sp1_676,train,images/SP1_676.JPG
perceptual_candidate,6,False,cubit_train_cr1_95,train,images/CR1_95.JPG,cubit_train_sp1_679,train,images/SP1_679.JPG
perceptual_candidate,6,False,cubit_train_sp0_10,train,images/SP0_10.JPG,cubit_train_sp1_9,train,images/SP1_9.JPG
perceptual_candidate,6,False,cubit_train_sp0_1001,train,images/SP0_1001.JPG,cubit_train_sp0_1002,train,images/SP0_1002.JPG
perceptual_candidate,6,False,cubit_train_sp0_1001,train,images/SP0_1001.JPG,cubit_train_sp1_987,train,images/SP1_987.JPG
perceptual_candidate,6,False,cubit_train_sp0_1002,train,images/SP0_1002.JPG,cubit_train_sp1_986,train,images/SP1_986.JPG
perceptual_candidate,6,False,cubit_train_sp0_1006,train,images/SP0_1006.JPG,cubit_train_sp1_979,train,images/SP1_979.JPG
perceptual_candidate,6,False,cubit_train_sp0_1007,train,images/SP0_1007.JPG,cubit_train_sp0_1008,train,images/SP0_1008.JPG
perceptual_candidate,6,False,cubit_train_sp0_1014,train,images/SP0_1014.JPG,cubit_train_sp1_996,train,images/SP1_996.JPG
perceptual_candidate,6,False,cubit_train_sp0_1015,train,images/SP0_1015.JPG,cubit_train_sp1_997,train,images/SP1_997.JPG
perceptual_candidate,6,False,cubit_train_sp0_1017,train,images/SP0_1017.JPG,cubit_train_sp1_999,train,images/SP1_999.JPG
perceptual_candidate,6,False,cubit_train_sp0_1022,train,images/SP0_1022.JPG,cubit_train_sp1_997,train,images/SP1_997.JPG
perceptual_candidate,6,False,cubit_train_sp0_1028,train,images/SP0_1028.JPG,cubit_train_sp1_1002,train,images/SP1_1002.JPG
perceptual_candidate,6,False,cubit_train_sp0_1035,train,images/SP0_1035.JPG,cubit_train_sp1_1009,train,images/SP1_1009.JPG
perceptual_candidate,6,False,cubit_train_sp0_1049,train,images/SP0_1049.JPG,cubit_train_sp1_1035,train,images/SP1_1035.JPG
perceptual_candidate,6,False,cubit_train_sp0_1053,train,images/SP0_1053.JPG,cubit_train_sp1_1039,train,images/SP1_1039.JPG
perceptual_candidate,6,False,cubit_train_sp0_1055,train,images/SP0_1055.JPG,cubit_train_sp0_1056,train,images/SP0_1056.JPG
perceptual_candidate,6,False,cubit_train_sp0_1055,train,images/SP0_1055.JPG,cubit_train_sp1_1041,train,images/SP1_1041.JPG
perceptual_candidate,6,False,cubit_train_sp0_1058,train,images/SP0_1058.JPG,cubit_train_sp0_1059,train,images/SP0_1059.JPG
perceptual_candidate,6,False,cubit_train_sp0_1058,train,images/SP0_1058.JPG,cubit_train_sp1_1038,train,images/SP1_1038.JPG
perceptual_candidate,6,False,cubit_train_sp0_1067,train,images/SP0_1067.JPG,cubit_train_sp0_1068,train,images/SP0_1068.JPG
perceptual_candidate,6,False,cubit_train_sp0_1068,train,images/SP0_1068.JPG,cubit_train_sp1_1056,train,images/SP1_1056.JPG
perceptual_candidate,6,False,cubit_train_sp0_1078,train,images/SP0_1078.JPG,cubit_train_sp1_1067,train,images/SP1_1067.JPG
perceptual_candidate,6,False,cubit_train_sp0_1079,train,images/SP0_1079.JPG,cubit_train_sp0_1080,train,images/SP0_1080.JPG
perceptual_candidate,6,False,cubit_train_sp0_1081,train,images/SP0_1081.JPG,cubit_train_sp0_1082,train,images/SP0_1082.JPG
perceptual_candidate,6,False,cubit_train_sp0_1082,train,images/SP0_1082.JPG,cubit_train_sp0_1083,train,images/SP0_1083.JPG
perceptual_candidate,6,False,cubit_train_sp0_1096,train,images/SP0_1096.JPG,cubit_train_sp1_1075,train,images/SP1_1075.JPG
perceptual_candidate,6,False,cubit_train_sp0_1099,train,images/SP0_1099.JPG,cubit_train_sp0_1100,train,images/SP0_1100.JPG
perceptual_candidate,6,False,cubit_train_sp0_1099,train,images/SP0_1099.JPG,cubit_train_sp1_1079,train,images/SP1_1079.JPG
perceptual_candidate,6,False,cubit_train_sp0_1100,train,images/SP0_1100.JPG,cubit_train_sp1_1088,train,images/SP1_1088.JPG
perceptual_candidate,6,False,cubit_train_sp0_1103,train,images/SP0_1103.JPG,cubit_train_sp1_1081,train,images/SP1_1081.JPG
perceptual_candidate,6,False,cubit_train_sp0_1103,train,images/SP0_1103.JPG,cubit_train_sp1_1091,train,images/SP1_1091.JPG
perceptual_candidate,6,False,cubit_train_sp0_111,train,images/SP0_111.JPG,cubit_train_sp1_114,train,images/SP1_114.JPG
perceptual_candidate,6,False,cubit_train_sp0_1114,train,images/SP0_1114.JPG,cubit_train_sp0_1115,train,images/SP0_1115.JPG
perceptual_candidate,6,False,cubit_train_sp0_1116,train,images/SP0_1116.JPG,cubit_train_sp0_1117,train,images/SP0_1117.JPG
perceptual_candidate,6,False,cubit_train_sp0_1129,train,images/SP0_1129.JPG,cubit_train_sp1_1109,train,images/SP1_1109.JPG
perceptual_candidate,6,False,cubit_train_sp0_1136,train,images/SP0_1136.JPG,cubit_train_sp1_1115,train,images/SP1_1115.JPG
perceptual_candidate,6,False,cubit_train_sp0_1141,train,images/SP0_1141.JPG,cubit_train_sp1_1130,train,images/SP1_1130.JPG
perceptual_candidate,6,False,cubit_train_sp0_1151,train,images/SP0_1151.JPG,cubit_train_sp0_1152,train,images/SP0_1152.JPG
perceptual_candidate,6,False,cubit_train_sp0_1151,train,images/SP0_1151.JPG,cubit_train_sp1_1139,train,images/SP1_1139.JPG
perceptual_candidate,6,False,cubit_train_sp0_1158,train,images/SP0_1158.JPG,cubit_train_sp0_1159,train,images/SP0_1159.JPG
perceptual_candidate,6,False,cubit_train_sp0_1163,train,images/SP0_1163.JPG,cubit_train_sp0_1170,train,images/SP0_1170.JPG
perceptual_candidate,6,False,cubit_train_sp0_1165,train,images/SP0_1165.JPG,cubit_train_sp0_1166,train,images/SP0_1166.JPG
perceptual_candidate,6,False,cubit_train_sp0_1166,train,images/SP0_1166.JPG,cubit_train_sp1_1145,train,images/SP1_1145.JPG
perceptual_candidate,6,False,cubit_train_sp0_1166,train,images/SP0_1166.JPG,cubit_train_sp1_1154,train,images/SP1_1154.JPG
perceptual_candidate,6,False,cubit_train_sp0_1169,train,images/SP0_1169.JPG,cubit_train_sp1_1148,train,images/SP1_1148.JPG
perceptual_candidate,6,False,cubit_train_sp0_1170,train,images/SP0_1170.JPG,cubit_train_sp1_1149,train,images/SP1_1149.JPG
perceptual_candidate,6,False,cubit_train_sp0_1171,train,images/SP0_1171.JPG,cubit_train_sp1_1150,train,images/SP1_1150.JPG
perceptual_candidate,6,False,cubit_train_sp0_1172,train,images/SP0_1172.JPG,cubit_train_sp1_1150,train,images/SP1_1150.JPG
perceptual_candidate,6,False,cubit_train_sp0_1178,train,images/SP0_1178.JPG,cubit_train_sp0_1179,train,images/SP0_1179.JPG
perceptual_candidate,6,False,cubit_train_sp0_1181,train,images/SP0_1181.JPG,cubit_train_sp0_1182,train,images/SP0_1182.JPG
perceptual_candidate,6,False,cubit_train_sp0_1186,train,images/SP0_1186.JPG,cubit_train_sp1_1173,train,images/SP1_1173.JPG
perceptual_candidate,6,False,cubit_train_sp0_1188,train,images/SP0_1188.JPG,cubit_train_sp0_1189,train,images/SP0_1189.JPG
perceptual_candidate,6,False,cubit_train_sp0_1189,train,images/SP0_1189.JPG,cubit_train_sp1_1176,train,images/SP1_1176.JPG
perceptual_candidate,6,False,cubit_train_sp0_1191,train,images/SP0_1191.JPG,cubit_train_sp0_1192,train,images/SP0_1192.JPG
perceptual_candidate,6,False,cubit_train_sp0_1199,train,images/SP0_1199.JPG,cubit_train_sp0_1200,train,images/SP0_1200.JPG
perceptual_candidate,6,False,cubit_train_sp0_1199,train,images/SP0_1199.JPG,cubit_train_sp1_1189,train,images/SP1_1189.JPG
perceptual_candidate,6,False,cubit_train_sp0_1201,train,images/SP0_1201.JPG,cubit_train_sp1_1180,train,images/SP1_1180.JPG
perceptual_candidate,6,False,cubit_train_sp0_1206,train,images/SP0_1206.JPG,cubit_train_sp0_1207,train,images/SP0_1207.JPG
perceptual_candidate,6,False,cubit_train_sp0_1206,train,images/SP0_1206.JPG,cubit_train_sp1_1185,train,images/SP1_1185.JPG
perceptual_candidate,6,False,cubit_train_sp0_1207,train,images/SP0_1207.JPG,cubit_train_sp1_1195,train,images/SP1_1195.JPG
perceptual_candidate,6,False,cubit_train_sp0_121,train,images/SP0_121.JPG,cubit_train_sp1_117,train,images/SP1_117.JPG
perceptual_candidate,6,False,cubit_train_sp0_1211,train,images/SP0_1211.JPG,cubit_train_sp1_1200,train,images/SP1_1200.JPG
perceptual_candidate,6,False,cubit_train_sp0_123,train,images/SP0_123.JPG,cubit_train_sp1_118,train,images/SP1_118.JPG
perceptual_candidate,6,False,cubit_train_sp0_1233,train,images/SP0_1233.JPG,cubit_train_sp0_1234,train,images/SP0_1234.JPG
perceptual_candidate,6,False,cubit_train_sp0_1238,train,images/SP0_1238.JPG,cubit_train_sp1_1216,train,images/SP1_1216.JPG
perceptual_candidate,6,False,cubit_train_sp0_1239,train,images/SP0_1239.JPG,cubit_train_sp0_1240,train,images/SP0_1240.JPG
perceptual_candidate,6,False,cubit_train_sp0_1239,train,images/SP0_1239.JPG,cubit_train_sp1_1219,train,images/SP1_1219.JPG
perceptual_candidate,6,False,cubit_train_sp0_1239,train,images/SP0_1239.JPG,cubit_train_sp1_1229,train,images/SP1_1229.JPG
perceptual_candidate,6,False,cubit_train_sp0_1243,train,images/SP0_1243.JPG,cubit_train_sp1_1221,train,images/SP1_1221.JPG
perceptual_candidate,6,False,cubit_train_sp0_1244,train,images/SP0_1244.JPG,cubit_train_sp0_1245,train,images/SP0_1245.JPG
perceptual_candidate,6,False,cubit_train_sp0_1244,train,images/SP0_1244.JPG,cubit_train_sp1_1234,train,images/SP1_1234.JPG
perceptual_candidate,6,False,cubit_train_sp0_1245,train,images/SP0_1245.JPG,cubit_train_sp1_1222,train,images/SP1_1222.JPG
perceptual_candidate,6,False,cubit_train_sp0_1245,train,images/SP0_1245.JPG,cubit_train_sp1_1233,train,images/SP1_1233.JPG
perceptual_candidate,6,False,cubit_train_sp0_1249,train,images/SP0_1249.JPG,cubit_train_sp0_1250,train,images/SP0_1250.JPG
perceptual_candidate,6,False,cubit_train_sp0_1250,train,images/SP0_1250.JPG,cubit_train_sp1_1238,train,images/SP1_1238.JPG
perceptual_candidate,6,False,cubit_train_sp0_1251,train,images/SP0_1251.JPG,cubit_train_sp0_1252,train,images/SP0_1252.JPG
perceptual_candidate,6,False,cubit_train_sp0_126,train,images/SP0_126.JPG,cubit_train_sp1_121,train,images/SP1_121.JPG
perceptual_candidate,6,False,cubit_train_sp0_127,train,images/SP0_127.JPG,cubit_train_sp1_122,train,images/SP1_122.JPG
perceptual_candidate,6,False,cubit_train_sp0_1270,train,images/SP0_1270.JPG,cubit_train_sp1_1249,train,images/SP1_1249.JPG
perceptual_candidate,6,False,cubit_train_sp0_1279,train,images/SP0_1279.JPG,cubit_train_sp1_1257,train,images/SP1_1257.JPG
perceptual_candidate,6,False,cubit_train_sp0_1280,train,images/SP0_1280.JPG,cubit_train_sp1_1258,train,images/SP1_1258.JPG
perceptual_candidate,6,False,cubit_train_sp0_1288,train,images/SP0_1288.JPG,cubit_train_sp1_1277,train,images/SP1_1277.JPG
perceptual_candidate,6,False,cubit_train_sp0_1292,train,images/SP0_1292.JPG,cubit_train_sp0_1293,train,images/SP0_1293.JPG
perceptual_candidate,6,False,cubit_train_sp0_1312,train,images/SP0_1312.JPG,cubit_train_sp0_1313,train,images/SP0_1313.JPG
perceptual_candidate,6,False,cubit_train_sp0_1312,train,images/SP0_1312.JPG,cubit_train_sp1_1291,train,images/SP1_1291.JPG
perceptual_candidate,6,False,cubit_train_sp0_1312,train,images/SP0_1312.JPG,cubit_train_sp1_1302,train,images/SP1_1302.JPG
perceptual_candidate,6,False,cubit_train_sp0_1313,train,images/SP0_1313.JPG,cubit_train_sp1_1301,train,images/SP1_1301.JPG
perceptual_candidate,6,False,cubit_train_sp0_132,train,images/SP0_132.JPG,cubit_train_sp1_125,train,images/SP1_125.JPG
perceptual_candidate,6,False,cubit_train_sp0_1327,train,images/SP0_1327.JPG,cubit_train_sp1_1314,train,images/SP1_1314.JPG
perceptual_candidate,6,False,cubit_train_sp0_1329,train,images/SP0_1329.JPG,cubit_train_sp1_1352,train,images/SP1_1352.JPG
perceptual_candidate,6,False,cubit_train_sp0_1331,train,images/SP0_1331.JPG,cubit_train_sp0_1332,train,images/SP0_1332.JPG
perceptual_candidate,6,False,cubit_train_sp0_1339,train,images/SP0_1339.JPG,cubit_train_sp1_1319,train,images/SP1_1319.JPG
perceptual_candidate,6,False,cubit_train_sp0_1341,train,images/SP0_1341.JPG,cubit_train_sp0_1342,train,images/SP0_1342.JPG
perceptual_candidate,6,False,cubit_train_sp0_1341,train,images/SP0_1341.JPG,cubit_train_sp1_1331,train,images/SP1_1331.JPG
perceptual_candidate,6,False,cubit_train_sp0_1342,train,images/SP0_1342.JPG,cubit_train_sp1_1330,train,images/SP1_1330.JPG
perceptual_candidate,6,False,cubit_train_sp0_1349,train,images/SP0_1349.JPG,cubit_train_sp1_1337,train,images/SP1_1337.JPG
perceptual_candidate,6,False,cubit_train_sp0_1354,train,images/SP0_1354.JPG,cubit_train_sp0_1355,train,images/SP0_1355.JPG
perceptual_candidate,6,False,cubit_train_sp0_1375,train,images/SP0_1375.JPG,cubit_train_sp0_1376,train,images/SP0_1376.JPG
perceptual_candidate,6,False,cubit_train_sp0_1375,train,images/SP0_1375.JPG,cubit_train_sp1_1365,train,images/SP1_1365.JPG
perceptual_candidate,6,False,cubit_train_sp0_1376,train,images/SP0_1376.JPG,cubit_train_sp1_1364,train,images/SP1_1364.JPG
perceptual_candidate,6,False,cubit_train_sp0_1399,train,images/SP0_1399.JPG,cubit_train_sp1_1386,train,images/SP1_1386.JPG
perceptual_candidate,6,False,cubit_train_sp0_1415,train,images/SP0_1415.JPG,cubit_train_sp0_1416,train,images/SP0_1416.JPG
perceptual_candidate,6,False,cubit_train_sp0_1426,train,images/SP0_1426.JPG,cubit_train_sp0_1427,train,images/SP0_1427.JPG
perceptual_candidate,6,False,cubit_train_sp0_1429,train,images/SP0_1429.JPG,cubit_train_sp0_1430,train,images/SP0_1430.JPG
perceptual_candidate,6,False,cubit_train_sp0_143,train,images/SP0_143.JPG,cubit_train_sp0_144,train,images/SP0_144.JPG
perceptual_candidate,6,False,cubit_train_sp0_1447,train,images/SP0_1447.JPG,cubit_train_sp0_1448,train,images/SP0_1448.JPG
perceptual_candidate,6,False,cubit_train_sp0_1447,train,images/SP0_1447.JPG,cubit_train_sp1_1441,train,images/SP1_1441.JPG
perceptual_candidate,6,False,cubit_train_sp0_1448,train,images/SP0_1448.JPG,cubit_train_sp1_1440,train,images/SP1_1440.JPG
perceptual_candidate,6,False,cubit_train_sp0_1451,train,images/SP0_1451.JPG,cubit_train_sp0_1457,train,images/SP0_1457.JPG
perceptual_candidate,6,False,cubit_train_sp0_1455,train,images/SP0_1455.JPG,cubit_train_sp1_1452,train,images/SP1_1452.JPG
perceptual_candidate,6,False,cubit_train_sp0_1457,train,images/SP0_1457.JPG,cubit_train_sp1_1449,train,images/SP1_1449.JPG
perceptual_candidate,6,False,cubit_train_sp0_1459,train,images/SP0_1459.JPG,cubit_train_sp1_1451,train,images/SP1_1451.JPG
perceptual_candidate,6,False,cubit_train_sp0_1460,train,images/SP0_1460.JPG,cubit_train_sp0_1466,train,images/SP0_1466.JPG
perceptual_candidate,6,False,cubit_train_sp0_1460,train,images/SP0_1460.JPG,cubit_train_sp1_1451,train,images/SP1_1451.JPG
perceptual_candidate,6,False,cubit_train_sp0_1461,train,images/SP0_1461.JPG,cubit_train_sp0_1462,train,images/SP0_1462.JPG
perceptual_candidate,6,False,cubit_train_sp0_1461,train,images/SP0_1461.JPG,cubit_train_sp0_1467,train,images/SP0_1467.JPG
perceptual_candidate,6,False,cubit_train_sp0_1467,train,images/SP0_1467.JPG,cubit_train_sp1_1452,train,images/SP1_1452.JPG
perceptual_candidate,6,False,cubit_train_sp0_1467,train,images/SP0_1467.JPG,cubit_train_sp1_1457,train,images/SP1_1457.JPG
perceptual_candidate,6,False,cubit_train_sp0_147,train,images/SP0_147.JPG,cubit_train_sp0_155,train,images/SP0_155.JPG
perceptual_candidate,6,False,cubit_train_sp0_1475,train,images/SP0_1475.JPG,cubit_train_sp0_1481,train,images/SP0_1481.JPG
perceptual_candidate,6,False,cubit_train_sp0_1475,train,images/SP0_1475.JPG,cubit_train_sp1_1474,train,images/SP1_1474.JPG
perceptual_candidate,6,False,cubit_train_sp0_1477,train,images/SP0_1477.JPG,cubit_train_sp1_1461,train,images/SP1_1461.JPG
perceptual_candidate,6,False,cubit_train_sp0_1478,train,images/SP0_1478.JPG,cubit_train_sp1_1461,train,images/SP1_1461.JPG
perceptual_candidate,6,False,cubit_train_sp0_1482,train,images/SP0_1482.JPG,cubit_train_sp1_1464,train,images/SP1_1464.JPG
perceptual_candidate,6,False,cubit_train_sp0_1495,train,images/SP0_1495.JPG,cubit_train_sp1_1486,train,images/SP1_1486.JPG
perceptual_candidate,6,False,cubit_train_sp0_1497,train,images/SP0_1497.JPG,cubit_train_sp1_1487,train,images/SP1_1487.JPG
perceptual_candidate,6,False,cubit_train_sp0_1499,train,images/SP0_1499.JPG,cubit_train_sp0_1505,train,images/SP0_1505.JPG
perceptual_candidate,6,False,cubit_train_sp0_1501,train,images/SP0_1501.JPG,cubit_train_sp0_1507,train,images/SP0_1507.JPG
perceptual_candidate,6,False,cubit_train_sp0_1503,train,images/SP0_1503.JPG,cubit_train_sp0_1509,train,images/SP0_1509.JPG
perceptual_candidate,6,False,cubit_train_sp0_1504,train,images/SP0_1504.JPG,cubit_train_sp1_1493,train,images/SP1_1493.JPG
perceptual_candidate,6,False,cubit_train_sp0_1506,train,images/SP0_1506.JPG,cubit_train_sp1_1491,train,images/SP1_1491.JPG
perceptual_candidate,6,False,cubit_train_sp0_1506,train,images/SP0_1506.JPG,cubit_train_sp1_1495,train,images/SP1_1495.JPG
perceptual_candidate,6,False,cubit_train_sp0_1507,train,images/SP0_1507.JPG,cubit_train_sp1_1491,train,images/SP1_1491.JPG
perceptual_candidate,6,False,cubit_train_sp0_1510,train,images/SP0_1510.JPG,cubit_train_sp1_1493,train,images/SP1_1493.JPG
perceptual_candidate,6,False,cubit_train_sp0_1513,train,images/SP0_1513.JPG,cubit_train_sp0_1514,train,images/SP0_1514.JPG
perceptual_candidate,6,False,cubit_train_sp0_1514,train,images/SP0_1514.JPG,cubit_train_sp1_1507,train,images/SP1_1507.JPG
perceptual_candidate,6,False,cubit_train_sp0_153,train,images/SP0_153.JPG,cubit_train_sp1_151,train,images/SP1_151.JPG
perceptual_candidate,6,False,cubit_train_sp0_1535,train,images/SP0_1535.JPG,cubit_train_sp1_1519,train,images/SP1_1519.JPG
perceptual_candidate,6,False,cubit_train_sp0_155,train,images/SP0_155.JPG,cubit_train_sp1_153,train,images/SP1_153.JPG
perceptual_candidate,6,False,cubit_train_sp0_157,train,images/SP0_157.JPG,cubit_train_sp1_164,train,images/SP1_164.JPG
perceptual_candidate,6,False,cubit_train_sp0_1571,train,images/SP0_1571.JPG,cubit_train_sp1_1555,train,images/SP1_1555.JPG
perceptual_candidate,6,False,cubit_train_sp0_1574,train,images/SP0_1574.JPG,cubit_train_sp1_1557,train,images/SP1_1557.JPG
perceptual_candidate,6,False,cubit_train_sp0_1575,train,images/SP0_1575.JPG,cubit_train_sp1_1558,train,images/SP1_1558.JPG
perceptual_candidate,6,False,cubit_train_sp0_1580,train,images/SP0_1580.JPG,cubit_train_sp1_1573,train,images/SP1_1573.JPG
perceptual_candidate,6,False,cubit_train_sp0_1587,train,images/SP0_1587.JPG,cubit_train_sp1_1579,train,images/SP1_1579.JPG
perceptual_candidate,6,False,cubit_train_sp0_159,train,images/SP0_159.JPG,cubit_train_sp0_160,train,images/SP0_160.JPG
perceptual_candidate,6,False,cubit_train_sp0_1597,train,images/SP0_1597.JPG,cubit_train_sp1_1582,train,images/SP1_1582.JPG
perceptual_candidate,6,False,cubit_train_sp0_1598,train,images/SP0_1598.JPG,cubit_train_sp1_1583,train,images/SP1_1583.JPG
perceptual_candidate,6,False,cubit_train_sp0_1600,train,images/SP0_1600.JPG,cubit_train_sp1_1584,train,images/SP1_1584.JPG
perceptual_candidate,6,False,cubit_train_sp0_1621,train,images/SP0_1621.JPG,cubit_train_sp0_1622,train,images/SP0_1622.JPG
perceptual_candidate,6,False,cubit_train_sp0_1628,train,images/SP0_1628.JPG,cubit_train_sp0_1629,train,images/SP0_1629.JPG
perceptual_candidate,6,False,cubit_train_sp0_1635,train,images/SP0_1635.JPG,cubit_train_sp1_1620,train,images/SP1_1620.JPG
perceptual_candidate,6,False,cubit_train_sp0_1636,train,images/SP0_1636.JPG,cubit_train_sp0_1637,train,images/SP0_1637.JPG
perceptual_candidate,6,False,cubit_train_sp0_1636,train,images/SP0_1636.JPG,cubit_train_sp1_1631,train,images/SP1_1631.JPG
perceptual_candidate,6,False,cubit_train_sp0_1637,train,images/SP0_1637.JPG,cubit_train_sp1_1630,train,images/SP1_1630.JPG
perceptual_candidate,6,False,cubit_train_sp0_1642,train,images/SP0_1642.JPG,cubit_train_sp0_1643,train,images/SP0_1643.JPG
perceptual_candidate,6,False,cubit_train_sp0_1642,train,images/SP0_1642.JPG,cubit_train_sp1_1637,train,images/SP1_1637.JPG
perceptual_candidate,6,False,cubit_train_sp0_1657,train,images/SP0_1657.JPG,cubit_train_sp1_1649,train,images/SP1_1649.JPG
perceptual_candidate,6,False,cubit_train_sp0_1668,train,images/SP0_1668.JPG,cubit_train_sp1_1653,train,images/SP1_1653.JPG
perceptual_candidate,6,False,cubit_train_sp0_1669,train,images/SP0_1669.JPG,cubit_train_sp0_1670,train,images/SP0_1670.JPG
perceptual_candidate,6,False,cubit_train_sp0_1669,train,images/SP0_1669.JPG,cubit_train_sp1_1664,train,images/SP1_1664.JPG
perceptual_candidate,6,False,cubit_train_sp0_1672,train,images/SP0_1672.JPG,cubit_train_sp0_1673,train,images/SP0_1673.JPG
perceptual_candidate,6,False,cubit_train_sp0_1672,train,images/SP0_1672.JPG,cubit_train_sp1_1667,train,images/SP1_1667.JPG
perceptual_candidate,6,False,cubit_train_sp0_1673,train,images/SP0_1673.JPG,cubit_train_sp1_1666,train,images/SP1_1666.JPG
perceptual_candidate,6,False,cubit_train_sp0_1676,train,images/SP0_1676.JPG,cubit_train_sp1_1660,train,images/SP1_1660.JPG
perceptual_candidate,6,False,cubit_train_sp0_1688,train,images/SP0_1688.JPG,cubit_train_sp0_1689,train,images/SP0_1689.JPG
perceptual_candidate,6,False,cubit_train_sp0_1688,train,images/SP0_1688.JPG,cubit_train_sp1_1682,train,images/SP1_1682.JPG
perceptual_candidate,6,False,cubit_train_sp0_1689,train,images/SP0_1689.JPG,cubit_train_sp1_1682,train,images/SP1_1682.JPG
perceptual_candidate,6,False,cubit_train_sp0_170,train,images/SP0_170.JPG,cubit_train_sp1_173,train,images/SP1_173.JPG
perceptual_candidate,6,False,cubit_train_sp0_1704,train,images/SP0_1704.JPG,cubit_train_sp0_1705,train,images/SP0_1705.JPG
perceptual_candidate,6,False,cubit_train_sp0_1704,train,images/SP0_1704.JPG,cubit_train_sp1_1699,train,images/SP1_1699.JPG
perceptual_candidate,6,False,cubit_train_sp0_1707,train,images/SP0_1707.JPG,cubit_train_sp1_1691,train,images/SP1_1691.JPG
perceptual_candidate,6,False,cubit_train_sp0_1711,train,images/SP0_1711.JPG,cubit_train_sp1_1695,train,images/SP1_1695.JPG
perceptual_candidate,6,False,cubit_train_sp0_1713,train,images/SP0_1713.JPG,cubit_train_sp0_1714,train,images/SP0_1714.JPG
perceptual_candidate,6,False,cubit_train_sp0_1713,train,images/SP0_1713.JPG,cubit_train_sp1_1708,train,images/SP1_1708.JPG
perceptual_candidate,6,False,cubit_train_sp0_1714,train,images/SP0_1714.JPG,cubit_train_sp1_1707,train,images/SP1_1707.JPG
perceptual_candidate,6,False,cubit_train_sp0_1738,train,images/SP0_1738.JPG,cubit_train_sp1_1723,train,images/SP1_1723.JPG
perceptual_candidate,6,False,cubit_train_sp0_1743,train,images/SP0_1743.JPG,cubit_train_sp1_1727,train,images/SP1_1727.JPG
perceptual_candidate,6,False,cubit_train_sp0_1744,train,images/SP0_1744.JPG,cubit_train_sp1_1728,train,images/SP1_1728.JPG
perceptual_candidate,6,False,cubit_train_sp0_1748,train,images/SP0_1748.JPG,cubit_train_sp1_1731,train,images/SP1_1731.JPG
perceptual_candidate,6,False,cubit_train_sp0_1748,train,images/SP0_1748.JPG,cubit_train_sp1_1743,train,images/SP1_1743.JPG
perceptual_candidate,6,False,cubit_train_sp0_1750,train,images/SP0_1750.JPG,cubit_train_sp1_1733,train,images/SP1_1733.JPG
perceptual_candidate,6,False,cubit_train_sp0_1755,train,images/SP0_1755.JPG,cubit_train_sp0_1756,train,images/SP0_1756.JPG
perceptual_candidate,6,False,cubit_train_sp0_1755,train,images/SP0_1755.JPG,cubit_train_sp1_1748,train,images/SP1_1748.JPG
perceptual_candidate,6,False,cubit_train_sp0_1758,train,images/SP0_1758.JPG,cubit_train_sp1_1752,train,images/SP1_1752.JPG
perceptual_candidate,6,False,cubit_train_sp0_1761,train,images/SP0_1761.JPG,cubit_train_sp1_1753,train,images/SP1_1753.JPG
perceptual_candidate,6,False,cubit_train_sp0_1763,train,images/SP0_1763.JPG,cubit_train_sp0_1764,train,images/SP0_1764.JPG
perceptual_candidate,6,False,cubit_train_sp0_1764,train,images/SP0_1764.JPG,cubit_train_sp1_1756,train,images/SP1_1756.JPG
perceptual_candidate,6,False,cubit_train_sp0_1767,train,images/SP0_1767.JPG,cubit_train_sp1_1759,train,images/SP1_1759.JPG
perceptual_candidate,6,False,cubit_train_sp0_1777,train,images/SP0_1777.JPG,cubit_train_sp1_1761,train,images/SP1_1761.JPG
perceptual_candidate,6,False,cubit_train_sp0_1785,train,images/SP0_1785.JPG,cubit_train_sp1_1767,train,images/SP1_1767.JPG
perceptual_candidate,6,False,cubit_train_sp0_1787,train,images/SP0_1787.JPG,cubit_train_sp1_1781,train,images/SP1_1781.JPG
perceptual_candidate,6,False,cubit_train_sp0_1793,train,images/SP0_1793.JPG,cubit_train_sp0_1794,train,images/SP0_1794.JPG
perceptual_candidate,6,False,cubit_train_sp0_1796,train,images/SP0_1796.JPG,cubit_train_sp1_1788,train,images/SP1_1788.JPG
perceptual_candidate,6,False,cubit_train_sp0_1799,train,images/SP0_1799.JPG,cubit_train_sp1_1791,train,images/SP1_1791.JPG
perceptual_candidate,6,False,cubit_train_sp0_180,train,images/SP0_180.JPG,cubit_train_sp1_177,train,images/SP1_177.JPG
perceptual_candidate,6,False,cubit_train_sp0_1803,train,images/SP0_1803.JPG,cubit_train_sp0_1804,train,images/SP0_1804.JPG
perceptual_candidate,6,False,cubit_train_sp0_1807,train,images/SP0_1807.JPG,cubit_train_sp0_1808,train,images/SP0_1808.JPG
perceptual_candidate,6,False,cubit_train_sp0_1818,train,images/SP0_1818.JPG,cubit_train_sp1_1801,train,images/SP1_1801.JPG
perceptual_candidate,6,False,cubit_train_sp0_1821,train,images/SP0_1821.JPG,cubit_train_sp0_1822,train,images/SP0_1822.JPG
perceptual_candidate,6,False,cubit_train_sp0_1825,train,images/SP0_1825.JPG,cubit_train_sp0_1826,train,images/SP0_1826.JPG
perceptual_candidate,6,False,cubit_train_sp0_1839,train,images/SP0_1839.JPG,cubit_train_sp1_1828,train,images/SP1_1828.JPG
perceptual_candidate,6,False,cubit_train_sp0_1842,train,images/SP0_1842.JPG,cubit_train_sp1_1826,train,images/SP1_1826.JPG
perceptual_candidate,6,False,cubit_train_sp0_1849,train,images/SP0_1849.JPG,cubit_train_sp0_1850,train,images/SP0_1850.JPG
perceptual_candidate,6,False,cubit_train_sp0_1849,train,images/SP0_1849.JPG,cubit_train_sp1_1842,train,images/SP1_1842.JPG
perceptual_candidate,6,False,cubit_train_sp0_185,train,images/SP0_185.JPG,cubit_train_sp1_181,train,images/SP1_181.JPG
perceptual_candidate,6,False,cubit_train_sp0_185,train,images/SP0_185.JPG,cubit_train_sp1_192,train,images/SP1_192.JPG
perceptual_candidate,6,False,cubit_train_sp0_1850,train,images/SP0_1850.JPG,cubit_train_sp1_1841,train,images/SP1_1841.JPG
perceptual_candidate,6,False,cubit_train_sp0_1854,train,images/SP0_1854.JPG,cubit_train_sp1_1845,train,images/SP1_1845.JPG
perceptual_candidate,6,False,cubit_train_sp0_1857,train,images/SP0_1857.JPG,cubit_train_sp0_1858,train,images/SP0_1858.JPG
perceptual_candidate,6,False,cubit_train_sp0_1866,train,images/SP0_1866.JPG,cubit_train_sp1_1856,train,images/SP1_1856.JPG
perceptual_candidate,6,False,cubit_train_sp0_1866,train,images/SP0_1866.JPG,cubit_train_sp1_1857,train,images/SP1_1857.JPG
perceptual_candidate,6,False,cubit_train_sp0_1867,train,images/SP0_1867.JPG,cubit_train_sp1_1857,train,images/SP1_1857.JPG
perceptual_candidate,6,False,cubit_train_sp0_1868,train,images/SP0_1868.JPG,cubit_train_sp1_1858,train,images/SP1_1858.JPG
perceptual_candidate,6,False,cubit_train_sp0_1872,train,images/SP0_1872.JPG,cubit_train_sp0_1873,train,images/SP0_1873.JPG
perceptual_candidate,6,False,cubit_train_sp0_1888,train,images/SP0_1888.JPG,cubit_train_sp1_1869,train,images/SP1_1869.JPG
perceptual_candidate,6,False,cubit_train_sp0_1898,train,images/SP0_1898.JPG,cubit_train_sp1_1890,train,images/SP1_1890.JPG
perceptual_candidate,6,False,cubit_train_sp0_1903,train,images/SP0_1903.JPG,cubit_train_sp1_1893,train,images/SP1_1893.JPG
perceptual_candidate,6,False,cubit_train_sp0_191,train,images/SP0_191.JPG,cubit_train_sp1_185,train,images/SP1_185.JPG
perceptual_candidate,6,False,cubit_train_sp0_191,train,images/SP0_191.JPG,cubit_train_sp1_196,train,images/SP1_196.JPG
perceptual_candidate,6,False,cubit_train_sp0_1912,train,images/SP0_1912.JPG,cubit_train_sp1_1896,train,images/SP1_1896.JPG
perceptual_candidate,6,False,cubit_train_sp0_1917,train,images/SP0_1917.JPG,cubit_train_sp1_1899,train,images/SP1_1899.JPG
perceptual_candidate,6,False,cubit_train_sp0_192,train,images/SP0_192.JPG,cubit_train_sp1_199,train,images/SP1_199.JPG
perceptual_candidate,6,False,cubit_train_sp0_195,train,images/SP0_195.JPG,cubit_train_sp1_201,train,images/SP1_201.JPG
perceptual_candidate,6,False,cubit_train_sp0_198,train,images/SP0_198.JPG,cubit_train_sp1_203,train,images/SP1_203.JPG
perceptual_candidate,6,False,cubit_train_sp0_199,train,images/SP0_199.JPG,cubit_train_sp1_204,train,images/SP1_204.JPG
perceptual_candidate,6,False,cubit_train_sp0_214,train,images/SP0_214.JPG,cubit_train_sp1_211,train,images/SP1_211.JPG
perceptual_candidate,6,False,cubit_train_sp0_218,train,images/SP0_218.JPG,cubit_train_sp1_214,train,images/SP1_214.JPG
perceptual_candidate,6,False,cubit_train_sp0_22,train,images/SP0_22.JPG,cubit_train_sp1_13,train,images/SP1_13.JPG
perceptual_candidate,6,False,cubit_train_sp0_221,train,images/SP0_221.JPG,cubit_train_sp1_217,train,images/SP1_217.JPG
perceptual_candidate,6,False,cubit_train_sp0_226,train,images/SP0_226.JPG,cubit_train_sp1_220,train,images/SP1_220.JPG
perceptual_candidate,6,False,cubit_train_sp0_229,train,images/SP0_229.JPG,cubit_train_sp0_230,train,images/SP0_230.JPG
perceptual_candidate,6,False,cubit_train_sp0_235,train,images/SP0_235.JPG,cubit_train_sp0_236,train,images/SP0_236.JPG
perceptual_candidate,6,False,cubit_train_sp0_236,train,images/SP0_236.JPG,cubit_train_sp1_240,train,images/SP1_240.JPG
perceptual_candidate,6,False,cubit_train_sp0_242,train,images/SP0_242.JPG,cubit_train_sp0_243,train,images/SP0_243.JPG
perceptual_candidate,6,False,cubit_train_sp0_25,train,images/SP0_25.JPG,cubit_train_sp1_16,train,images/SP1_16.JPG
perceptual_candidate,6,False,cubit_train_sp0_250,train,images/SP0_250.JPG,cubit_train_sp1_246,train,images/SP1_246.JPG
perceptual_candidate,6,False,cubit_train_sp0_251,train,images/SP0_251.JPG,cubit_train_sp1_248,train,images/SP1_248.JPG
perceptual_candidate,6,False,cubit_train_sp0_252,train,images/SP0_252.JPG,cubit_train_sp0_253,train,images/SP0_253.JPG
perceptual_candidate,6,False,cubit_train_sp0_252,train,images/SP0_252.JPG,cubit_train_sp1_259,train,images/SP1_259.JPG
perceptual_candidate,6,False,cubit_train_sp0_253,train,images/SP0_253.JPG,cubit_train_sp1_258,train,images/SP1_258.JPG
perceptual_candidate,6,False,cubit_train_sp0_258,train,images/SP0_258.JPG,cubit_train_sp1_253,train,images/SP1_253.JPG
perceptual_candidate,6,False,cubit_train_sp0_260,train,images/SP0_260.JPG,cubit_train_sp0_261,train,images/SP0_261.JPG
perceptual_candidate,6,False,cubit_train_sp0_260,train,images/SP0_260.JPG,cubit_train_sp1_254,train,images/SP1_254.JPG
perceptual_candidate,6,False,cubit_train_sp0_260,train,images/SP0_260.JPG,cubit_train_sp1_255,train,images/SP1_255.JPG
perceptual_candidate,6,False,cubit_train_sp0_261,train,images/SP0_261.JPG,cubit_train_sp1_266,train,images/SP1_266.JPG
perceptual_candidate,6,False,cubit_train_sp0_263,train,images/SP0_263.JPG,cubit_train_sp1_269,train,images/SP1_269.JPG
perceptual_candidate,6,False,cubit_train_sp0_266,train,images/SP0_266.JPG,cubit_train_sp1_271,train,images/SP1_271.JPG
perceptual_candidate,6,False,cubit_train_sp0_267,train,images/SP0_267.JPG,cubit_train_sp1_272,train,images/SP1_272.JPG
perceptual_candidate,6,False,cubit_train_sp0_27,train,images/SP0_27.JPG,cubit_train_sp0_28,train,images/SP0_28.JPG
perceptual_candidate,6,False,cubit_train_sp0_27,train,images/SP0_27.JPG,cubit_train_sp1_28,train,images/SP1_28.JPG
perceptual_candidate,6,False,cubit_train_sp0_273,train,images/SP0_273.JPG,cubit_train_sp0_274,train,images/SP0_274.JPG
perceptual_candidate,6,False,cubit_train_sp0_275,train,images/SP0_275.JPG,cubit_train_sp1_279,train,images/SP1_279.JPG
perceptual_candidate,6,False,cubit_train_sp0_283,train,images/SP0_283.JPG,cubit_train_sp1_281,train,images/SP1_281.JPG
perceptual_candidate,6,False,cubit_train_sp0_284,train,images/SP0_284.JPG,cubit_train_sp1_281,train,images/SP1_281.JPG
perceptual_candidate,6,False,cubit_train_sp0_290,train,images/SP0_290.JPG,cubit_train_sp1_297,train,images/SP1_297.JPG
perceptual_candidate,6,False,cubit_train_sp0_291,train,images/SP0_291.JPG,cubit_train_sp0_292,train,images/SP0_292.JPG
perceptual_candidate,6,False,cubit_train_sp0_291,train,images/SP0_291.JPG,cubit_train_sp1_301,train,images/SP1_301.JPG
perceptual_candidate,6,False,cubit_train_sp0_295,train,images/SP0_295.JPG,cubit_train_sp1_304,train,images/SP1_304.JPG
perceptual_candidate,6,False,cubit_train_sp0_302,train,images/SP0_302.JPG,cubit_train_sp1_310,train,images/SP1_310.JPG
perceptual_candidate,6,False,cubit_train_sp0_307,train,images/SP0_307.JPG,cubit_train_sp1_313,train,images/SP1_313.JPG
perceptual_candidate,6,False,cubit_train_sp0_31,train,images/SP0_31.JPG,cubit_train_sp1_21,train,images/SP1_21.JPG
perceptual_candidate,6,False,cubit_train_sp0_317,train,images/SP0_317.JPG,cubit_train_sp1_317,train,images/SP1_317.JPG
perceptual_candidate,6,False,cubit_train_sp0_320,train,images/SP0_320.JPG,cubit_train_sp0_321,train,images/SP0_321.JPG
perceptual_candidate,6,False,cubit_train_sp0_320,train,images/SP0_320.JPG,cubit_train_sp1_330,train,images/SP1_330.JPG
perceptual_candidate,6,False,cubit_train_sp0_321,train,images/SP0_321.JPG,cubit_train_sp1_329,train,images/SP1_329.JPG
perceptual_candidate,6,False,cubit_train_sp0_323,train,images/SP0_323.JPG,cubit_train_sp0_324,train,images/SP0_324.JPG
perceptual_candidate,6,False,cubit_train_sp0_323,train,images/SP0_323.JPG,cubit_train_sp1_322,train,images/SP1_322.JPG
perceptual_candidate,6,False,cubit_train_sp0_323,train,images/SP0_323.JPG,cubit_train_sp1_333,train,images/SP1_333.JPG
perceptual_candidate,6,False,cubit_train_sp0_324,train,images/SP0_324.JPG,cubit_train_sp1_332,train,images/SP1_332.JPG
perceptual_candidate,6,False,cubit_train_sp0_327,train,images/SP0_327.JPG,cubit_train_sp1_325,train,images/SP1_325.JPG
perceptual_candidate,6,False,cubit_train_sp0_330,train,images/SP0_330.JPG,cubit_train_sp1_340,train,images/SP1_340.JPG
perceptual_candidate,6,False,cubit_train_sp0_338,train,images/SP0_338.JPG,cubit_train_sp1_346,train,images/SP1_346.JPG
perceptual_candidate,6,False,cubit_train_sp0_340,train,images/SP0_340.JPG,cubit_train_sp1_347,train,images/SP1_347.JPG
perceptual_candidate,6,False,cubit_train_sp0_35,train,images/SP0_35.JPG,cubit_train_sp1_24,train,images/SP1_24.JPG
perceptual_candidate,6,False,cubit_train_sp0_350,train,images/SP0_350.JPG,cubit_train_sp1_350,train,images/SP1_350.JPG
perceptual_candidate,6,False,cubit_train_sp0_359,train,images/SP0_359.JPG,cubit_train_sp0_360,train,images/SP0_360.JPG
perceptual_candidate,6,False,cubit_train_sp0_383,train,images/SP0_383.JPG,cubit_train_sp1_375,train,images/SP1_375.JPG
perceptual_candidate,6,False,cubit_train_sp0_384,train,images/SP0_384.JPG,cubit_train_sp1_375,train,images/SP1_375.JPG
perceptual_candidate,6,False,cubit_train_sp0_387,train,images/SP0_387.JPG,cubit_train_sp1_373,train,images/SP1_373.JPG
perceptual_candidate,6,False,cubit_train_sp0_39,train,images/SP0_39.JPG,cubit_train_sp1_42,train,images/SP1_42.JPG
perceptual_candidate,6,False,cubit_train_sp0_390,train,images/SP0_390.JPG,cubit_train_sp1_375,train,images/SP1_375.JPG
perceptual_candidate,6,False,cubit_train_sp0_393,train,images/SP0_393.JPG,cubit_train_sp1_378,train,images/SP1_378.JPG
perceptual_candidate,6,False,cubit_train_sp0_394,train,images/SP0_394.JPG,cubit_train_sp1_379,train,images/SP1_379.JPG
perceptual_candidate,6,False,cubit_train_sp0_397,train,images/SP0_397.JPG,cubit_train_sp1_381,train,images/SP1_381.JPG
perceptual_candidate,6,False,cubit_train_sp0_40,train,images/SP0_40.JPG,cubit_train_sp1_42,train,images/SP1_42.JPG
perceptual_candidate,6,False,cubit_train_sp0_407,train,images/SP0_407.JPG,cubit_train_sp1_401,train,images/SP1_401.JPG
perceptual_candidate,6,False,cubit_train_sp0_408,train,images/SP0_408.JPG,cubit_train_sp0_442,train,images/SP0_442.JPG
perceptual_candidate,6,False,cubit_train_sp0_427,train,images/SP0_427.JPG,cubit_train_sp1_412,train,images/SP1_412.JPG
perceptual_candidate,6,False,cubit_train_sp0_429,train,images/SP0_429.JPG,cubit_train_sp0_430,train,images/SP0_430.JPG
perceptual_candidate,6,False,cubit_train_sp0_429,train,images/SP0_429.JPG,cubit_train_sp1_414,train,images/SP1_414.JPG
perceptual_candidate,6,False,cubit_train_sp0_429,train,images/SP0_429.JPG,cubit_train_sp1_425,train,images/SP1_425.JPG
perceptual_candidate,6,False,cubit_train_sp0_430,train,images/SP0_430.JPG,cubit_train_sp1_414,train,images/SP1_414.JPG
perceptual_candidate,6,False,cubit_train_sp0_431,train,images/SP0_431.JPG,cubit_train_sp0_432,train,images/SP0_432.JPG
perceptual_candidate,6,False,cubit_train_sp0_431,train,images/SP0_431.JPG,cubit_train_sp1_415,train,images/SP1_415.JPG
perceptual_candidate,6,False,cubit_train_sp0_431,train,images/SP0_431.JPG,cubit_train_sp1_427,train,images/SP1_427.JPG
perceptual_candidate,6,False,cubit_train_sp0_432,train,images/SP0_432.JPG,cubit_train_sp1_426,train,images/SP1_426.JPG
perceptual_candidate,6,False,cubit_train_sp0_434,train,images/SP0_434.JPG,cubit_train_sp1_429,train,images/SP1_429.JPG
perceptual_candidate,6,False,cubit_train_sp0_435,train,images/SP0_435.JPG,cubit_train_sp0_436,train,images/SP0_436.JPG
perceptual_candidate,6,False,cubit_train_sp0_439,train,images/SP0_439.JPG,cubit_train_sp0_440,train,images/SP0_440.JPG
perceptual_candidate,6,False,cubit_train_sp0_440,train,images/SP0_440.JPG,cubit_train_sp1_433,train,images/SP1_433.JPG
perceptual_candidate,6,False,cubit_train_sp0_441,train,images/SP0_441.JPG,cubit_train_sp0_442,train,images/SP0_442.JPG
perceptual_candidate,6,False,cubit_train_sp0_446,train,images/SP0_446.JPG,cubit_train_sp1_439,train,images/SP1_439.JPG
perceptual_candidate,6,False,cubit_train_sp0_448,train,images/SP0_448.JPG,cubit_train_sp0_449,train,images/SP0_449.JPG
perceptual_candidate,6,False,cubit_train_sp0_455,train,images/SP0_455.JPG,cubit_train_sp0_456,train,images/SP0_456.JPG
perceptual_candidate,6,False,cubit_train_sp0_46,train,images/SP0_46.JPG,cubit_train_sp0_47,train,images/SP0_47.JPG
perceptual_candidate,6,False,cubit_train_sp0_461,train,images/SP0_461.JPG,cubit_train_sp1_455,train,images/SP1_455.JPG
perceptual_candidate,6,False,cubit_train_sp0_464,train,images/SP0_464.JPG,cubit_train_sp1_449,train,images/SP1_449.JPG
perceptual_candidate,6,False,cubit_train_sp0_465,train,images/SP0_465.JPG,cubit_train_sp0_466,train,images/SP0_466.JPG
perceptual_candidate,6,False,cubit_train_sp0_465,train,images/SP0_465.JPG,cubit_train_sp1_450,train,images/SP1_450.JPG
perceptual_candidate,6,False,cubit_train_sp0_465,train,images/SP0_465.JPG,cubit_train_sp1_461,train,images/SP1_461.JPG
perceptual_candidate,6,False,cubit_train_sp0_466,train,images/SP0_466.JPG,cubit_train_sp1_450,train,images/SP1_450.JPG
perceptual_candidate,6,False,cubit_train_sp0_466,train,images/SP0_466.JPG,cubit_train_sp1_460,train,images/SP1_460.JPG
perceptual_candidate,6,False,cubit_train_sp0_468,train,images/SP0_468.JPG,cubit_train_sp1_451,train,images/SP1_451.JPG
perceptual_candidate,6,False,cubit_train_sp0_472,train,images/SP0_472.JPG,cubit_train_sp0_473,train,images/SP0_473.JPG
perceptual_candidate,6,False,cubit_train_sp0_486,train,images/SP0_486.JPG,cubit_train_sp0_487,train,images/SP0_487.JPG
perceptual_candidate,6,False,cubit_train_sp0_486,train,images/SP0_486.JPG,cubit_train_sp1_479,train,images/SP1_479.JPG
perceptual_candidate,6,False,cubit_train_sp0_495,train,images/SP0_495.JPG,cubit_train_sp1_489,train,images/SP1_489.JPG
perceptual_candidate,6,False,cubit_train_sp0_499,train,images/SP0_499.JPG,cubit_train_sp1_484,train,images/SP1_484.JPG
perceptual_candidate,6,False,cubit_train_sp0_512,train,images/SP0_512.JPG,cubit_train_sp1_506,train,images/SP1_506.JPG
perceptual_candidate,6,False,cubit_train_sp0_516,train,images/SP0_516.JPG,cubit_train_sp0_517,train,images/SP0_517.JPG
perceptual_candidate,6,False,cubit_train_sp0_516,train,images/SP0_516.JPG,cubit_train_sp1_509,train,images/SP1_509.JPG
perceptual_candidate,6,False,cubit_train_sp0_52,train,images/SP0_52.JPG,cubit_train_sp1_47,train,images/SP1_47.JPG
perceptual_candidate,6,False,cubit_train_sp0_527,train,images/SP0_527.JPG,cubit_train_sp0_528,train,images/SP0_528.JPG
perceptual_candidate,6,False,cubit_train_sp0_527,train,images/SP0_527.JPG,cubit_train_sp1_523,train,images/SP1_523.JPG
perceptual_candidate,6,False,cubit_train_sp0_541,train,images/SP0_541.JPG,cubit_train_sp0_542,train,images/SP0_542.JPG
perceptual_candidate,6,False,cubit_train_sp0_546,train,images/SP0_546.JPG,cubit_train_sp1_540,train,images/SP1_540.JPG
perceptual_candidate,6,False,cubit_train_sp0_551,train,images/SP0_551.JPG,cubit_train_sp0_552,train,images/SP0_552.JPG
perceptual_candidate,6,False,cubit_train_sp0_552,train,images/SP0_552.JPG,cubit_train_sp1_544,train,images/SP1_544.JPG
perceptual_candidate,6,False,cubit_train_sp0_555,train,images/SP0_555.JPG,cubit_train_sp1_548,train,images/SP1_548.JPG
perceptual_candidate,6,False,cubit_train_sp0_564,train,images/SP0_564.JPG,cubit_train_sp1_549,train,images/SP1_549.JPG
perceptual_candidate,6,False,cubit_train_sp0_570,train,images/SP0_570.JPG,cubit_train_sp1_554,train,images/SP1_554.JPG
perceptual_candidate,6,False,cubit_train_sp0_571,train,images/SP0_571.JPG,cubit_train_sp1_555,train,images/SP1_555.JPG
perceptual_candidate,6,False,cubit_train_sp0_581,train,images/SP0_581.JPG,cubit_train_sp0_582,train,images/SP0_582.JPG
perceptual_candidate,6,False,cubit_train_sp0_582,train,images/SP0_582.JPG,cubit_train_sp0_583,train,images/SP0_583.JPG
perceptual_candidate,6,False,cubit_train_sp0_584,train,images/SP0_584.JPG,cubit_train_sp0_585,train,images/SP0_585.JPG
perceptual_candidate,6,False,cubit_train_sp0_584,train,images/SP0_584.JPG,cubit_train_sp1_578,train,images/SP1_578.JPG
perceptual_candidate,6,False,cubit_train_sp0_585,train,images/SP0_585.JPG,cubit_train_sp1_578,train,images/SP1_578.JPG
perceptual_candidate,6,False,cubit_train_sp0_586,train,images/SP0_586.JPG,cubit_train_sp1_579,train,images/SP1_579.JPG
perceptual_candidate,6,False,cubit_train_sp0_6,train,images/SP0_6.JPG,cubit_train_sp0_7,train,images/SP0_7.JPG
perceptual_candidate,6,False,cubit_train_sp0_605,train,images/SP0_605.JPG,cubit_train_sp1_589,train,images/SP1_589.JPG
perceptual_candidate,6,False,cubit_train_sp0_605,train,images/SP0_605.JPG,cubit_train_sp1_590,train,images/SP1_590.JPG
perceptual_candidate,6,False,cubit_train_sp0_607,train,images/SP0_607.JPG,cubit_train_sp1_591,train,images/SP1_591.JPG
perceptual_candidate,6,False,cubit_train_sp0_608,train,images/SP0_608.JPG,cubit_train_sp1_592,train,images/SP1_592.JPG
perceptual_candidate,6,False,cubit_train_sp0_609,train,images/SP0_609.JPG,cubit_train_sp0_610,train,images/SP0_610.JPG
perceptual_candidate,6,False,cubit_train_sp0_616,train,images/SP0_616.JPG,cubit_train_sp1_610,train,images/SP1_610.JPG
perceptual_candidate,6,False,cubit_train_sp0_617,train,images/SP0_617.JPG,cubit_train_sp1_611,train,images/SP1_611.JPG
perceptual_candidate,6,False,cubit_train_sp0_618,train,images/SP0_618.JPG,cubit_train_sp1_612,train,images/SP1_612.JPG
perceptual_candidate,6,False,cubit_train_sp0_621,train,images/SP0_621.JPG,cubit_train_sp0_622,train,images/SP0_622.JPG
perceptual_candidate,6,False,cubit_train_sp0_628,train,images/SP0_628.JPG,cubit_train_sp0_629,train,images/SP0_629.JPG
perceptual_candidate,6,False,cubit_train_sp0_639,train,images/SP0_639.JPG,cubit_train_sp0_640,train,images/SP0_640.JPG
perceptual_candidate,6,False,cubit_train_sp0_639,train,images/SP0_639.JPG,cubit_train_sp1_624,train,images/SP1_624.JPG
perceptual_candidate,6,False,cubit_train_sp0_639,train,images/SP0_639.JPG,cubit_train_sp1_635,train,images/SP1_635.JPG
perceptual_candidate,6,False,cubit_train_sp0_640,train,images/SP0_640.JPG,cubit_train_sp1_624,train,images/SP1_624.JPG
perceptual_candidate,6,False,cubit_train_sp0_640,train,images/SP0_640.JPG,cubit_train_sp1_634,train,images/SP1_634.JPG
perceptual_candidate,6,False,cubit_train_sp0_65,train,images/SP0_65.JPG,cubit_train_sp1_69,train,images/SP1_69.JPG
perceptual_candidate,6,False,cubit_train_sp0_651,train,images/SP0_651.JPG,cubit_train_sp1_646,train,images/SP1_646.JPG
perceptual_candidate,6,False,cubit_train_sp0_653,train,images/SP0_653.JPG,cubit_train_sp1_647,train,images/SP1_647.JPG
perceptual_candidate,6,False,cubit_train_sp0_656,train,images/SP0_656.JPG,cubit_train_sp0_657,train,images/SP0_657.JPG
perceptual_candidate,6,False,cubit_train_sp0_66,train,images/SP0_66.JPG,cubit_train_sp1_70,train,images/SP1_70.JPG
perceptual_candidate,6,False,cubit_train_sp0_664,train,images/SP0_664.JPG,cubit_train_sp1_655,train,images/SP1_655.JPG
perceptual_candidate,6,False,cubit_train_sp0_665,train,images/SP0_665.JPG,cubit_train_sp1_652,train,images/SP1_652.JPG
perceptual_candidate,6,False,cubit_train_sp0_666,train,images/SP0_666.JPG,cubit_train_sp0_667,train,images/SP0_667.JPG
perceptual_candidate,6,False,cubit_train_sp0_669,train,images/SP0_669.JPG,cubit_train_sp1_654,train,images/SP1_654.JPG
perceptual_candidate,6,False,cubit_train_sp0_676,train,images/SP0_676.JPG,cubit_train_sp1_670,train,images/SP1_670.JPG
perceptual_candidate,6,False,cubit_train_sp0_685,train,images/SP0_685.JPG,cubit_train_sp1_679,train,images/SP1_679.JPG
perceptual_candidate,6,False,cubit_train_sp0_691,train,images/SP0_691.JPG,cubit_train_sp1_684,train,images/SP1_684.JPG
perceptual_candidate,6,False,cubit_train_sp0_697,train,images/SP0_697.JPG,cubit_train_sp1_689,train,images/SP1_689.JPG
perceptual_candidate,6,False,cubit_train_sp0_699,train,images/SP0_699.JPG,cubit_train_sp1_691,train,images/SP1_691.JPG
perceptual_candidate,6,False,cubit_train_sp0_717,train,images/SP0_717.JPG,cubit_train_sp0_718,train,images/SP0_718.JPG
perceptual_candidate,6,False,cubit_train_sp0_719,train,images/SP0_719.JPG,cubit_train_sp0_720,train,images/SP0_720.JPG
perceptual_candidate,6,False,cubit_train_sp0_721,train,images/SP0_721.JPG,cubit_train_sp0_728,train,images/SP0_728.JPG
perceptual_candidate,6,False,cubit_train_sp0_726,train,images/SP0_726.JPG,cubit_train_sp0_727,train,images/SP0_727.JPG
perceptual_candidate,6,False,cubit_train_sp0_746,train,images/SP0_746.JPG,cubit_train_sp1_730,train,images/SP1_730.JPG
perceptual_candidate,6,False,cubit_train_sp0_747,train,images/SP0_747.JPG,cubit_train_sp1_731,train,images/SP1_731.JPG
perceptual_candidate,6,False,cubit_train_sp0_748,train,images/SP0_748.JPG,cubit_train_sp1_731,train,images/SP1_731.JPG
perceptual_candidate,6,False,cubit_train_sp0_754,train,images/SP0_754.JPG,cubit_train_sp1_748,train,images/SP1_748.JPG
perceptual_candidate,6,False,cubit_train_sp0_756,train,images/SP0_756.JPG,cubit_train_sp1_751,train,images/SP1_751.JPG
perceptual_candidate,6,False,cubit_train_sp0_760,train,images/SP0_760.JPG,cubit_train_sp1_753,train,images/SP1_753.JPG
perceptual_candidate,6,False,cubit_train_sp0_761,train,images/SP0_761.JPG,cubit_train_sp1_754,train,images/SP1_754.JPG
perceptual_candidate,6,False,cubit_train_sp0_763,train,images/SP0_763.JPG,cubit_train_sp0_764,train,images/SP0_764.JPG
perceptual_candidate,6,False,cubit_train_sp0_764,train,images/SP0_764.JPG,cubit_train_sp1_757,train,images/SP1_757.JPG
perceptual_candidate,6,False,cubit_train_sp0_765,train,images/SP0_765.JPG,cubit_train_sp1_758,train,images/SP1_758.JPG
perceptual_candidate,6,False,cubit_train_sp0_773,train,images/SP0_773.JPG,cubit_train_sp0_774,train,images/SP0_774.JPG
perceptual_candidate,6,False,cubit_train_sp0_773,train,images/SP0_773.JPG,cubit_train_sp1_769,train,images/SP1_769.JPG
perceptual_candidate,6,False,cubit_train_sp0_774,train,images/SP0_774.JPG,cubit_train_sp1_768,train,images/SP1_768.JPG
perceptual_candidate,6,False,cubit_train_sp0_79,train,images/SP0_79.JPG,cubit_train_sp0_80,train,images/SP0_80.JPG
perceptual_candidate,6,False,cubit_train_sp0_809,train,images/SP0_809.JPG,cubit_train_sp1_794,train,images/SP1_794.JPG
perceptual_candidate,6,False,cubit_train_sp0_824,train,images/SP0_824.JPG,cubit_train_sp0_825,train,images/SP0_825.JPG
perceptual_candidate,6,False,cubit_train_sp0_827,train,images/SP0_827.JPG,cubit_train_sp0_828,train,images/SP0_828.JPG
perceptual_candidate,6,False,cubit_train_sp0_831,train,images/SP0_831.JPG,cubit_train_sp0_832,train,images/SP0_832.JPG
perceptual_candidate,6,False,cubit_train_sp0_834,train,images/SP0_834.JPG,cubit_train_sp0_835,train,images/SP0_835.JPG
perceptual_candidate,6,False,cubit_train_sp0_849,train,images/SP0_849.JPG,cubit_train_sp1_829,train,images/SP1_829.JPG
perceptual_candidate,6,False,cubit_train_sp0_86,train,images/SP0_86.JPG,cubit_train_sp1_83,train,images/SP1_83.JPG
perceptual_candidate,6,False,cubit_train_sp0_866,train,images/SP0_866.JPG,cubit_train_sp0_867,train,images/SP0_867.JPG
perceptual_candidate,6,False,cubit_train_sp0_869,train,images/SP0_869.JPG,cubit_train_sp0_870,train,images/SP0_870.JPG
perceptual_candidate,6,False,cubit_train_sp0_87,train,images/SP0_87.JPG,cubit_train_sp1_82,train,images/SP1_82.JPG
perceptual_candidate,6,False,cubit_train_sp0_878,train,images/SP0_878.JPG,cubit_train_sp0_879,train,images/SP0_879.JPG
perceptual_candidate,6,False,cubit_train_sp0_879,train,images/SP0_879.JPG,cubit_train_sp1_860,train,images/SP1_860.JPG
perceptual_candidate,6,False,cubit_train_sp0_891,train,images/SP0_891.JPG,cubit_train_sp1_869,train,images/SP1_869.JPG
perceptual_candidate,6,False,cubit_train_sp0_899,train,images/SP0_899.JPG,cubit_train_sp0_900,train,images/SP0_900.JPG
perceptual_candidate,6,False,cubit_train_sp0_900,train,images/SP0_900.JPG,cubit_train_sp1_872,train,images/SP1_872.JPG
perceptual_candidate,6,False,cubit_train_sp0_901,train,images/SP0_901.JPG,cubit_train_sp1_873,train,images/SP1_873.JPG
perceptual_candidate,6,False,cubit_train_sp0_903,train,images/SP0_903.JPG,cubit_train_sp1_883,train,images/SP1_883.JPG
perceptual_candidate,6,False,cubit_train_sp0_909,train,images/SP0_909.JPG,cubit_train_sp1_879,train,images/SP1_879.JPG
perceptual_candidate,6,False,cubit_train_sp0_917,train,images/SP0_917.JPG,cubit_train_sp0_918,train,images/SP0_918.JPG
perceptual_candidate,6,False,cubit_train_sp0_918,train,images/SP0_918.JPG,cubit_train_sp0_919,train,images/SP0_919.JPG
perceptual_candidate,6,False,cubit_train_sp0_923,train,images/SP0_923.JPG,cubit_train_sp1_902,train,images/SP1_902.JPG
perceptual_candidate,6,False,cubit_train_sp0_926,train,images/SP0_926.JPG,cubit_train_sp1_904,train,images/SP1_904.JPG
perceptual_candidate,6,False,cubit_train_sp0_94,train,images/SP0_94.JPG,cubit_train_sp0_95,train,images/SP0_95.JPG
perceptual_candidate,6,False,cubit_train_sp0_94,train,images/SP0_94.JPG,cubit_train_sp1_100,train,images/SP1_100.JPG
perceptual_candidate,6,False,cubit_train_sp0_941,train,images/SP0_941.JPG,cubit_train_sp1_923,train,images/SP1_923.JPG
perceptual_candidate,6,False,cubit_train_sp0_946,train,images/SP0_946.JPG,cubit_train_sp0_947,train,images/SP0_947.JPG
perceptual_candidate,6,False,cubit_train_sp0_95,train,images/SP0_95.JPG,cubit_train_sp1_99,train,images/SP1_99.JPG
perceptual_candidate,6,False,cubit_train_sp0_962,train,images/SP0_962.JPG,cubit_train_sp1_940,train,images/SP1_940.JPG
perceptual_candidate,6,False,cubit_train_sp0_966,train,images/SP0_966.JPG,cubit_train_sp0_967,train,images/SP0_967.JPG
perceptual_candidate,6,False,cubit_train_sp0_966,train,images/SP0_966.JPG,cubit_train_sp1_938,train,images/SP1_938.JPG
perceptual_candidate,6,False,cubit_train_sp0_966,train,images/SP0_966.JPG,cubit_train_sp1_948,train,images/SP1_948.JPG
perceptual_candidate,6,False,cubit_train_sp0_970,train,images/SP0_970.JPG,cubit_train_sp1_940,train,images/SP1_940.JPG
perceptual_candidate,6,False,cubit_train_sp0_970,train,images/SP0_970.JPG,cubit_train_sp1_950,train,images/SP1_950.JPG
perceptual_candidate,6,False,cubit_train_sp0_971,train,images/SP0_971.JPG,cubit_train_sp1_942,train,images/SP1_942.JPG
perceptual_candidate,6,False,cubit_train_sp0_977,train,images/SP0_977.JPG,cubit_train_sp1_947,train,images/SP1_947.JPG
perceptual_candidate,6,False,cubit_train_sp0_983,train,images/SP0_983.JPG,cubit_train_sp0_984,train,images/SP0_984.JPG
perceptual_candidate,6,False,cubit_train_sp0_984,train,images/SP0_984.JPG,cubit_train_sp1_964,train,images/SP1_964.JPG
perceptual_candidate,6,False,cubit_train_sp0_987,train,images/SP0_987.JPG,cubit_train_sp1_967,train,images/SP1_967.JPG
perceptual_candidate,6,False,cubit_train_sp0_990,train,images/SP0_990.JPG,cubit_train_sp0_991,train,images/SP0_991.JPG
perceptual_candidate,6,False,cubit_train_sp1_100,train,images/SP1_100.JPG,cubit_train_sp1_99,train,images/SP1_99.JPG
perceptual_candidate,6,False,cubit_train_sp1_1009,train,images/SP1_1009.JPG,cubit_train_sp1_1019,train,images/SP1_1019.JPG
perceptual_candidate,6,False,cubit_train_sp1_1075,train,images/SP1_1075.JPG,cubit_train_sp1_1085,train,images/SP1_1085.JPG
perceptual_candidate,6,False,cubit_train_sp1_1079,train,images/SP1_1079.JPG,cubit_train_sp1_1088,train,images/SP1_1088.JPG
perceptual_candidate,6,False,cubit_train_sp1_1080,train,images/SP1_1080.JPG,cubit_train_sp1_1090,train,images/SP1_1090.JPG
perceptual_candidate,6,False,cubit_train_sp1_1115,train,images/SP1_1115.JPG,cubit_train_sp1_1125,train,images/SP1_1125.JPG
perceptual_candidate,6,False,cubit_train_sp1_113,train,images/SP1_113.JPG,cubit_train_sp1_114,train,images/SP1_114.JPG
perceptual_candidate,6,False,cubit_train_sp1_1148,train,images/SP1_1148.JPG,cubit_train_sp1_1158,train,images/SP1_1158.JPG
perceptual_candidate,6,False,cubit_train_sp1_1150,train,images/SP1_1150.JPG,cubit_train_sp1_1160,train,images/SP1_1160.JPG
perceptual_candidate,6,False,cubit_train_sp1_1150,train,images/SP1_1150.JPG,cubit_train_sp1_1161,train,images/SP1_1161.JPG
perceptual_candidate,6,False,cubit_train_sp1_118,train,images/SP1_118.JPG,cubit_train_sp1_128,train,images/SP1_128.JPG
perceptual_candidate,6,False,cubit_train_sp1_1180,train,images/SP1_1180.JPG,cubit_train_sp1_1190,train,images/SP1_1190.JPG
perceptual_candidate,6,False,cubit_train_sp1_1182,train,images/SP1_1182.JPG,cubit_train_sp1_1192,train,images/SP1_1192.JPG
perceptual_candidate,6,False,cubit_train_sp1_1185,train,images/SP1_1185.JPG,cubit_train_sp1_1195,train,images/SP1_1195.JPG
perceptual_candidate,6,False,cubit_train_sp1_121,train,images/SP1_121.JPG,cubit_train_sp1_131,train,images/SP1_131.JPG
perceptual_candidate,6,False,cubit_train_sp1_1216,train,images/SP1_1216.JPG,cubit_train_sp1_1227,train,images/SP1_1227.JPG
perceptual_candidate,6,False,cubit_train_sp1_1221,train,images/SP1_1221.JPG,cubit_train_sp1_1232,train,images/SP1_1232.JPG
perceptual_candidate,6,False,cubit_train_sp1_1222,train,images/SP1_1222.JPG,cubit_train_sp1_1234,train,images/SP1_1234.JPG
perceptual_candidate,6,False,cubit_train_sp1_1233,train,images/SP1_1233.JPG,cubit_train_sp1_1234,train,images/SP1_1234.JPG
perceptual_candidate,6,False,cubit_train_sp1_125,train,images/SP1_125.JPG,cubit_train_sp1_137,train,images/SP1_137.JPG
perceptual_candidate,6,False,cubit_train_sp1_1257,train,images/SP1_1257.JPG,cubit_train_sp1_1268,train,images/SP1_1268.JPG
perceptual_candidate,6,False,cubit_train_sp1_1258,train,images/SP1_1258.JPG,cubit_train_sp1_1269,train,images/SP1_1269.JPG
perceptual_candidate,6,False,cubit_train_sp1_1291,train,images/SP1_1291.JPG,cubit_train_sp1_1301,train,images/SP1_1301.JPG
perceptual_candidate,6,False,cubit_train_sp1_1301,train,images/SP1_1301.JPG,cubit_train_sp1_1302,train,images/SP1_1302.JPG
perceptual_candidate,6,False,cubit_train_sp1_1315,train,images/SP1_1315.JPG,cubit_train_sp1_1352,train,images/SP1_1352.JPG
perceptual_candidate,6,False,cubit_train_sp1_1322,train,images/SP1_1322.JPG,cubit_train_sp1_1332,train,images/SP1_1332.JPG
perceptual_candidate,6,False,cubit_train_sp1_1330,train,images/SP1_1330.JPG,cubit_train_sp1_1331,train,images/SP1_1331.JPG
perceptual_candidate,6,False,cubit_train_sp1_1364,train,images/SP1_1364.JPG,cubit_train_sp1_1365,train,images/SP1_1365.JPG
perceptual_candidate,6,False,cubit_train_sp1_1440,train,images/SP1_1440.JPG,cubit_train_sp1_1441,train,images/SP1_1441.JPG
perceptual_candidate,6,False,cubit_train_sp1_1461,train,images/SP1_1461.JPG,cubit_train_sp1_1470,train,images/SP1_1470.JPG
perceptual_candidate,6,False,cubit_train_sp1_1461,train,images/SP1_1461.JPG,cubit_train_sp1_1471,train,images/SP1_1471.JPG
perceptual_candidate,6,False,cubit_train_sp1_1464,train,images/SP1_1464.JPG,cubit_train_sp1_1475,train,images/SP1_1475.JPG
perceptual_candidate,6,False,cubit_train_sp1_1486,train,images/SP1_1486.JPG,cubit_train_sp1_1491,train,images/SP1_1491.JPG
perceptual_candidate,6,False,cubit_train_sp1_1493,train,images/SP1_1493.JPG,cubit_train_sp1_1503,train,images/SP1_1503.JPG
perceptual_candidate,6,False,cubit_train_sp1_151,train,images/SP1_151.JPG,cubit_train_sp1_160,train,images/SP1_160.JPG
perceptual_candidate,6,False,cubit_train_sp1_1557,train,images/SP1_1557.JPG,cubit_train_sp1_1568,train,images/SP1_1568.JPG
perceptual_candidate,6,False,cubit_train_sp1_1558,train,images/SP1_1558.JPG,cubit_train_sp1_1569,train,images/SP1_1569.JPG
perceptual_candidate,6,False,cubit_train_sp1_1584,train,images/SP1_1584.JPG,cubit_train_sp1_1594,train,images/SP1_1594.JPG
perceptual_candidate,6,False,cubit_train_sp1_16,train,images/SP1_16.JPG,cubit_train_sp1_25,train,images/SP1_25.JPG
perceptual_candidate,6,False,cubit_train_sp1_1620,train,images/SP1_1620.JPG,cubit_train_sp1_1629,train,images/SP1_1629.JPG
perceptual_candidate,6,False,cubit_train_sp1_1630,train,images/SP1_1630.JPG,cubit_train_sp1_1631,train,images/SP1_1631.JPG
perceptual_candidate,6,False,cubit_train_sp1_1660,train,images/SP1_1660.JPG,cubit_train_sp1_1670,train,images/SP1_1670.JPG
perceptual_candidate,6,False,cubit_train_sp1_1666,train,images/SP1_1666.JPG,cubit_train_sp1_1667,train,images/SP1_1667.JPG
perceptual_candidate,6,False,cubit_train_sp1_1695,train,images/SP1_1695.JPG,cubit_train_sp1_1705,train,images/SP1_1705.JPG
perceptual_candidate,6,False,cubit_train_sp1_1707,train,images/SP1_1707.JPG,cubit_train_sp1_1708,train,images/SP1_1708.JPG
perceptual_candidate,6,False,cubit_train_sp1_1728,train,images/SP1_1728.JPG,cubit_train_sp1_1738,train,images/SP1_1738.JPG
perceptual_candidate,6,False,cubit_train_sp1_1731,train,images/SP1_1731.JPG,cubit_train_sp1_1743,train,images/SP1_1743.JPG
perceptual_candidate,6,False,cubit_train_sp1_1733,train,images/SP1_1733.JPG,cubit_train_sp1_1744,train,images/SP1_1744.JPG
perceptual_candidate,6,False,cubit_train_sp1_1740,train,images/SP1_1740.JPG,cubit_train_sp1_1741,train,images/SP1_1741.JPG
perceptual_candidate,6,False,cubit_train_sp1_1761,train,images/SP1_1761.JPG,cubit_train_sp1_1771,train,images/SP1_1771.JPG
perceptual_candidate,6,False,cubit_train_sp1_1767,train,images/SP1_1767.JPG,cubit_train_sp1_1779,train,images/SP1_1779.JPG
perceptual_candidate,6,False,cubit_train_sp1_1801,train,images/SP1_1801.JPG,cubit_train_sp1_1810,train,images/SP1_1810.JPG
perceptual_candidate,6,False,cubit_train_sp1_181,train,images/SP1_181.JPG,cubit_train_sp1_191,train,images/SP1_191.JPG
perceptual_candidate,6,False,cubit_train_sp1_181,train,images/SP1_181.JPG,cubit_train_sp1_192,train,images/SP1_192.JPG
perceptual_candidate,6,False,cubit_train_sp1_182,train,images/SP1_182.JPG,cubit_train_sp1_192,train,images/SP1_192.JPG
perceptual_candidate,6,False,cubit_train_sp1_1841,train,images/SP1_1841.JPG,cubit_train_sp1_1842,train,images/SP1_1842.JPG
perceptual_candidate,6,False,cubit_train_sp1_185,train,images/SP1_185.JPG,cubit_train_sp1_197,train,images/SP1_197.JPG
perceptual_candidate,6,False,cubit_train_sp1_1869,train,images/SP1_1869.JPG,cubit_train_sp1_1880,train,images/SP1_1880.JPG
perceptual_candidate,6,False,cubit_train_sp1_1899,train,images/SP1_1899.JPG,cubit_train_sp1_1909,train,images/SP1_1909.JPG
perceptual_candidate,6,False,cubit_train_sp1_1904,train,images/SP1_1904.JPG,cubit_train_sp1_1914,train,images/SP1_1914.JPG
perceptual_candidate,6,False,cubit_train_sp1_191,train,images/SP1_191.JPG,cubit_train_sp1_192,train,images/SP1_192.JPG
perceptual_candidate,6,False,cubit_train_sp1_196,train,images/SP1_196.JPG,cubit_train_sp1_197,train,images/SP1_197.JPG
perceptual_candidate,6,False,cubit_train_sp1_21,train,images/SP1_21.JPG,cubit_train_sp1_31,train,images/SP1_31.JPG
perceptual_candidate,6,False,cubit_train_sp1_213,train,images/SP1_213.JPG,cubit_train_sp1_222,train,images/SP1_222.JPG
perceptual_candidate,6,False,cubit_train_sp1_214,train,images/SP1_214.JPG,cubit_train_sp1_224,train,images/SP1_224.JPG
perceptual_candidate,6,False,cubit_train_sp1_217,train,images/SP1_217.JPG,cubit_train_sp1_227,train,images/SP1_227.JPG
perceptual_candidate,6,False,cubit_train_sp1_220,train,images/SP1_220.JPG,cubit_train_sp1_232,train,images/SP1_232.JPG
perceptual_candidate,6,False,cubit_train_sp1_24,train,images/SP1_24.JPG,cubit_train_sp1_35,train,images/SP1_35.JPG
perceptual_candidate,6,False,cubit_train_sp1_248,train,images/SP1_248.JPG,cubit_train_sp1_257,train,images/SP1_257.JPG
perceptual_candidate,6,False,cubit_train_sp1_251,train,images/SP1_251.JPG,cubit_train_sp1_261,train,images/SP1_261.JPG
perceptual_candidate,6,False,cubit_train_sp1_253,train,images/SP1_253.JPG,cubit_train_sp1_264,train,images/SP1_264.JPG
perceptual_candidate,6,False,cubit_train_sp1_254,train,images/SP1_254.JPG,cubit_train_sp1_266,train,images/SP1_266.JPG
perceptual_candidate,6,False,cubit_train_sp1_255,train,images/SP1_255.JPG,cubit_train_sp1_266,train,images/SP1_266.JPG
perceptual_candidate,6,False,cubit_train_sp1_258,train,images/SP1_258.JPG,cubit_train_sp1_259,train,images/SP1_259.JPG
perceptual_candidate,6,False,cubit_train_sp1_287,train,images/SP1_287.JPG,cubit_train_sp1_297,train,images/SP1_297.JPG
perceptual_candidate,6,False,cubit_train_sp1_296,train,images/SP1_296.JPG,cubit_train_sp1_297,train,images/SP1_297.JPG
perceptual_candidate,6,False,cubit_train_sp1_318,train,images/SP1_318.JPG,cubit_train_sp1_328,train,images/SP1_328.JPG
perceptual_candidate,6,False,cubit_train_sp1_322,train,images/SP1_322.JPG,cubit_train_sp1_332,train,images/SP1_332.JPG
perceptual_candidate,6,False,cubit_train_sp1_323,train,images/SP1_323.JPG,cubit_train_sp1_334,train,images/SP1_334.JPG
perceptual_candidate,6,False,cubit_train_sp1_325,train,images/SP1_325.JPG,cubit_train_sp1_336,train,images/SP1_336.JPG
perceptual_candidate,6,False,cubit_train_sp1_329,train,images/SP1_329.JPG,cubit_train_sp1_330,train,images/SP1_330.JPG
perceptual_candidate,6,False,cubit_train_sp1_332,train,images/SP1_332.JPG,cubit_train_sp1_333,train,images/SP1_333.JPG
perceptual_candidate,6,False,cubit_train_sp1_375,train,images/SP1_375.JPG,cubit_train_sp1_385,train,images/SP1_385.JPG
perceptual_candidate,6,False,cubit_train_sp1_378,train,images/SP1_378.JPG,cubit_train_sp1_388,train,images/SP1_388.JPG
perceptual_candidate,6,False,cubit_train_sp1_379,train,images/SP1_379.JPG,cubit_train_sp1_389,train,images/SP1_389.JPG
perceptual_candidate,6,False,cubit_train_sp1_412,train,images/SP1_412.JPG,cubit_train_sp1_422,train,images/SP1_422.JPG
perceptual_candidate,6,False,cubit_train_sp1_414,train,images/SP1_414.JPG,cubit_train_sp1_425,train,images/SP1_425.JPG
perceptual_candidate,6,False,cubit_train_sp1_415,train,images/SP1_415.JPG,cubit_train_sp1_426,train,images/SP1_426.JPG
perceptual_candidate,6,False,cubit_train_sp1_426,train,images/SP1_426.JPG,cubit_train_sp1_427,train,images/SP1_427.JPG
perceptual_candidate,6,False,cubit_train_sp1_444,train,images/SP1_444.JPG,cubit_train_sp1_454,train,images/SP1_454.JPG
perceptual_candidate,6,False,cubit_train_sp1_449,train,images/SP1_449.JPG,cubit_train_sp1_459,train,images/SP1_459.JPG
perceptual_candidate,6,False,cubit_train_sp1_450,train,images/SP1_450.JPG,cubit_train_sp1_460,train,images/SP1_460.JPG
perceptual_candidate,6,False,cubit_train_sp1_450,train,images/SP1_450.JPG,cubit_train_sp1_461,train,images/SP1_461.JPG
perceptual_candidate,6,False,cubit_train_sp1_451,train,images/SP1_451.JPG,cubit_train_sp1_463,train,images/SP1_463.JPG
perceptual_candidate,6,False,cubit_train_sp1_455,train,images/SP1_455.JPG,cubit_train_sp1_456,train,images/SP1_456.JPG
perceptual_candidate,6,False,cubit_train_sp1_460,train,images/SP1_460.JPG,cubit_train_sp1_461,train,images/SP1_461.JPG
perceptual_candidate,6,False,cubit_train_sp1_480,train,images/SP1_480.JPG,cubit_train_sp1_491,train,images/SP1_491.JPG
perceptual_candidate,6,False,cubit_train_sp1_484,train,images/SP1_484.JPG,cubit_train_sp1_494,train,images/SP1_494.JPG
perceptual_candidate,6,False,cubit_train_sp1_489,train,images/SP1_489.JPG,cubit_train_sp1_490,train,images/SP1_490.JPG
perceptual_candidate,6,False,cubit_train_sp1_549,train,images/SP1_549.JPG,cubit_train_sp1_559,train,images/SP1_559.JPG
perceptual_candidate,6,False,cubit_train_sp1_554,train,images/SP1_554.JPG,cubit_train_sp1_565,train,images/SP1_565.JPG
perceptual_candidate,6,False,cubit_train_sp1_555,train,images/SP1_555.JPG,cubit_train_sp1_566,train,images/SP1_566.JPG
perceptual_candidate,6,False,cubit_train_sp1_588,train,images/SP1_588.JPG,cubit_train_sp1_597,train,images/SP1_597.JPG
perceptual_candidate,6,False,cubit_train_sp1_588,train,images/SP1_588.JPG,cubit_train_sp1_598,train,images/SP1_598.JPG
perceptual_candidate,6,False,cubit_train_sp1_592,train,images/SP1_592.JPG,cubit_train_sp1_603,train,images/SP1_603.JPG
perceptual_candidate,6,False,cubit_train_sp1_597,train,images/SP1_597.JPG,cubit_train_sp1_598,train,images/SP1_598.JPG
perceptual_candidate,6,False,cubit_train_sp1_623,train,images/SP1_623.JPG,cubit_train_sp1_633,train,images/SP1_633.JPG
perceptual_candidate,6,False,cubit_train_sp1_624,train,images/SP1_624.JPG,cubit_train_sp1_634,train,images/SP1_634.JPG
perceptual_candidate,6,False,cubit_train_sp1_624,train,images/SP1_624.JPG,cubit_train_sp1_635,train,images/SP1_635.JPG
perceptual_candidate,6,False,cubit_train_sp1_634,train,images/SP1_634.JPG,cubit_train_sp1_635,train,images/SP1_635.JPG
perceptual_candidate,6,False,cubit_train_sp1_654,train,images/SP1_654.JPG,cubit_train_sp1_664,train,images/SP1_664.JPG
perceptual_candidate,6,False,cubit_train_sp1_660,train,images/SP1_660.JPG,cubit_train_sp1_670,train,images/SP1_670.JPG
perceptual_candidate,6,False,cubit_train_sp1_670,train,images/SP1_670.JPG,cubit_train_sp1_671,train,images/SP1_671.JPG
perceptual_candidate,6,False,cubit_train_sp1_730,train,images/SP1_730.JPG,cubit_train_sp1_741,train,images/SP1_741.JPG
perceptual_candidate,6,False,cubit_train_sp1_731,train,images/SP1_731.JPG,cubit_train_sp1_742,train,images/SP1_742.JPG
perceptual_candidate,6,False,cubit_train_sp1_768,train,images/SP1_768.JPG,cubit_train_sp1_769,train,images/SP1_769.JPG
perceptual_candidate,6,False,cubit_train_sp1_794,train,images/SP1_794.JPG,cubit_train_sp1_804,train,images/SP1_804.JPG
perceptual_candidate,6,False,cubit_train_sp1_82,train,images/SP1_82.JPG,cubit_train_sp1_83,train,images/SP1_83.JPG
perceptual_candidate,6,False,cubit_train_sp1_82,train,images/SP1_82.JPG,cubit_train_sp1_92,train,images/SP1_92.JPG
perceptual_candidate,6,False,cubit_train_sp1_829,train,images/SP1_829.JPG,cubit_train_sp1_836,train,images/SP1_836.JPG
perceptual_candidate,6,False,cubit_train_sp1_879,train,images/SP1_879.JPG,cubit_train_sp1_890,train,images/SP1_890.JPG
perceptual_candidate,6,False,cubit_train_sp1_914,train,images/SP1_914.JPG,cubit_train_sp1_923,train,images/SP1_923.JPG
perceptual_candidate,6,False,cubit_train_sp1_940,train,images/SP1_940.JPG,cubit_train_sp1_950,train,images/SP1_950.JPG
perceptual_candidate,6,False,cubit_train_sp1_940,train,images/SP1_940.JPG,cubit_train_sp1_951,train,images/SP1_951.JPG
perceptual_candidate,6,False,cubit_train_sp1_942,train,images/SP1_942.JPG,cubit_train_sp1_952,train,images/SP1_952.JPG
perceptual_candidate,6,False,cubit_train_sp1_947,train,images/SP1_947.JPG,cubit_train_sp1_958,train,images/SP1_958.JPG
perceptual_candidate,6,False,cubit_train_sp1_950,train,images/SP1_950.JPG,cubit_train_sp1_951,train,images/SP1_951.JPG
perceptual_candidate,6,False,cubit_train_sp1_986,train,images/SP1_986.JPG,cubit_train_sp1_987,train,images/SP1_987.JPG
perceptual_candidate,6,False,cubit_val_cr1_3051,val,images/CR1_3051.JPG,cubit_val_cr1_3059,val,images/CR1_3059.JPG
perceptual_candidate,6,False,cubit_val_sp0_1259,val,images/SP0_1259.JPG,cubit_val_sp1_1246,val,images/SP1_1246.JPG
perceptual_candidate,6,False,cubit_val_sp0_1343,val,images/SP0_1343.JPG,cubit_val_sp1_1358,val,images/SP1_1358.JPG
perceptual_candidate,6,False,cubit_val_sp0_743,val,images/SP0_743.JPG,cubit_val_sp1_728,val,images/SP1_728.JPG
