sample_id,source_dataset,split,group_id,output_image,normalized_annotation,normalized_annotation_sha256,canonical_labels,mapping_version,license_id,target_annotation_count,mapping_strengths,segmentation_annotation_count,rejected_geometry_count,geometry_qc,task,eligibility,geometry
cif_0001,CiF-tiled,train,SB-AB18-AB_S-220.JPG,data/feasibility_v0/images/cif/cif_0001.jpg,data/feasibility_v0/normalized/cif_0001.json,2b1e5a1a8312fa0261a864dac18c97bd56fc2255e4042de9f86c7fbbcb5045b8,crack,BDI-TAX-001@0.1.0-beta,CDLA-Permissive-2.0,4,direct,4,0,passed,classification,image_multilabel_from_source_annotations,image_labels
cif_0002,CiF-tiled,train,AB18 - The sloping Part (South)/DJI_20210824154235_0010_SUPR/DJI_20210824154612_0100_SUPR.JPG,data/feasibility_v0/images/cif/cif_0002.jpg,data/feasibility_v0/normalized/cif_0002.json,19a0c26592b7f2f2b0512e14adc2d8cce27052837ffea6951a7782a2702abd42,crack,BDI-TAX-001@0.1.0-beta,CDLA-Permissive-2.0,1,direct,1,0,passed,classification,image_multilabel_from_source_annotations,image_labels
cif_0003,CiF-tiled,train,AB18 - The sloping Part (South)/DJI_20210824154235_0010_SUPR/DJI_20210824154430_0053_SUPR.JPG,data/feasibility_v0/images/cif/cif_0003.jpg,data/feasibility_v0/normalized/cif_0003.json,954d11f1c99f972aedd1c872dcf7ce82c2b09976827d19c4d486b7809f81abbc,crack,BDI-TAX-001@0.1.0-beta,CDLA-Permissive-2.0,2,direct,2,0,passed,classification,image_multilabel_from_source_annotations,image_labels
cif_0004,CiF-tiled,train,Ankerblock 18 Wall South (East to west)/DJI_20210824101408_0007_SUPR/DJI_20210824101649_0073_SUPR.JPG,data/feasibility_v0/images/cif/cif_0004.jpg,data/feasibility_v0/normalized/cif_0004.json,7c70c06e3287961893ac99cc57a4bcb5253212273bd7d42a1e26699fced30403,crack,BDI-TAX-001@0.1.0-beta,CDLA-Permissive-2.0,1,direct,1,0,passed,classification,image_multilabel_from_source_annotations,image_labels
cif_0005,CiF-tiled,train,SB-AB18-AB_S-107.JPG,data/feasibility_v0/images/cif/cif_0005.jpg,data/feasibility_v0/normalized/cif_0005.json,0dca30f37ccfdc78623cb3f72509406a201dfcc1d67138b5924e1bf6587133b8,crack,BDI-TAX-001@0.1.0-beta,CDLA-Permissive-2.0,2,direct,2,0,passed,classification,image_multilabel_from_source_annotations,image_labels
cif_0006,CiF-tiled,train,AB18 - The sloping Part (South)/DJI_20210824130756_0006_SUPR/DJI_20210824131058_0084_SUPR.JPG,data/feasibility_v0/images/cif/cif_0006.jpg,data/feasibility_v0/normalized/cif_0006.json,9a953e2b49d60a44e3445fc67b4734083374a873fe43a62104b76ae65b76e582,crack,BDI-TAX-001@0.1.0-beta,CDLA-Permissive-2.0,1,direct,1,0,passed,classification,image_multilabel_from_source_annotations,image_labels
cif_0007,CiF-tiled,train,Concrete/00012301_20060601_f0400002_20130320180000.jpg,data/feasibility_v0/images/cif/cif_0007.jpg,data/feasibility_v0/normalized/cif_0007.json,bf948dec82ed96b518601afe34794a2b1d899b6c3e22d530728d5b1996e44427,crack,BDI-TAX-001@0.1.0-beta,CDLA-Permissive-2.0,2,direct,2,0,passed,classification,image_multilabel_from_source_annotations,image_labels
cif_0008,CiF-tiled,train,Ankerblock 18 Wall South (East to west)/DJI_20210824103315_0010_SUPR/DJI_20210824103605_0078_SUPR.JPG,data/feasibility_v0/images/cif/cif_0008.jpg,data/feasibility_v0/normalized/cif_0008.json,8ddc83dc66424690e52b0017ea53e3e3505b9d556eaadc8324f86689e00bd94d,crack,BDI-TAX-001@0.1.0-beta,CDLA-Permissive-2.0,1,direct,1,0,passed,classification,image_multilabel_from_source_annotations,image_labels
cif_0009,CiF-tiled,train,AB18 - The sloping Part (South)/DJI_20210824112738_0016_SUPR/DJI_20210824112738_0000_W.JPG,data/feasibility_v0/images/cif/cif_0009.jpg,data/feasibility_v0/normalized/cif_0009.json,d0bf9af6ea4f045dda7b88643af9310db31d6b73796265280038ebb27a103054,crack,BDI-TAX-001@0.1.0-beta,CDLA-Permissive-2.0,1,direct,1,0,passed,classification,image_multilabel_from_source_annotations,image_labels
cif_0010,CiF-tiled,train,SB-AB18-AB_S-293.JPG,data/feasibility_v0/images/cif/cif_0010.jpg,data/feasibility_v0/normalized/cif_0010.json,bf525b069b2028f35091ba4fa70919ac012dd83254583cc9928587478df250ee,crack,BDI-TAX-001@0.1.0-beta,CDLA-Permissive-2.0,7,direct,7,0,passed,classification,image_multilabel_from_source_annotations,image_labels
cif_0011,CiF-tiled,train,Pille 06/S/DJI_20210616133323_0005_SUPR/DJI_20210616133411_0023_SUPR.JPG,data/feasibility_v0/images/cif/cif_0011.jpg,data/feasibility_v0/normalized/cif_0011.json,b1ec44e5b7738917cfa55bbee360bb684bfba8c609928a6255e9d626b63e24bd,crack|spalling,BDI-TAX-001@0.1.0-beta,CDLA-Permissive-2.0,2,direct,2,0,passed,classification,image_multilabel_from_source_annotations,image_labels
cif_0012,CiF-tiled,train,004/dump3/IMG_8962.jpg,data/feasibility_v0/images/cif/cif_0012.jpg,data/feasibility_v0/normalized/cif_0012.json,ec8d7fc13fd9008cebbc4306367447dcbbbac699e30124b171e783647eee2199,crack,BDI-TAX-001@0.1.0-beta,CDLA-Permissive-2.0,1,direct,1,0,passed,classification,image_multilabel_from_source_annotations,image_labels
cif_0013,CiF-tiled,train,Pille 12/S/DJI_20210607134342_0010_SUPR/DJI_20210607134539_0055_SUPR.JPG,data/feasibility_v0/images/cif/cif_0013.jpg,data/feasibility_v0/normalized/cif_0013.json,5896ca4a8da598fc8785cdc391450d1c547b87cc5517444120f43d3ee01ab7b2,crack,BDI-TAX-001@0.1.0-beta,CDLA-Permissive-2.0,2,direct,2,0,passed,classification,image_multilabel_from_source_annotations,image_labels
cif_0014,CiF-tiled,train,Pille 06/S/DJI_20210616133323_0005_SUPR/DJI_20210616133440_0037_SUPR.JPG,data/feasibility_v0/images/cif/cif_0014.jpg,data/feasibility_v0/normalized/cif_0014.json,96395f8e5fa2e617b167a746ff17a3d4fc7a1e73d88db6d6286b0371f433b52f,crack,BDI-TAX-001@0.1.0-beta,CDLA-Permissive-2.0,1,direct,1,0,passed,classification,image_multilabel_from_source_annotations,image_labels
cif_0015,CiF-tiled,train,Pille 26/N/DJI_20210601101131_0006_SUPR/DJI_20210601101218_0022_SUPR.JPG,data/feasibility_v0/images/cif/cif_0015.jpg,data/feasibility_v0/normalized/cif_0015.json,2200a0003ec5b3927ad8542560412f7f3377bbc514206fc0549f9c65dab2b235,crack,BDI-TAX-001@0.1.0-beta,CDLA-Permissive-2.0,1,direct,1,0,passed,classification,image_multilabel_from_source_annotations,image_labels
cif_0016,CiF-tiled,train,Pillar WEST/E/DJI_20230418143828_0006_SUPR/DJI_20230418143842_0007_SUPR.JPG,data/feasibility_v0/images/cif/cif_0016.jpg,data/feasibility_v0/normalized/cif_0016.json,1157790119432c2b49f7db071635ece05bb3a66bafc1a1abed67ab22a7817e34,crack,BDI-TAX-001@0.1.0-beta,CDLA-Permissive-2.0,1,direct,1,0,passed,classification,image_multilabel_from_source_annotations,image_labels
cif_0017,CiF-tiled,train,Pille 26/N/DJI_20210601101321_0007_SUPR/DJI_20210601101421_0028_SUPR.JPG,data/feasibility_v0/images/cif/cif_0017.jpg,data/feasibility_v0/normalized/cif_0017.json,5d5ec0dd3639b1ea59b803c780810a11019f59f40bcef5b3c5506190bca040d8,crack|spalling,BDI-TAX-001@0.1.0-beta,CDLA-Permissive-2.0,3,direct,3,0,passed,classification,image_multilabel_from_source_annotations,image_labels
cif_0018,CiF-tiled,train,DJI_202211181335_001_Pillar/DJI_20221118134250_0001_SUPR Pillar zoom 10/DJI_20221118134343_0026_SUPR.JPG,data/feasibility_v0/images/cif/cif_0018.jpg,data/feasibility_v0/normalized/cif_0018.json,6ef3baa1fc0a9698694434fee87fa081ba5c11d5e1702a6fadff12971e4aacb4,crack,BDI-TAX-001@0.1.0-beta,CDLA-Permissive-2.0,4,direct,4,0,passed,classification,image_multilabel_from_source_annotations,image_labels
cif_0019,CiF-tiled,train,004/dump3/IMG_8973.jpg,data/feasibility_v0/images/cif/cif_0019.jpg,data/feasibility_v0/normalized/cif_0019.json,e84bfd7c0fd8de401c0a8b3228c7effcaf92bd52b5d7e9cc33bdc36ab5b9721a,crack,BDI-TAX-001@0.1.0-beta,CDLA-Permissive-2.0,2,direct,2,0,passed,classification,image_multilabel_from_source_annotations,image_labels
cif_0020,CiF-tiled,train,Pille 25/N/DJI_20210601105826_0007_SUPR/DJI_20210601105830_0002_SUPR.JPG,data/feasibility_v0/images/cif/cif_0020.jpg,data/feasibility_v0/normalized/cif_0020.json,6b476e7852e0c6bd5784da67868dcbe5ae6a530ec303de05587b48bf4e6293a3,crack,BDI-TAX-001@0.1.0-beta,CDLA-Permissive-2.0,1,direct,1,0,passed,classification,image_multilabel_from_source_annotations,image_labels
cif_0021,CiF-tiled,train,AB18 - The sloping Part (South)/DJI_20210824154908_0011_SUPR/DJI_20210824155056_0050_SUPR.JPG,data/feasibility_v0/images/cif/cif_0021.jpg,data/feasibility_v0/normalized/cif_0021.json,d0a0680468593a4cf5a48620dd09094659998550397ee2aabaf4f495b9cf2bf2,crack,BDI-TAX-001@0.1.0-beta,CDLA-Permissive-2.0,2,direct,2,0,passed,classification,image_multilabel_from_source_annotations,image_labels
cif_0022,CiF-tiled,train,West_approach/PW22/ORE2020A_20200819_132850_PW22_IMGZOOM_DJI_20200819132849_0099_ZOOM.JPG,data/feasibility_v0/images/cif/cif_0022.jpg,data/feasibility_v0/normalized/cif_0022.json,ef53dd307262e4e0731d6c3fa198e11f7abab926c2919354d6dd11991c0298bc,crack,BDI-TAX-001@0.1.0-beta,CDLA-Permissive-2.0,1,direct,1,0,passed,classification,image_multilabel_from_source_annotations,image_labels
cif_0023,CiF-tiled,train,Ankerblock 18 Wall South (East to west)/DJI_20210824093713_0001_SUPR/DJI_20210824093912_0056_SUPR.JPG,data/feasibility_v0/images/cif/cif_0023.jpg,data/feasibility_v0/normalized/cif_0023.json,88add5d63a9275abec66bcd6cdcae713a676db3622c0bf6a17345d247201be7c,crack,BDI-TAX-001@0.1.0-beta,CDLA-Permissive-2.0,1,direct,1,0,passed,classification,image_multilabel_from_source_annotations,image_labels
cif_0024,CiF-tiled,train,Pille 06/S/DJI_20210616133323_0005_SUPR/DJI_20210616133436_0035_SUPR.JPG,data/feasibility_v0/images/cif/cif_0024.jpg,data/feasibility_v0/normalized/cif_0024.json,cce4943768faa93177cdd63bf3adaafbe8a1323b37a4cc2b8f5c54c8ce637541,crack,BDI-TAX-001@0.1.0-beta,CDLA-Permissive-2.0,1,direct,1,0,passed,classification,image_multilabel_from_source_annotations,image_labels
cif_0025,CiF-tiled,train,Pille 24/S/DJI_20210602103732_0007_SUPR/DJI_20210602103753_0010_SUPR.JPG,data/feasibility_v0/images/cif/cif_0025.jpg,data/feasibility_v0/normalized/cif_0025.json,3cd8a676c4c4d48d3e46af8aeaaaf37f63115551d1dc7378eb72635ef3fe3550,crack,BDI-TAX-001@0.1.0-beta,CDLA-Permissive-2.0,1,direct,1,0,passed,classification,image_multilabel_from_source_annotations,image_labels
cif_0026,CiF-tiled,train,Pille 25/N/DJI_20210601105131_0004_SUPR/DJI_20210601105211_0019_SUPR.JPG,data/feasibility_v0/images/cif/cif_0026.jpg,data/feasibility_v0/normalized/cif_0026.json,c19c0ce959dae43152551e9c67b331b5a84abda9bb940e9dd89181f59d8b0d17,rust_staining,BDI-TAX-001@0.1.0-beta,CDLA-Permissive-2.0,1,direct_visual,1,0,passed,classification,image_multilabel_from_source_annotations,image_labels
cif_0027,CiF-tiled,train,Steel/IMG_7551Resized_20170718102744.jpg,data/feasibility_v0/images/cif/cif_0027.jpg,data/feasibility_v0/normalized/cif_0027.json,79a8fe37e17eee87162c1516c6ee539760f2cf40e3ac5e801bb85ea6c5984e22,rust_staining,BDI-TAX-001@0.1.0-beta,CDLA-Permissive-2.0,6,direct_visual,6,0,passed,classification,image_multilabel_from_source_annotations,image_labels
cif_0028,CiF-tiled,train,Steel/IMG_2290Resized_20150731122756.jpg,data/feasibility_v0/images/cif/cif_0028.jpg,data/feasibility_v0/normalized/cif_0028.json,9b7e94c26b0198c93e2b9c046aa095e99bbe54a10ecf0031dc8f19b4c09c279e,rust_staining,BDI-TAX-001@0.1.0-beta,CDLA-Permissive-2.0,1,direct_visual,1,0,passed,classification,image_multilabel_from_source_annotations,image_labels
cif_0029,CiF-tiled,train,Steel/2014-11-26_IMG_5552Resized_20141209120039.jpg,data/feasibility_v0/images/cif/cif_0029.jpg,data/feasibility_v0/normalized/cif_0029.json,ea329fbe322becb9e44276c714c9de80a7494a29ecae30be67984feecb274702,rust_staining,BDI-TAX-001@0.1.0-beta,CDLA-Permissive-2.0,2,direct_visual,2,0,passed,classification,image_multilabel_from_source_annotations,image_labels
cif_0030,CiF-tiled,train,Pille 24/S/DJI_20210602102842_0004_SUPR/DJI_20210602102857_0007_SUPR.JPG,data/feasibility_v0/images/cif/cif_0030.jpg,data/feasibility_v0/normalized/cif_0030.json,40ba1be944d8d8428612336602b423dadac00530a37d6d6caa911d9fdf54a375,rust_staining,BDI-TAX-001@0.1.0-beta,CDLA-Permissive-2.0,1,direct_visual,1,0,passed,classification,image_multilabel_from_source_annotations,image_labels
cif_0031,CiF-tiled,train,Pille 26/N/DJI_20210601100740_0003_SUPR/DJI_20210601100813_0015_SUPR.JPG,data/feasibility_v0/images/cif/cif_0031.jpg,data/feasibility_v0/normalized/cif_0031.json,2d87ebd571d5086e50fd09583ff3e90c6360ca2233bc0af74cd38f032d5ba681,rust_staining,BDI-TAX-001@0.1.0-beta,CDLA-Permissive-2.0,2,direct_visual,2,0,passed,classification,image_multilabel_from_source_annotations,image_labels
cif_0032,CiF-tiled,train,VF-BROPILLE_15-182.JPG,data/feasibility_v0/images/cif/cif_0032.jpg,data/feasibility_v0/normalized/cif_0032.json,be2fb4a12adc85d1976f15458612c80a58d358b6f8fc53145c0a4d137f5f75ea,rust_staining|spalling,BDI-TAX-001@0.1.0-beta,CDLA-Permissive-2.0,3,direct|direct_visual,3,0,passed,classification,image_multilabel_from_source_annotations,image_labels
cif_0033,CiF-tiled,train,DJI_202211181054_014_Side of the bridge_ Zoom10/DJI_20221118110918_0007_SUPR/DJI_20221118110927_0004_SUPR.JPG,data/feasibility_v0/images/cif/cif_0033.jpg,data/feasibility_v0/normalized/cif_0033.json,9a2715eb3083fded789d89393f177503d87cf8da0e8c0183cb12374655f8e547,rust_staining,BDI-TAX-001@0.1.0-beta,CDLA-Permissive-2.0,1,direct_visual,1,0,passed,classification,image_multilabel_from_source_annotations,image_labels
cif_0034,CiF-tiled,train,Steel/00012256_20060703_f1000001_20130320180000.jpg,data/feasibility_v0/images/cif/cif_0034.jpg,data/feasibility_v0/normalized/cif_0034.json,972c7c52bbae5803b5dc6711450a5d41f3873416568ada7a861acb2d61d9cc0d,crack|rust_staining,BDI-TAX-001@0.1.0-beta,CDLA-Permissive-2.0,3,direct|direct_visual,3,0,passed,classification,image_multilabel_from_source_annotations,image_labels
cif_0035,CiF-tiled,train,Concrete/00012289_20050202_f0500002_20130320180000.jpg,data/feasibility_v0/images/cif/cif_0035.jpg,data/feasibility_v0/normalized/cif_0035.json,de7a41663b067f905552047d2b9f1abc40d655393ea9322fe0d6e016dd5047ae,rust_staining|spalling,BDI-TAX-001@0.1.0-beta,CDLA-Permissive-2.0,3,direct|direct_visual,3,0,passed,classification,image_multilabel_from_source_annotations,image_labels
cif_0036,CiF-tiled,train,Steel/IMG_0177Resized_20170908082810.jpg,data/feasibility_v0/images/cif/cif_0036.jpg,data/feasibility_v0/normalized/cif_0036.json,d4b1bc9b9f0c7eb022b879a97b7dcf429621b7536ecd5fb1d7adc03c3cf941fb,rust_staining|spalling,BDI-TAX-001@0.1.0-beta,CDLA-Permissive-2.0,7,direct|direct_visual,7,0,passed,classification,image_multilabel_from_source_annotations,image_labels
cif_0037,CiF-tiled,train,Steel/00012261_20060515_f1500001_20130320180000.jpg,data/feasibility_v0/images/cif/cif_0037.jpg,data/feasibility_v0/normalized/cif_0037.json,1793f35c78d2dccf15f555a5872d95cd1f9d6d804c9fcaf3ecc3a641f49e0411,rust_staining|spalling,BDI-TAX-001@0.1.0-beta,CDLA-Permissive-2.0,2,direct|direct_visual,2,0,passed,classification,image_multilabel_from_source_annotations,image_labels
cif_0038,CiF-tiled,train,Steel/00013601_20050208_f0700001_20130320180000.jpg,data/feasibility_v0/images/cif/cif_0038.jpg,data/feasibility_v0/normalized/cif_0038.json,43462918f67bea1f826a5f95791808af374f274646f8d938098c5edb34e33997,rust_staining,BDI-TAX-001@0.1.0-beta,CDLA-Permissive-2.0,12,direct_visual,12,1,passed,classification,image_multilabel_from_source_annotations,image_labels
cif_0039,CiF-tiled,train,Concrete/00012270_20060608_f0700002_20130320180000.jpg,data/feasibility_v0/images/cif/cif_0039.jpg,data/feasibility_v0/normalized/cif_0039.json,86a2ed7eb21e31ae044b5e0aa5ab769755efd6256c33a5fb264beab40f774175,rust_staining,BDI-TAX-001@0.1.0-beta,CDLA-Permissive-2.0,1,direct_visual,1,0,passed,classification,image_multilabel_from_source_annotations,image_labels
cif_0040,CiF-tiled,train,North Face/Section CE/DJI_20230419102120_0006_SUPR/DJI_20230419102129_0004_SUPR.JPG,data/feasibility_v0/images/cif/cif_0040.jpg,data/feasibility_v0/normalized/cif_0040.json,f6202d040fe5be06dbc3cb6f62893607dc7dc2b73ecd283fc9c3ed92467a764a,rust_staining|spalling,BDI-TAX-001@0.1.0-beta,CDLA-Permissive-2.0,2,direct|direct_visual,2,0,passed,classification,image_multilabel_from_source_annotations,image_labels
cif_0041,CiF-tiled,train,Pillar EAST/E/DJI_20230419162352_0007_SUPR/DJI_20230419162422_0014_SUPR.JPG,data/feasibility_v0/images/cif/cif_0041.jpg,data/feasibility_v0/normalized/cif_0041.json,2c37f10e170127c839a6af5737c936e962f8b642687d240dca3eb35c15e181fd,rust_staining,BDI-TAX-001@0.1.0-beta,CDLA-Permissive-2.0,1,direct_visual,1,0,passed,classification,image_multilabel_from_source_annotations,image_labels
cif_0042,CiF-tiled,train,North Face/Section W/DJI_20230419094208_0006_SUPR/DJI_20230419094315_0033_SUPR.JPG,data/feasibility_v0/images/cif/cif_0042.jpg,data/feasibility_v0/normalized/cif_0042.json,350202187c8f0628ef88f922215333309f73b2caff0902877beb9083b05027a2,rust_staining|spalling,BDI-TAX-001@0.1.0-beta,CDLA-Permissive-2.0,2,direct|direct_visual,2,0,passed,classification,image_multilabel_from_source_annotations,image_labels
cif_0043,CiF-tiled,train,Steel/IMG_4237Resized_20160704153006.jpg,data/feasibility_v0/images/cif/cif_0043.jpg,data/feasibility_v0/normalized/cif_0043.json,f940c8c29205c2d200eb45faad78111dc1d0a1c0d5b982886740bd29b45ad33b,rust_staining,BDI-TAX-001@0.1.0-beta,CDLA-Permissive-2.0,1,direct_visual,1,0,passed,classification,image_multilabel_from_source_annotations,image_labels
cif_0044,CiF-tiled,train,Pille 26/N/DJI_20210601100740_0003_SUPR/DJI_20210601100830_0023_SUPR.JPG,data/feasibility_v0/images/cif/cif_0044.jpg,data/feasibility_v0/normalized/cif_0044.json,dc3f33fa16f470830e815e3e3a501493ce1f0eb2add44a439b772413fc2c0d8c,rust_staining,BDI-TAX-001@0.1.0-beta,CDLA-Permissive-2.0,1,direct_visual,1,0,passed,classification,image_multilabel_from_source_annotations,image_labels
cif_0045,CiF-tiled,train,Steel/P1030922Resized_20130412095238.jpg,data/feasibility_v0/images/cif/cif_0045.jpg,data/feasibility_v0/normalized/cif_0045.json,f46c4f7c11ac9b6822a1c3f26c551133ccff8b152d1357d6b73b7dfb87162eac,rust_staining,BDI-TAX-001@0.1.0-beta,CDLA-Permissive-2.0,1,direct_visual,1,0,passed,classification,image_multilabel_from_source_annotations,image_labels
cif_0046,CiF-tiled,train,Pille 26/N/DJI_20210601101321_0007_SUPR/DJI_20210601101328_0003_SUPR.JPG,data/feasibility_v0/images/cif/cif_0046.jpg,data/feasibility_v0/normalized/cif_0046.json,dac38f5452431589e7901ae67d26ab5500cf1a6160d5d60bc767d7c550584c43,spalling,BDI-TAX-001@0.1.0-beta,CDLA-Permissive-2.0,1,direct,1,0,passed,classification,image_multilabel_from_source_annotations,image_labels
cif_0047,CiF-tiled,train,West_approach/PW08/ORE2020A_20200807_005536_PW08_IMGZOOM_DJI_20200807005535_0322_ZOOM.JPG,data/feasibility_v0/images/cif/cif_0047.jpg,data/feasibility_v0/normalized/cif_0047.json,6647883f8851606428a24e24df01b9bc5a0745fa6aa2583023a21aa3dffe8ebf,spalling,BDI-TAX-001@0.1.0-beta,CDLA-Permissive-2.0,1,direct,1,0,passed,classification,image_multilabel_from_source_annotations,image_labels
cif_0048,CiF-tiled,train,DJI_202211181054_014_Side of the bridge_ Zoom10/DJI_20221118111422_0009_SUPR/DJI_20221118111556_0046_SUPR.JPG,data/feasibility_v0/images/cif/cif_0048.jpg,data/feasibility_v0/normalized/cif_0048.json,037b17cfbce2c52085fa4913359e0078c7be312e5c48fdb7b3d4e8c9a7c9ea6a,spalling,BDI-TAX-001@0.1.0-beta,CDLA-Permissive-2.0,1,direct,1,0,passed,classification,image_multilabel_from_source_annotations,image_labels
cif_0049,CiF-tiled,train,Ankerblock 18 Wall South (East to west)/DJI_20210824094315_0002_SUPR/DJI_20210824094437_0038_SUPR.JPG,data/feasibility_v0/images/cif/cif_0049.jpg,data/feasibility_v0/normalized/cif_0049.json,292f82d0f2011f81b937412e23b5d27de2e39157bd64649f1336319f7330e838,spalling,BDI-TAX-001@0.1.0-beta,CDLA-Permissive-2.0,1,direct,1,0,passed,classification,image_multilabel_from_source_annotations,image_labels
cif_0050,CiF-tiled,train,North Face/Section CW/DJI_20230419100122_0015_SUPR/DJI_20230419100147_0012_SUPR.JPG,data/feasibility_v0/images/cif/cif_0050.jpg,data/feasibility_v0/normalized/cif_0050.json,72301484915344fec03d3142d4c59989e95cd4ea644c2b4d653791244c055fb6,spalling,BDI-TAX-001@0.1.0-beta,CDLA-Permissive-2.0,2,direct,2,0,passed,classification,image_multilabel_from_source_annotations,image_labels
cif_0051,CiF-tiled,train,DJI_202211181054_014_Side of the bridge_ Zoom10/DJI_20221118110207_0003_SUPR/DJI_20221118110255_0023_SUPR.JPG,data/feasibility_v0/images/cif/cif_0051.jpg,data/feasibility_v0/normalized/cif_0051.json,1f10f1675c57b09d20c32c11dcfd49b51956b979c747f9d08ed5c835f3155308,spalling,BDI-TAX-001@0.1.0-beta,CDLA-Permissive-2.0,4,direct,4,0,passed,classification,image_multilabel_from_source_annotations,image_labels
cif_0052,CiF-tiled,train,North Face/Section W/DJI_20230419094039_0005_SUPR/DJI_20230419094134_0027_SUPR.JPG,data/feasibility_v0/images/cif/cif_0052.jpg,data/feasibility_v0/normalized/cif_0052.json,1ee7b320b87445863e41bc5ce50c423248fa3ce605e81f16413ea06a0931fe3c,spalling,BDI-TAX-001@0.1.0-beta,CDLA-Permissive-2.0,1,direct,1,0,passed,classification,image_multilabel_from_source_annotations,image_labels
cif_0053,CiF-tiled,train,002/dump1/IMG_1039.jpg,data/feasibility_v0/images/cif/cif_0053.jpg,data/feasibility_v0/normalized/cif_0053.json,19815d112a00a71a53faf125574a1288d0b22718511429406d14d3f397961837,spalling,BDI-TAX-001@0.1.0-beta,CDLA-Permissive-2.0,1,direct,1,0,passed,classification,image_multilabel_from_source_annotations,image_labels
cif_0054,CiF-tiled,train,West_approach/PW22/ORE2020A_20200819_140152_PW22_IMGZOOM_DJI_20200819140151_0455_ZOOM.JPG,data/feasibility_v0/images/cif/cif_0054.jpg,data/feasibility_v0/normalized/cif_0054.json,6b41718414ec6a0173e40e9c9e755897746c3366c44b359fd4015278941943eb,spalling,BDI-TAX-001@0.1.0-beta,CDLA-Permissive-2.0,2,direct,2,0,passed,classification,image_multilabel_from_source_annotations,image_labels
cif_0055,CiF-tiled,train,004/dump3/IMG_8953.jpg,data/feasibility_v0/images/cif/cif_0055.jpg,data/feasibility_v0/normalized/cif_0055.json,f25ce8e1b2b15d8a13cc828039525608454f89474a2b357f6d29964f6c534a35,crack|spalling,BDI-TAX-001@0.1.0-beta,CDLA-Permissive-2.0,3,direct,3,0,passed,classification,image_multilabel_from_source_annotations,image_labels
cif_0056,CiF-tiled,train,Pille 26/N/DJI_20210601101131_0006_SUPR/DJI_20210601101231_0028_SUPR.JPG,data/feasibility_v0/images/cif/cif_0056.jpg,data/feasibility_v0/normalized/cif_0056.json,e298bc6c4e55fbee7a68c15484d126e200adab08c535f7bad508982a7c6acb6a,spalling,BDI-TAX-001@0.1.0-beta,CDLA-Permissive-2.0,1,direct,1,0,passed,classification,image_multilabel_from_source_annotations,image_labels
cif_0057,CiF-tiled,train,North Face/Section W/DJI_20230419093501_0001_SUPR/DJI_20230419093531_0014_SUPR.JPG,data/feasibility_v0/images/cif/cif_0057.jpg,data/feasibility_v0/normalized/cif_0057.json,114a554deefea547daddf2cbb5962d166c1f4a405eb7785ddfb61ee03378929c,crack|spalling,BDI-TAX-001@0.1.0-beta,CDLA-Permissive-2.0,3,direct,3,0,passed,classification,image_multilabel_from_source_annotations,image_labels
cif_0058,CiF-tiled,train,Pille 26/N/DJI_20210601101131_0006_SUPR/DJI_20210601101153_0010_SUPR.JPG,data/feasibility_v0/images/cif/cif_0058.jpg,data/feasibility_v0/normalized/cif_0058.json,c0f6586afccba9c9d1cc9fd3c68a10349e0a179cbb34e50dca5527a096b1010b,spalling,BDI-TAX-001@0.1.0-beta,CDLA-Permissive-2.0,1,direct,1,0,passed,classification,image_multilabel_from_source_annotations,image_labels
cif_0059,CiF-tiled,train,Pille 25/N/DJI_20210601105131_0004_SUPR/DJI_20210601105257_0041_SUPR.JPG,data/feasibility_v0/images/cif/cif_0059.jpg,data/feasibility_v0/normalized/cif_0059.json,7c051a2ccc743e8e1a702bc9ce95e238065c615b4b1445e0164373e5e4066370,spalling,BDI-TAX-001@0.1.0-beta,CDLA-Permissive-2.0,2,direct,2,0,passed,classification,image_multilabel_from_source_annotations,image_labels
cif_0060,CiF-tiled,train,DJI_202211181054_014_Side of the bridge_ Zoom10/DJI_20221118111422_0009_SUPR/DJI_20221118111600_0048_SUPR.JPG,data/feasibility_v0/images/cif/cif_0060.jpg,data/feasibility_v0/normalized/cif_0060.json,3093f54f5fc050e64a33a2ed3ece64d2c6e9d6b5baca5cbb7ea503f5b50371be,spalling,BDI-TAX-001@0.1.0-beta,CDLA-Permissive-2.0,2,direct,2,0,passed,classification,image_multilabel_from_source_annotations,image_labels
cif_0061,CiF-tiled,train,LB-FAG_14_U-414.jpg,data/feasibility_v0/images/cif/cif_0061.jpg,data/feasibility_v0/normalized/cif_0061.json,795c39f84b48ab53de1f75746df780b4eded673ccbd9b9ddc4973f17ac2088a2,crack|spalling,BDI-TAX-001@0.1.0-beta,CDLA-Permissive-2.0,2,direct,2,0,passed,classification,image_multilabel_from_source_annotations,image_labels
cif_0062,CiF-tiled,train,DJI_202211181054_014_Side of the bridge_ Zoom10/DJI_20221118111840_0011_SUPR/DJI_20221118111916_0017_SUPR.JPG,data/feasibility_v0/images/cif/cif_0062.jpg,data/feasibility_v0/normalized/cif_0062.json,12fdfb38be6f5ce49c6e36cb2834a61fbc6bf665c3771a5df2438fd458be7097,spalling,BDI-TAX-001@0.1.0-beta,CDLA-Permissive-2.0,3,direct,3,0,passed,classification,image_multilabel_from_source_annotations,image_labels
cif_0063,CiF-tiled,train,West_approach/PW06/ORE2020A_20200807_182536_PW06_IMGZOOM_DJI_20200807182535_0606_ZOOM.JPG,data/feasibility_v0/images/cif/cif_0063.jpg,data/feasibility_v0/normalized/cif_0063.json,ce109455497fb6d835558b9c32e0b37f8caee131014a41daead8b3066c1e771a,crack|spalling,BDI-TAX-001@0.1.0-beta,CDLA-Permissive-2.0,2,direct,2,0,passed,classification,image_multilabel_from_source_annotations,image_labels
cif_0064,CiF-tiled,train,VF-BROPILLE_14_15-50.JPG,data/feasibility_v0/images/cif/cif_0064.jpg,data/feasibility_v0/normalized/cif_0064.json,6053a8e77bad56f768358773de3da65c205b6e65ee99cc1a4b70b191c5ee234c,spalling,BDI-TAX-001@0.1.0-beta,CDLA-Permissive-2.0,1,direct,1,0,passed,classification,image_multilabel_from_source_annotations,image_labels
cif_0065,CiF-tiled,train,Concrete/00012299_20060704_f0200001_20130320180000.jpg,data/feasibility_v0/images/cif/cif_0065.jpg,data/feasibility_v0/normalized/cif_0065.json,777bdc05e9ade1f11b9a63710830628e92505569c29e7c7bc56174d64c9c210c,spalling,BDI-TAX-001@0.1.0-beta,CDLA-Permissive-2.0,1,direct,1,0,passed,classification,image_multilabel_from_source_annotations,image_labels
cif_0066,CiF-tiled,train,Ankerblock 18 Wall South (East to west)/DJI_20210824095915_0005_SUPR/DJI_20210824100232_0090_SUPR.JPG,data/feasibility_v0/images/cif/cif_0066.jpg,data/feasibility_v0/normalized/cif_0066.json,cb6690a3c19a1c1bf92cb0218a31dd715cb07d138fb0dd504b0f9db82e25bb63,crack,BDI-TAX-001@0.1.0-beta,CDLA-Permissive-2.0,1,direct,1,0,passed,classification,image_multilabel_from_source_annotations,image_labels
cif_0067,CiF-tiled,train,Ankerblock 18 Wall South (East to west)/DJI_20210824101915_0008_SUPR/DJI_20210824102422_0141_SUPR.JPG,data/feasibility_v0/images/cif/cif_0067.jpg,data/feasibility_v0/normalized/cif_0067.json,a7fbcfcd9a0fb3889ee00b793be17665aa540af8a8ed6693282ee7f01e99c1c7,crack,BDI-TAX-001@0.1.0-beta,CDLA-Permissive-2.0,1,direct,1,1,passed,classification,image_multilabel_from_source_annotations,image_labels
cif_0068,CiF-tiled,train,E17W_120607_0498.jpg,data/feasibility_v0/images/cif/cif_0068.jpg,data/feasibility_v0/normalized/cif_0068.json,5650648a41f2174bbfbef5a4de52e5c12d70a461a781e6400ef7a5e6dca622be,crack,BDI-TAX-001@0.1.0-beta,CDLA-Permissive-2.0,3,direct,3,0,passed,classification,image_multilabel_from_source_annotations,image_labels
cif_0069,CiF-tiled,train,West_approach/PW07/ORE2020A_20200807_214454_PW07_IMGZOOM_DJI_20200807214455_0587_ZOOM.JPG,data/feasibility_v0/images/cif/cif_0069.jpg,data/feasibility_v0/normalized/cif_0069.json,40505c4f5284cdc8f438cc175a2f6973306cca04cb073ed8bbbf8039652b0006,crack,BDI-TAX-001@0.1.0-beta,CDLA-Permissive-2.0,1,direct,1,0,passed,classification,image_multilabel_from_source_annotations,image_labels
cif_0070,CiF-tiled,train,West_approach/PW22/ORE2020A_20200819_141522_PW22_IMGZOOM_DJI_20200819141522_0647_ZOOM.JPG,data/feasibility_v0/images/cif/cif_0070.jpg,data/feasibility_v0/normalized/cif_0070.json,8044b7bf883f60f87fd63a945b66dcc9eafd08c48b70765fa4d12f470dfc77bf,crack,BDI-TAX-001@0.1.0-beta,CDLA-Permissive-2.0,2,direct,2,0,passed,classification,image_multilabel_from_source_annotations,image_labels
cif_0071,CiF-tiled,train,Ankerblock 18 Wall North (East to west)/DJI_20210901100409_0004_SUPR/DJI_20210901100641_0072_SUPR.JPG,data/feasibility_v0/images/cif/cif_0071.jpg,data/feasibility_v0/normalized/cif_0071.json,72d98cfc71abe055e53a565c58ca01bc2e120c8b314b989fb9f28ce104f9a37b,crack,BDI-TAX-001@0.1.0-beta,CDLA-Permissive-2.0,1,direct,1,0,passed,classification,image_multilabel_from_source_annotations,image_labels
cif_0072,CiF-tiled,train,AB18 - The sloping Part (South)/DJI_20210824112738_0016_SUPR/DJI_20210824112851_0033_SUPR.JPG,data/feasibility_v0/images/cif/cif_0072.jpg,data/feasibility_v0/normalized/cif_0072.json,fc01ea767a7aa1aa2966e6bd8fb7d9b67a9b19594285042fd3b4fe577aebe831,crack,BDI-TAX-001@0.1.0-beta,CDLA-Permissive-2.0,1,direct,1,0,passed,classification,image_multilabel_from_source_annotations,image_labels
cif_0073,CiF-tiled,train,AB18 - The sloping Part (South)/DJI_20210824115317_0019_SUPR/DJI_20210824115627_0088_SUPR.JPG,data/feasibility_v0/images/cif/cif_0073.jpg,data/feasibility_v0/normalized/cif_0073.json,30c5973b8fe7a87ca6ff2cf8fd05477f55fd40fb6409acea1b6cf2fca3c6ad67,crack,BDI-TAX-001@0.1.0-beta,CDLA-Permissive-2.0,1,direct,1,0,passed,classification,image_multilabel_from_source_annotations,image_labels
cif_0074,CiF-tiled,train,West_approach/PW07/ORE2020A_20200807_221254_PW07_IMGZOOM_DJI_20200807221255_0035_ZOOM.JPG,data/feasibility_v0/images/cif/cif_0074.jpg,data/feasibility_v0/normalized/cif_0074.json,cf6989c16d60bb4a7ba6635a66d752c446efe514833021764018a110a24ae3ed,crack,BDI-TAX-001@0.1.0-beta,CDLA-Permissive-2.0,1,direct,1,0,passed,classification,image_multilabel_from_source_annotations,image_labels
cif_0075,CiF-tiled,train,DJI_202211181335_001_Pillar/DJI_20221118135047_0005_SUPR Pillar zoom 10/DJI_20221118135145_0028_SUPR.JPG,data/feasibility_v0/images/cif/cif_0075.jpg,data/feasibility_v0/normalized/cif_0075.json,8ee4dcf1e6f956fbe2e375d0d3432a84b266b54e4a15ef45f8232b96ca3fc24f,crack,BDI-TAX-001@0.1.0-beta,CDLA-Permissive-2.0,2,direct,2,0,passed,classification,image_multilabel_from_source_annotations,image_labels
cif_0076,CiF-tiled,train,004/dump4/IMG_9218.jpg,data/feasibility_v0/images/cif/cif_0076.jpg,data/feasibility_v0/normalized/cif_0076.json,fa17ce29ed44abc3ce91fed3454bbeef8e31295ae0620391d642965012ef2a9f,crack,BDI-TAX-001@0.1.0-beta,CDLA-Permissive-2.0,1,direct,1,0,passed,classification,image_multilabel_from_source_annotations,image_labels
cif_0077,CiF-tiled,train,Pille 03/S/DJI_20210604103055_0005_SUPR/DJI_20210604103113_0008_SUPR.JPG,data/feasibility_v0/images/cif/cif_0077.jpg,data/feasibility_v0/normalized/cif_0077.json,673cb4a55b39497d46aeafb9ff6feb10220d79b0f9b968612ed6fc4d2a508b8e,crack,BDI-TAX-001@0.1.0-beta,CDLA-Permissive-2.0,1,direct,1,0,passed,classification,image_multilabel_from_source_annotations,image_labels
cif_0078,CiF-tiled,train,AB18 - The sloping Part (North)/DJI_20211122111129_0006_SUPR/DJI_20211122111336_0061_SUPR.JPG,data/feasibility_v0/images/cif/cif_0078.jpg,data/feasibility_v0/normalized/cif_0078.json,087fe444d1828e5c8b04ad91cad3d8e6d39ae56510cbb1139e4c8d3d730034ff,crack,BDI-TAX-001@0.1.0-beta,CDLA-Permissive-2.0,1,direct,1,0,passed,classification,image_multilabel_from_source_annotations,image_labels
cif_0079,CiF-tiled,train,Pille 22/S/DJI_20210602151226_0018_SUPR/DJI_20210602151431_0060_SUPR.JPG,data/feasibility_v0/images/cif/cif_0079.jpg,data/feasibility_v0/normalized/cif_0079.json,bb6dd662be473c4a5da5d858b896a408b34c364b608df516af709d41e81ff249,crack,BDI-TAX-001@0.1.0-beta,CDLA-Permissive-2.0,1,direct,1,0,passed,classification,image_multilabel_from_source_annotations,image_labels
cif_0080,CiF-tiled,train,SB-AB18-AB_S-175.JPG,data/feasibility_v0/images/cif/cif_0080.jpg,data/feasibility_v0/normalized/cif_0080.json,31f31794091010930d50058d271c843d412990dd7172969e0e9e586137cb546d,crack,BDI-TAX-001@0.1.0-beta,CDLA-Permissive-2.0,1,direct,1,0,passed,classification,image_multilabel_from_source_annotations,image_labels
cif_0081,CiF-tiled,train,AB18 - The sloping Part (South)/DJI_20210824113626_0017_SUPR/DJI_20210824114109_0129_SUPR.JPG,data/feasibility_v0/images/cif/cif_0081.jpg,data/feasibility_v0/normalized/cif_0081.json,e9adc71c9e4c6ef035b5063da94c264213b1efa3c0ac55653035f233f702f5c3,crack,BDI-TAX-001@0.1.0-beta,CDLA-Permissive-2.0,1,direct,1,0,passed,classification,image_multilabel_from_source_annotations,image_labels
cif_0082,CiF-tiled,train,AB18 - The sloping Part (South)/DJI_20210824131416_0007_SUPR/DJI_20210824131714_0081_SUPR.JPG,data/feasibility_v0/images/cif/cif_0082.jpg,data/feasibility_v0/normalized/cif_0082.json,570d514279f6f994b5bed73f06301642bd8e4fcfc0f054b6da5a5b4efb967f41,crack,BDI-TAX-001@0.1.0-beta,CDLA-Permissive-2.0,1,direct,1,0,passed,classification,image_multilabel_from_source_annotations,image_labels
cif_0083,CiF-tiled,train,AB18 - The Sloping Part (Center)/DJI_20210824160058_0013_SUPR/DJI_20210824160158_0028_SUPR.JPG,data/feasibility_v0/images/cif/cif_0083.jpg,data/feasibility_v0/normalized/cif_0083.json,6fcca292152f167bab82c6982c24230ebf6fe4accd742309f976047277c0f47b,crack,BDI-TAX-001@0.1.0-beta,CDLA-Permissive-2.0,1,direct,1,0,passed,classification,image_multilabel_from_source_annotations,image_labels
cif_0084,CiF-tiled,train,005/dump1/20230106_114022.jpg,data/feasibility_v0/images/cif/cif_0084.jpg,data/feasibility_v0/normalized/cif_0084.json,a40d94019a1828bd615ad71c3fdca5ded908ec3cf8c4931be7fa4591477f6dfe,crack,BDI-TAX-001@0.1.0-beta,CDLA-Permissive-2.0,1,direct,1,0,passed,classification,image_multilabel_from_source_annotations,image_labels
cif_0085,CiF-tiled,train,West_approach/PW06/ORE2020A_20200807_172900_PW06_IMGZOOM_DJI_20200807172859_0556_ZOOM.JPG,data/feasibility_v0/images/cif/cif_0085.jpg,data/feasibility_v0/normalized/cif_0085.json,15548c263a82cd6a2a961f596aa0afabfaa2584e1e418c1b965e158fafdd0ba8,crack,BDI-TAX-001@0.1.0-beta,CDLA-Permissive-2.0,2,direct,2,0,passed,classification,image_multilabel_from_source_annotations,image_labels
cif_0086,CiF-tiled,train,003/dump2/20230210_173146.jpg,data/feasibility_v0/images/cif/cif_0086.jpg,data/feasibility_v0/normalized/cif_0086.json,b2cbc3d486343cb0598a0a6062b109559af7f2d341a5b359f56fcb37bae0672f,crack,BDI-TAX-001@0.1.0-beta,CDLA-Permissive-2.0,1,direct,1,0,passed,classification,image_multilabel_from_source_annotations,image_labels
cif_0087,CiF-tiled,train,Ankerblock 18 Wall South (East to west)/DJI_20210824105311_0013_SUPR/DJI_20210824105608_0085_SUPR.JPG,data/feasibility_v0/images/cif/cif_0087.jpg,data/feasibility_v0/normalized/cif_0087.json,ff2ed44c5a36a3ab27683c713384ef08539cc79e6805024ff7288cf7b48be0fe,crack,BDI-TAX-001@0.1.0-beta,CDLA-Permissive-2.0,1,direct,1,0,passed,classification,image_multilabel_from_source_annotations,image_labels
cif_0088,CiF-tiled,train,E15W_120608_0912.jpg,data/feasibility_v0/images/cif/cif_0088.jpg,data/feasibility_v0/normalized/cif_0088.json,99de16a8cc971b6f5e4c2c8f4b7e5bed03f090fb5118ba6c8dd975cdbe611c7d,crack,BDI-TAX-001@0.1.0-beta,CDLA-Permissive-2.0,1,direct,1,0,passed,classification,image_multilabel_from_source_annotations,image_labels
cif_0089,CiF-tiled,train,AB18 - The sloping Part (South)/DJI_20210824154235_0010_SUPR/DJI_20210824154353_0036_SUPR.JPG,data/feasibility_v0/images/cif/cif_0089.jpg,data/feasibility_v0/normalized/cif_0089.json,c9654bb4970e02a5d3aa6cdb73dd4f60a057d0656623c5f8d91959c455680e91,crack,BDI-TAX-001@0.1.0-beta,CDLA-Permissive-2.0,1,direct,1,2,passed,classification,image_multilabel_from_source_annotations,image_labels
cif_0090,CiF-tiled,train,002/dump1/IMG_0092.jpg,data/feasibility_v0/images/cif/cif_0090.jpg,data/feasibility_v0/normalized/cif_0090.json,873da9a5fd9208040f52549a58f0b1dfa2d3e0e43bf837145af755fbdbdfd546,crack,BDI-TAX-001@0.1.0-beta,CDLA-Permissive-2.0,4,direct,4,0,passed,classification,image_multilabel_from_source_annotations,image_labels
cif_0091,CiF-tiled,train,West_approach/PW07/ORE2020A_20200807_213140_PW07_IMGZOOM_DJI_20200807213140_0237_ZOOM.JPG,data/feasibility_v0/images/cif/cif_0091.jpg,data/feasibility_v0/normalized/cif_0091.json,912adf3d07ca5b857a70d07515ac110b6ae17e8d0b3609ba777b7aa388106fa4,crack,BDI-TAX-001@0.1.0-beta,CDLA-Permissive-2.0,1,direct,1,0,passed,classification,image_multilabel_from_source_annotations,image_labels
cif_0092,CiF-tiled,train,Pille 06/S/DJI_20210616133323_0005_SUPR/DJI_20210616133352_0014_SUPR.JPG,data/feasibility_v0/images/cif/cif_0092.jpg,data/feasibility_v0/normalized/cif_0092.json,f635effbffd8e26a25f1e80f75a5f2962ae51266581fe68e3cc125bfab298426,crack,BDI-TAX-001@0.1.0-beta,CDLA-Permissive-2.0,1,direct,1,0,passed,classification,image_multilabel_from_source_annotations,image_labels
cif_0093,CiF-tiled,train,Pille 03/S/DJI_20210604103055_0005_SUPR/DJI_20210604103155_0028_SUPR.JPG,data/feasibility_v0/images/cif/cif_0093.jpg,data/feasibility_v0/normalized/cif_0093.json,5eec3e8627422b2287f0c3be55121d26624b15585f524cf3bf403c246e9c7c21,crack,BDI-TAX-001@0.1.0-beta,CDLA-Permissive-2.0,1,direct,1,0,passed,classification,image_multilabel_from_source_annotations,image_labels
cif_0094,CiF-tiled,train,West_approach/PW08/ORE2020A_20200807_120926_PW08_IMGZOOM_DJI_20200807120926_0145_ZOOM.JPG,data/feasibility_v0/images/cif/cif_0094.jpg,data/feasibility_v0/normalized/cif_0094.json,096ea3cc5579efef7c70aa0940868558903ed3ff1e9b4633c638febbcec411c9,crack,BDI-TAX-001@0.1.0-beta,CDLA-Permissive-2.0,1,direct,1,0,passed,classification,image_multilabel_from_source_annotations,image_labels
cif_0095,CiF-tiled,train,Pillar EAST/W/DJI_20230419105836_0024_SUPR/DJI_20230419105843_0003_SUPR.JPG,data/feasibility_v0/images/cif/cif_0095.jpg,data/feasibility_v0/normalized/cif_0095.json,f3375b9b835e772550a53606e0c016b1777f68e3993bc3ccb12db8b83e0c3d76,crack,BDI-TAX-001@0.1.0-beta,CDLA-Permissive-2.0,1,direct,1,0,passed,classification,image_multilabel_from_source_annotations,image_labels
cif_0096,CiF-tiled,train,Ankerblock 18 Wall South (East to west)/DJI_20210824101915_0008_SUPR/DJI_20210824102437_0148_SUPR.JPG,data/feasibility_v0/images/cif/cif_0096.jpg,data/feasibility_v0/normalized/cif_0096.json,ad6c62ebf60cb6944ee5d61db378cf8fe6de4b9cea460737d69be3b9d6a7beaa,crack,BDI-TAX-001@0.1.0-beta,CDLA-Permissive-2.0,1,direct,1,0,passed,classification,image_multilabel_from_source_annotations,image_labels
cif_0097,CiF-tiled,train,002/dump1/IMG_0198.jpg,data/feasibility_v0/images/cif/cif_0097.jpg,data/feasibility_v0/normalized/cif_0097.json,a4b9b3d986870df285b3d422d79007fa68cd990650f72ef5133a9b26c487b36b,crack,BDI-TAX-001@0.1.0-beta,CDLA-Permissive-2.0,2,direct,2,0,passed,classification,image_multilabel_from_source_annotations,image_labels
cif_0098,CiF-tiled,train,004/dump3/IMG_8915.jpg,data/feasibility_v0/images/cif/cif_0098.jpg,data/feasibility_v0/normalized/cif_0098.json,6f79858e0602d880bd4c558ae33383150f51d9154a734a322589e0a50de9cc1e,crack,BDI-TAX-001@0.1.0-beta,CDLA-Permissive-2.0,1,direct,1,0,passed,classification,image_multilabel_from_source_annotations,image_labels
cif_0099,CiF-tiled,train,Concrete/00012568_20100630_f0200001_20130320180000.jpg,data/feasibility_v0/images/cif/cif_0099.jpg,data/feasibility_v0/normalized/cif_0099.json,fb255032e657520e7364925b8ba8d346cf34452d08a83d0c00ad03ccbcf4f923,crack,BDI-TAX-001@0.1.0-beta,CDLA-Permissive-2.0,2,direct,2,0,passed,classification,image_multilabel_from_source_annotations,image_labels
cif_0100,CiF-tiled,train,Ankerblock 18 Wall South (East to west)/DJI_20210824095915_0005_SUPR/DJI_20210824100326_0115_SUPR.JPG,data/feasibility_v0/images/cif/cif_0100.jpg,data/feasibility_v0/normalized/cif_0100.json,a117f6c6ca9511bb95d01a553f05d324a1408fe5085df5e82ee9e95b703d4460,crack,BDI-TAX-001@0.1.0-beta,CDLA-Permissive-2.0,1,direct,1,0,passed,classification,image_multilabel_from_source_annotations,image_labels
cif_0101,CiF-tiled,train,Pille 26/N/DJI_20210601101321_0007_SUPR/DJI_20210601101345_0011_SUPR.JPG,data/feasibility_v0/images/cif/cif_0101.jpg,data/feasibility_v0/normalized/cif_0101.json,f3e14a1d80a8a4b260d115a31d98ed899c78aa62f2e57c5a3668a68709b8815e,crack,BDI-TAX-001@0.1.0-beta,CDLA-Permissive-2.0,1,direct,1,0,passed,classification,image_multilabel_from_source_annotations,image_labels
cif_0102,CiF-tiled,train,E20W_120607_0079.jpg,data/feasibility_v0/images/cif/cif_0102.jpg,data/feasibility_v0/normalized/cif_0102.json,b5debbab7f0b8b0379dee508fa2fefebcb203368c805b20d1816cd1e45acac7b,crack,BDI-TAX-001@0.1.0-beta,CDLA-Permissive-2.0,5,direct,5,0,passed,classification,image_multilabel_from_source_annotations,image_labels
cif_0103,CiF-tiled,train,AB18 - The sloping Part (North)/DJI_20211122111129_0006_SUPR/DJI_20211122111201_0015_SUPR.JPG,data/feasibility_v0/images/cif/cif_0103.jpg,data/feasibility_v0/normalized/cif_0103.json,bccaa0979eb35bf2b9d5424535d89aab3b8915a239765354e2c7b37883ece2fd,crack,BDI-TAX-001@0.1.0-beta,CDLA-Permissive-2.0,1,direct,1,0,passed,classification,image_multilabel_from_source_annotations,image_labels
cif_0104,CiF-tiled,train,AB18 - The sloping Part (South)/DJI_20210824113626_0017_SUPR/DJI_20210824113903_0071_SUPR.JPG,data/feasibility_v0/images/cif/cif_0104.jpg,data/feasibility_v0/normalized/cif_0104.json,ed39ae5ea542fdb61e305d4d7c2e3cf792a601e964528d49da8bd8546b22356e,crack,BDI-TAX-001@0.1.0-beta,CDLA-Permissive-2.0,1,direct,1,0,passed,classification,image_multilabel_from_source_annotations,image_labels
cif_0105,CiF-tiled,train,AB18 - The sloping Part (South)/DJI_20210824112738_0016_SUPR/DJI_20210824113207_0122_SUPR.JPG,data/feasibility_v0/images/cif/cif_0105.jpg,data/feasibility_v0/normalized/cif_0105.json,f2e93d0430db86b8ceff3ec5aaaf79e89acdd207a1f65d7e287d5de5a80e383c,crack,BDI-TAX-001@0.1.0-beta,CDLA-Permissive-2.0,1,direct,1,0,passed,classification,image_multilabel_from_source_annotations,image_labels
cif_0106,CiF-tiled,train,E17W_120607_0492.jpg,data/feasibility_v0/images/cif/cif_0106.jpg,data/feasibility_v0/normalized/cif_0106.json,cef68035dd941f521bc236b4796f30aaac529c129d942ca75a80258f49116e68,crack,BDI-TAX-001@0.1.0-beta,CDLA-Permissive-2.0,1,direct,1,0,passed,classification,image_multilabel_from_source_annotations,image_labels
cif_0107,CiF-tiled,train,Concrete/00012310_20060516_f0700001_20130320180000.jpg,data/feasibility_v0/images/cif/cif_0107.jpg,data/feasibility_v0/normalized/cif_0107.json,9da3d9ace4a50d6f2589ea06d9024dfd75158697ddd64b69d1eb410f3e9c7868,crack,BDI-TAX-001@0.1.0-beta,CDLA-Permissive-2.0,1,direct,1,0,passed,classification,image_multilabel_from_source_annotations,image_labels
cif_0108,CiF-tiled,train,AB18 - The Sloping Part (Center)/DJI_20210824161652_0014_SUPR/DJI_20210824161813_0037_SUPR.JPG,data/feasibility_v0/images/cif/cif_0108.jpg,data/feasibility_v0/normalized/cif_0108.json,192369d170f64e8ffedb782366847f67af668920a30261d3a38118710317d3e0,crack,BDI-TAX-001@0.1.0-beta,CDLA-Permissive-2.0,1,direct,1,0,passed,classification,image_multilabel_from_source_annotations,image_labels
cif_0109,CiF-tiled,train,004/dump3/IMG_9010.jpg,data/feasibility_v0/images/cif/cif_0109.jpg,data/feasibility_v0/normalized/cif_0109.json,80902634f104f0c06e143e6008b9baaf4e9f64263c50e3b7f3cd0a34414e10e1,crack,BDI-TAX-001@0.1.0-beta,CDLA-Permissive-2.0,1,direct,1,0,passed,classification,image_multilabel_from_source_annotations,image_labels
cif_0110,CiF-tiled,train,AB18 - The sloping Part (South)/DJI_20210824131416_0007_SUPR/DJI_20210824131824_0113_SUPR.JPG,data/feasibility_v0/images/cif/cif_0110.jpg,data/feasibility_v0/normalized/cif_0110.json,9eafc37d1c3ad595531b68bcecd2ae82ce35eab639491e21fcb2a39a4e842e8c,crack,BDI-TAX-001@0.1.0-beta,CDLA-Permissive-2.0,1,direct,1,0,passed,classification,image_multilabel_from_source_annotations,image_labels
cif_0111,CiF-tiled,train,AB18 - The sloping Part (North)/DJI_20211122110830_0005_SUPR/DJI_20211122110930_0029_SUPR.JPG,data/feasibility_v0/images/cif/cif_0111.jpg,data/feasibility_v0/normalized/cif_0111.json,405ce61e1cfb81ecd19f1217fe32c954f1de7e3f49dc2828b1c0227763e0f87d,crack,BDI-TAX-001@0.1.0-beta,CDLA-Permissive-2.0,1,direct,1,0,passed,classification,image_multilabel_from_source_annotations,image_labels
cif_0112,CiF-tiled,train,Ankerblock 18 Wall South (East to west)/DJI_20210824095915_0005_SUPR/DJI_20210824100401_0131_SUPR.JPG,data/feasibility_v0/images/cif/cif_0112.jpg,data/feasibility_v0/normalized/cif_0112.json,4d156585647a5b5ca7e4b50dd27959e800cd6a997d9342a40fb1b517c7b7f7ed,crack,BDI-TAX-001@0.1.0-beta,CDLA-Permissive-2.0,3,direct,3,0,passed,classification,image_multilabel_from_source_annotations,image_labels
cif_0113,CiF-tiled,train,Pille 23/S/DJI_20210602142304_0007_SUPR/DJI_20210602142328_0011_SUPR.JPG,data/feasibility_v0/images/cif/cif_0113.jpg,data/feasibility_v0/normalized/cif_0113.json,9df0b7ab34051833cc7587487d6a41902c347e2e553e27dbeb676c7451012970,crack,BDI-TAX-001@0.1.0-beta,CDLA-Permissive-2.0,1,direct,1,0,passed,classification,image_multilabel_from_source_annotations,image_labels
cif_0114,CiF-tiled,train,002/dump1/IMG_0363.jpg,data/feasibility_v0/images/cif/cif_0114.jpg,data/feasibility_v0/normalized/cif_0114.json,27b908c96f3c18d703b8a9c8044019761b14ead18e3ba59df59decf7fae057db,crack,BDI-TAX-001@0.1.0-beta,CDLA-Permissive-2.0,3,direct,3,0,passed,classification,image_multilabel_from_source_annotations,image_labels
cif_0115,CiF-tiled,train,West_approach/PW06/ORE2020A_20200807_172044_PW06_IMGZOOM_DJI_20200807172044_0398_ZOOM.JPG,data/feasibility_v0/images/cif/cif_0115.jpg,data/feasibility_v0/normalized/cif_0115.json,321e00589009d4354f3c74b58244cbeb83be550708ba30d710654afa9e4000b6,crack|spalling,BDI-TAX-001@0.1.0-beta,CDLA-Permissive-2.0,7,direct,7,0,passed,classification,image_multilabel_from_source_annotations,image_labels
cif_0116,CiF-tiled,train,AB18 - The sloping Part (North)/DJI_20211122111129_0006_SUPR/DJI_20211122111248_0038_SUPR.JPG,data/feasibility_v0/images/cif/cif_0116.jpg,data/feasibility_v0/normalized/cif_0116.json,dfee41368d452ef5602326fe19278d446a6b4e9b4dc140d9b44ed37371c6996d,crack,BDI-TAX-001@0.1.0-beta,CDLA-Permissive-2.0,1,direct,1,0,passed,classification,image_multilabel_from_source_annotations,image_labels
cif_0117,CiF-tiled,train,AB18 - The sloping Part (North)/DJI_20211122114043_0013_SUPR/DJI_20211122114211_0042_SUPR.JPG,data/feasibility_v0/images/cif/cif_0117.jpg,data/feasibility_v0/normalized/cif_0117.json,3411692183c33175549f45adbe27b78938207035deecea0f7fad738b1e303764,crack,BDI-TAX-001@0.1.0-beta,CDLA-Permissive-2.0,1,direct,1,0,passed,classification,image_multilabel_from_source_annotations,image_labels
cif_0118,CiF-tiled,train,Ankerblock 18 Wall South (East to west)/DJI_20210824095915_0005_SUPR/DJI_20210824100317_0111_SUPR.JPG,data/feasibility_v0/images/cif/cif_0118.jpg,data/feasibility_v0/normalized/cif_0118.json,48ddf9aeaabbada4078e645e9c47961b9efb8ef8f4c6671e6b8da4f60495361f,crack,BDI-TAX-001@0.1.0-beta,CDLA-Permissive-2.0,2,direct,2,0,passed,classification,image_multilabel_from_source_annotations,image_labels
cif_0119,CiF-tiled,train,West_approach/PW06/ORE2020A_20200807_181952_PW06_IMGZOOM_DJI_20200807181952_0454_ZOOM.JPG,data/feasibility_v0/images/cif/cif_0119.jpg,data/feasibility_v0/normalized/cif_0119.json,f6847b218581844ecdb3eadd9edefa2c333acae3aa22a81130fd4317fd19c445,crack,BDI-TAX-001@0.1.0-beta,CDLA-Permissive-2.0,1,direct,1,0,passed,classification,image_multilabel_from_source_annotations,image_labels
cif_0120,CiF-tiled,train,Ankerblock 18 Wall South (East to west)/DJI_20210824101915_0008_SUPR/DJI_20210824102036_0037_SUPR.JPG,data/feasibility_v0/images/cif/cif_0120.jpg,data/feasibility_v0/normalized/cif_0120.json,a056d75aa61f0262bbba72c575788c54718ba0b32ddcce181cde309bc9eb8dd4,crack,BDI-TAX-001@0.1.0-beta,CDLA-Permissive-2.0,1,direct,1,0,passed,classification,image_multilabel_from_source_annotations,image_labels
s2ds_0001,S2DS,train,S2DS:125,data/feasibility_v0/images/s2ds/s2ds_0001.png,data/feasibility_v0/normalized/s2ds_0001.json,e561d797825be6cfc11b0082ccc9d741ac88e837ae8a10d1b0a6033832c72e23,efflorescence_leaching,BDI-TAX-001@0.1.0-beta,GPL-3.0 repository; verify dataset terms before distribution,1,direct,1,0,passed,classification,image_multilabel_from_source_annotations,image_labels
s2ds_0002,S2DS,train,S2DS:027,data/feasibility_v0/images/s2ds/s2ds_0002.png,data/feasibility_v0/normalized/s2ds_0002.json,b695c927d29bf9537e5af3255af4fe673ba3a9c39af016910f73a7dad8a60231,efflorescence_leaching,BDI-TAX-001@0.1.0-beta,GPL-3.0 repository; verify dataset terms before distribution,1,direct,1,0,passed,classification,image_multilabel_from_source_annotations,image_labels
s2ds_0003,S2DS,train,S2DS:235,data/feasibility_v0/images/s2ds/s2ds_0003.png,data/feasibility_v0/normalized/s2ds_0003.json,3301e18bb306c316b4c04b89626889d481937554629f4e8a40d1db1f58423988,efflorescence_leaching,BDI-TAX-001@0.1.0-beta,GPL-3.0 repository; verify dataset terms before distribution,1,direct,1,0,passed,classification,image_multilabel_from_source_annotations,image_labels
s2ds_0004,S2DS,train,S2DS:425,data/feasibility_v0/images/s2ds/s2ds_0004.png,data/feasibility_v0/normalized/s2ds_0004.json,79799bd831abd51ef706e8970b6b2f845b1021fb1acca458a77ee86af9f4b181,efflorescence_leaching,BDI-TAX-001@0.1.0-beta,GPL-3.0 repository; verify dataset terms before distribution,1,direct,1,0,passed,classification,image_multilabel_from_source_annotations,image_labels
s2ds_0005,S2DS,train,S2DS:106,data/feasibility_v0/images/s2ds/s2ds_0005.png,data/feasibility_v0/normalized/s2ds_0005.json,eb4407b157ac1f742e3bc55696833fa9de847addda2ee76c1aab0972d03fa87d,efflorescence_leaching,BDI-TAX-001@0.1.0-beta,GPL-3.0 repository; verify dataset terms before distribution,1,direct,1,0,passed,classification,image_multilabel_from_source_annotations,image_labels
s2ds_0006,S2DS,train,S2DS:341,data/feasibility_v0/images/s2ds/s2ds_0006.png,data/feasibility_v0/normalized/s2ds_0006.json,054de8d94d8fb13120e0be42146613940858a5357f20836aa2f923671b2b5ec4,efflorescence_leaching,BDI-TAX-001@0.1.0-beta,GPL-3.0 repository; verify dataset terms before distribution,1,direct,1,0,passed,classification,image_multilabel_from_source_annotations,image_labels
s2ds_0007,S2DS,train,S2DS:266,data/feasibility_v0/images/s2ds/s2ds_0007.png,data/feasibility_v0/normalized/s2ds_0007.json,93fb6d8a9f335dbf2572f9ad9f08f5dd90a30ee5300e124395c3543412dd3f80,efflorescence_leaching,BDI-TAX-001@0.1.0-beta,GPL-3.0 repository; verify dataset terms before distribution,1,direct,1,0,passed,classification,image_multilabel_from_source_annotations,image_labels
s2ds_0008,S2DS,train,S2DS:393,data/feasibility_v0/images/s2ds/s2ds_0008.png,data/feasibility_v0/normalized/s2ds_0008.json,f1bb06b2b1849ff566c97834caf418d1d3b20c0b0fbca02417eeabdc656aa40d,efflorescence_leaching|rust_staining,BDI-TAX-001@0.1.0-beta,GPL-3.0 repository; verify dataset terms before distribution,2,direct|weak,2,0,passed,classification,image_multilabel_from_source_annotations,image_labels
s2ds_0009,S2DS,train,S2DS:381,data/feasibility_v0/images/s2ds/s2ds_0009.png,data/feasibility_v0/normalized/s2ds_0009.json,f5377f3b328b7c2411bc07e510bca709cf38866baac6747d447ba086c182477a,efflorescence_leaching,BDI-TAX-001@0.1.0-beta,GPL-3.0 repository; verify dataset terms before distribution,1,direct,1,0,passed,classification,image_multilabel_from_source_annotations,image_labels
s2ds_0010,S2DS,train,S2DS:398,data/feasibility_v0/images/s2ds/s2ds_0010.png,data/feasibility_v0/normalized/s2ds_0010.json,b739c6ed9a1aae484dcc0a502a5d970efab78500fbf892f8c39530bb809e236f,efflorescence_leaching,BDI-TAX-001@0.1.0-beta,GPL-3.0 repository; verify dataset terms before distribution,1,direct,1,0,passed,classification,image_multilabel_from_source_annotations,image_labels
s2ds_0011,S2DS,train,S2DS:039,data/feasibility_v0/images/s2ds/s2ds_0011.png,data/feasibility_v0/normalized/s2ds_0011.json,dff4714a88ec82dddf889f60e46db28f23c17bed028042779ad6429b7988ba3b,efflorescence_leaching,BDI-TAX-001@0.1.0-beta,GPL-3.0 repository; verify dataset terms before distribution,1,direct,1,0,passed,classification,image_multilabel_from_source_annotations,image_labels
s2ds_0012,S2DS,train,S2DS:452,data/feasibility_v0/images/s2ds/s2ds_0012.png,data/feasibility_v0/normalized/s2ds_0012.json,ebd995d53fd39de3930686692f1f355a49cd69cf35e5ded6597c2f449eb80dcb,crack|efflorescence_leaching,BDI-TAX-001@0.1.0-beta,GPL-3.0 repository; verify dataset terms before distribution,2,direct,2,0,passed,classification,image_multilabel_from_source_annotations,image_labels
s2ds_0013,S2DS,train,S2DS:257,data/feasibility_v0/images/s2ds/s2ds_0013.png,data/feasibility_v0/normalized/s2ds_0013.json,054772c1978ffc110400c6bdeb2bcda8a2aa4937507575f18b29035aa47b0f8e,rust_staining,BDI-TAX-001@0.1.0-beta,GPL-3.0 repository; verify dataset terms before distribution,1,weak,1,0,passed,classification,image_multilabel_from_source_annotations,image_labels
s2ds_0014,S2DS,train,S2DS:383,data/feasibility_v0/images/s2ds/s2ds_0014.png,data/feasibility_v0/normalized/s2ds_0014.json,639b3f436b9c0f1c2550414ae878596ca9755ebc8b962321ea6c601141fcf01f,rust_staining|spalling,BDI-TAX-001@0.1.0-beta,GPL-3.0 repository; verify dataset terms before distribution,2,direct|weak,2,0,passed,classification,image_multilabel_from_source_annotations,image_labels
s2ds_0015,S2DS,train,S2DS:330,data/feasibility_v0/images/s2ds/s2ds_0015.png,data/feasibility_v0/normalized/s2ds_0015.json,0ef2aabcb8c33e0b84e63521789f2187290ff4abee7a313abf0f337d530e42d4,rust_staining|spalling,BDI-TAX-001@0.1.0-beta,GPL-3.0 repository; verify dataset terms before distribution,2,direct|weak,2,0,passed,classification,image_multilabel_from_source_annotations,image_labels
s2ds_0016,S2DS,train,S2DS:153,data/feasibility_v0/images/s2ds/s2ds_0016.png,data/feasibility_v0/normalized/s2ds_0016.json,bd42bd810e97b92836aa1698d2d8bc89446dd1d22dbbdbc4d2f1a72b2d7bcfd6,rust_staining,BDI-TAX-001@0.1.0-beta,GPL-3.0 repository; verify dataset terms before distribution,1,weak,1,0,passed,classification,image_multilabel_from_source_annotations,image_labels
s2ds_0017,S2DS,train,S2DS:042,data/feasibility_v0/images/s2ds/s2ds_0017.png,data/feasibility_v0/normalized/s2ds_0017.json,6f6dc79bd9d6f7eb11a4c92b45023cda2e09aba924200e1e946b3c5cf7ac0cf6,rust_staining|spalling,BDI-TAX-001@0.1.0-beta,GPL-3.0 repository; verify dataset terms before distribution,2,direct|weak,2,0,passed,classification,image_multilabel_from_source_annotations,image_labels
s2ds_0018,S2DS,train,S2DS:419,data/feasibility_v0/images/s2ds/s2ds_0018.png,data/feasibility_v0/normalized/s2ds_0018.json,a1cd14acfc8bed2ec32e6479102f19ff14abad202e07b8810a2e9815818831d0,rust_staining|spalling,BDI-TAX-001@0.1.0-beta,GPL-3.0 repository; verify dataset terms before distribution,2,direct|weak,2,0,passed,classification,image_multilabel_from_source_annotations,image_labels
s2ds_0019,S2DS,train,S2DS:088,data/feasibility_v0/images/s2ds/s2ds_0019.png,data/feasibility_v0/normalized/s2ds_0019.json,b8a353c3c8fb79584456b7f2d3d31ff64ffc7a8424dee54b207b414f36614d55,rust_staining|spalling,BDI-TAX-001@0.1.0-beta,GPL-3.0 repository; verify dataset terms before distribution,2,direct|weak,2,0,passed,classification,image_multilabel_from_source_annotations,image_labels
s2ds_0020,S2DS,train,S2DS:311,data/feasibility_v0/images/s2ds/s2ds_0020.png,data/feasibility_v0/normalized/s2ds_0020.json,fb9e70c9d3c9af2341452ee0321d819e901bf4c10d05b12ab3851c69ac7f4851,rust_staining,BDI-TAX-001@0.1.0-beta,GPL-3.0 repository; verify dataset terms before distribution,1,weak,1,0,passed,classification,image_multilabel_from_source_annotations,image_labels
s2ds_0021,S2DS,train,S2DS:264,data/feasibility_v0/images/s2ds/s2ds_0021.png,data/feasibility_v0/normalized/s2ds_0021.json,36811cf119b8f84b67fb0ed97b0ca9e98199ef79fe4b8fe7f57f3ebb0e17db50,rust_staining,BDI-TAX-001@0.1.0-beta,GPL-3.0 repository; verify dataset terms before distribution,1,weak,1,0,passed,classification,image_multilabel_from_source_annotations,image_labels
s2ds_0022,S2DS,train,S2DS:416,data/feasibility_v0/images/s2ds/s2ds_0022.png,data/feasibility_v0/normalized/s2ds_0022.json,9a55984d88e9f27ebf876f8fdb6f7dc0ed11efcee80d3f27856ecabd365600e7,rust_staining,BDI-TAX-001@0.1.0-beta,GPL-3.0 repository; verify dataset terms before distribution,1,weak,1,0,passed,classification,image_multilabel_from_source_annotations,image_labels
s2ds_0023,S2DS,train,S2DS:247,data/feasibility_v0/images/s2ds/s2ds_0023.png,data/feasibility_v0/normalized/s2ds_0023.json,bf1c04d697c009ec824ece7bd8d6fe8a969f689299e5a8d2487dbc0f0531bc33,rust_staining|spalling,BDI-TAX-001@0.1.0-beta,GPL-3.0 repository; verify dataset terms before distribution,2,direct|weak,2,0,passed,classification,image_multilabel_from_source_annotations,image_labels
s2ds_0024,S2DS,train,S2DS:530,data/feasibility_v0/images/s2ds/s2ds_0024.png,data/feasibility_v0/normalized/s2ds_0024.json,5de985d5faacb92e2bcfa98d05fafc28ae2847ff1101c588e35bd447c46c581d,rust_staining,BDI-TAX-001@0.1.0-beta,GPL-3.0 repository; verify dataset terms before distribution,1,weak,1,0,passed,classification,image_multilabel_from_source_annotations,image_labels
s2ds_0025,S2DS,train,S2DS:529,data/feasibility_v0/images/s2ds/s2ds_0025.png,data/feasibility_v0/normalized/s2ds_0025.json,33610e73a47e20cb77384fe2c8af7a6d22f6da47155c51e3393397e7adf3a1a0,spalling,BDI-TAX-001@0.1.0-beta,GPL-3.0 repository; verify dataset terms before distribution,1,direct,1,0,passed,classification,image_multilabel_from_source_annotations,image_labels
s2ds_0026,S2DS,train,S2DS:198,data/feasibility_v0/images/s2ds/s2ds_0026.png,data/feasibility_v0/normalized/s2ds_0026.json,a5cd738e512a5359f426a7a40c7991d3fea27bb97b46b0d6639a966437aa6c6c,rust_staining|spalling,BDI-TAX-001@0.1.0-beta,GPL-3.0 repository; verify dataset terms before distribution,2,direct|weak,2,0,passed,classification,image_multilabel_from_source_annotations,image_labels
s2ds_0027,S2DS,train,S2DS:283,data/feasibility_v0/images/s2ds/s2ds_0027.png,data/feasibility_v0/normalized/s2ds_0027.json,c994d0530134a1b751169766f07927f06c980f100ebaf3f0e36fc28fe1cd0dc5,rust_staining|spalling,BDI-TAX-001@0.1.0-beta,GPL-3.0 repository; verify dataset terms before distribution,2,direct|weak,2,0,passed,classification,image_multilabel_from_source_annotations,image_labels
s2ds_0028,S2DS,train,S2DS:171,data/feasibility_v0/images/s2ds/s2ds_0028.png,data/feasibility_v0/normalized/s2ds_0028.json,9739e63375f4428892996d3c11ea89134942ebde90eea0fb7133b71a216ad3eb,rust_staining|spalling,BDI-TAX-001@0.1.0-beta,GPL-3.0 repository; verify dataset terms before distribution,2,direct|weak,2,0,passed,classification,image_multilabel_from_source_annotations,image_labels
s2ds_0029,S2DS,train,S2DS:038,data/feasibility_v0/images/s2ds/s2ds_0029.png,data/feasibility_v0/normalized/s2ds_0029.json,ebf19bf91aa1f7d23cbcb86b4bcfaf1cb0b3454621c9d996b843eddf8a04498f,rust_staining|spalling,BDI-TAX-001@0.1.0-beta,GPL-3.0 repository; verify dataset terms before distribution,2,direct|weak,2,0,passed,classification,image_multilabel_from_source_annotations,image_labels
s2ds_0030,S2DS,train,S2DS:557,data/feasibility_v0/images/s2ds/s2ds_0030.png,data/feasibility_v0/normalized/s2ds_0030.json,3575ef618514d2c9567211e023bb23b921c6c9307f954a3b5bce1e5b9fe96a76,rust_staining|spalling,BDI-TAX-001@0.1.0-beta,GPL-3.0 repository; verify dataset terms before distribution,2,direct|weak,2,0,passed,classification,image_multilabel_from_source_annotations,image_labels
s2ds_0031,S2DS,train,S2DS:196,data/feasibility_v0/images/s2ds/s2ds_0031.png,data/feasibility_v0/normalized/s2ds_0031.json,0696ae4bb41bcd348ceb378f9aa733308f2defa40d2259c6f6d43111692da427,rust_staining|spalling,BDI-TAX-001@0.1.0-beta,GPL-3.0 repository; verify dataset terms before distribution,2,direct|weak,2,0,passed,classification,image_multilabel_from_source_annotations,image_labels
s2ds_0032,S2DS,train,S2DS:214,data/feasibility_v0/images/s2ds/s2ds_0032.png,data/feasibility_v0/normalized/s2ds_0032.json,1c559fe330ec280b3303b4da9d4a0c1b84b103154eea6e151c60cc79f2f8ec3b,rust_staining|spalling,BDI-TAX-001@0.1.0-beta,GPL-3.0 repository; verify dataset terms before distribution,2,direct|weak,2,0,passed,classification,image_multilabel_from_source_annotations,image_labels
s2ds_0033,S2DS,train,S2DS:100,data/feasibility_v0/images/s2ds/s2ds_0033.png,data/feasibility_v0/normalized/s2ds_0033.json,5eb7649e59c36a0643e02411ca72e31fd8aa69ff0e006cca86a3ff719ac13b4d,rust_staining|spalling,BDI-TAX-001@0.1.0-beta,GPL-3.0 repository; verify dataset terms before distribution,2,direct|weak,2,0,passed,classification,image_multilabel_from_source_annotations,image_labels
s2ds_0034,S2DS,train,S2DS:521,data/feasibility_v0/images/s2ds/s2ds_0034.png,data/feasibility_v0/normalized/s2ds_0034.json,d742874967cf13475bf811975904c06e298710ff33777caa6f0c56641f786d87,rust_staining|spalling,BDI-TAX-001@0.1.0-beta,GPL-3.0 repository; verify dataset terms before distribution,2,direct|weak,2,0,passed,classification,image_multilabel_from_source_annotations,image_labels
s2ds_0035,S2DS,train,S2DS:469,data/feasibility_v0/images/s2ds/s2ds_0035.png,data/feasibility_v0/normalized/s2ds_0035.json,9153775ba870995ea54886d2d07520a57a160ad2cceb08056f4ce22590367a35,rust_staining|spalling,BDI-TAX-001@0.1.0-beta,GPL-3.0 repository; verify dataset terms before distribution,2,direct|weak,2,0,passed,classification,image_multilabel_from_source_annotations,image_labels
s2ds_0036,S2DS,train,S2DS:320,data/feasibility_v0/images/s2ds/s2ds_0036.png,data/feasibility_v0/normalized/s2ds_0036.json,dc34a5eb660b3417430d8e35f207862feb0f3cc8e25a2804701918f9245380c6,rust_staining|spalling,BDI-TAX-001@0.1.0-beta,GPL-3.0 repository; verify dataset terms before distribution,2,direct|weak,2,0,passed,classification,image_multilabel_from_source_annotations,image_labels
s2ds_0037,S2DS,train,S2DS:387,data/feasibility_v0/images/s2ds/s2ds_0037.png,data/feasibility_v0/normalized/s2ds_0037.json,c92236c1ae74c0dd5e674ab136790081d75d6497c289ca7e965b27599aa32026,rust_staining|spalling,BDI-TAX-001@0.1.0-beta,GPL-3.0 repository; verify dataset terms before distribution,2,direct|weak,2,0,passed,classification,image_multilabel_from_source_annotations,image_labels
s2ds_0038,S2DS,train,S2DS:209,data/feasibility_v0/images/s2ds/s2ds_0038.png,data/feasibility_v0/normalized/s2ds_0038.json,37849df6fff6f650c9ee767c216382e029046a4a7ea224f64e74b21c2f667ea5,rust_staining|spalling,BDI-TAX-001@0.1.0-beta,GPL-3.0 repository; verify dataset terms before distribution,2,direct|weak,2,0,passed,classification,image_multilabel_from_source_annotations,image_labels
s2ds_0039,S2DS,train,S2DS:120,data/feasibility_v0/images/s2ds/s2ds_0039.png,data/feasibility_v0/normalized/s2ds_0039.json,9ec8091f440541de573e3e534c508ed24555c30f905e11d9167af888917d90aa,rust_staining|spalling,BDI-TAX-001@0.1.0-beta,GPL-3.0 repository; verify dataset terms before distribution,2,direct|weak,2,0,passed,classification,image_multilabel_from_source_annotations,image_labels
s2ds_0040,S2DS,train,S2DS:411,data/feasibility_v0/images/s2ds/s2ds_0040.png,data/feasibility_v0/normalized/s2ds_0040.json,a4b5faae838429e06bc09a5806111d74e2975cdb66ec63aea231fd3442185899,rust_staining|spalling,BDI-TAX-001@0.1.0-beta,GPL-3.0 repository; verify dataset terms before distribution,2,direct|weak,2,0,passed,classification,image_multilabel_from_source_annotations,image_labels
s2ds_0041,S2DS,train,S2DS:464,data/feasibility_v0/images/s2ds/s2ds_0041.png,data/feasibility_v0/normalized/s2ds_0041.json,1f8aa08cb4a455c9fcb7c6d6e08a059db6d076ca4fd2d351a2bdf6597a2440a0,crack,BDI-TAX-001@0.1.0-beta,GPL-3.0 repository; verify dataset terms before distribution,1,direct,1,0,passed,classification,image_multilabel_from_source_annotations,image_labels
s2ds_0042,S2DS,train,S2DS:500,data/feasibility_v0/images/s2ds/s2ds_0042.png,data/feasibility_v0/normalized/s2ds_0042.json,6a333f585a1c68fcf030d01b508d51c949c34bf939d93d4da26f0cf4d04cc5dc,crack,BDI-TAX-001@0.1.0-beta,GPL-3.0 repository; verify dataset terms before distribution,1,direct,1,0,passed,classification,image_multilabel_from_source_annotations,image_labels
s2ds_0043,S2DS,train,S2DS:297,data/feasibility_v0/images/s2ds/s2ds_0043.png,data/feasibility_v0/normalized/s2ds_0043.json,6b1ae0d7a4f2aaea107a8d73a762e967ed1dcea5803e187ceb3138f53e8a5480,crack,BDI-TAX-001@0.1.0-beta,GPL-3.0 repository; verify dataset terms before distribution,1,direct,1,0,passed,classification,image_multilabel_from_source_annotations,image_labels
s2ds_0044,S2DS,train,S2DS:021,data/feasibility_v0/images/s2ds/s2ds_0044.png,data/feasibility_v0/normalized/s2ds_0044.json,7adc4b9f8d5e8feb629bc37a7781dc7a01a0b6c67d94548dce89bd98665aa56f,crack,BDI-TAX-001@0.1.0-beta,GPL-3.0 repository; verify dataset terms before distribution,1,direct,1,0,passed,classification,image_multilabel_from_source_annotations,image_labels
s2ds_0045,S2DS,train,S2DS:062,data/feasibility_v0/images/s2ds/s2ds_0045.png,data/feasibility_v0/normalized/s2ds_0045.json,6413eeb426a88743961818212c34be7a9a44e200d77454bf71371c682664d8d5,crack,BDI-TAX-001@0.1.0-beta,GPL-3.0 repository; verify dataset terms before distribution,1,direct,1,0,passed,classification,image_multilabel_from_source_annotations,image_labels
s2ds_0046,S2DS,train,S2DS:560,data/feasibility_v0/images/s2ds/s2ds_0046.png,data/feasibility_v0/normalized/s2ds_0046.json,9f98593a23716604d4e8a77a60b9428830170670ac102dbd07aed3312cf896a3,crack,BDI-TAX-001@0.1.0-beta,GPL-3.0 repository; verify dataset terms before distribution,1,direct,1,0,passed,classification,image_multilabel_from_source_annotations,image_labels
s2ds_0047,S2DS,train,S2DS:358,data/feasibility_v0/images/s2ds/s2ds_0047.png,data/feasibility_v0/normalized/s2ds_0047.json,3aa5ff777e1b10568cbaa94b68c5d9d8bce5ed44f1f8698fe04d6fcbb1f7c996,crack,BDI-TAX-001@0.1.0-beta,GPL-3.0 repository; verify dataset terms before distribution,1,direct,1,0,passed,classification,image_multilabel_from_source_annotations,image_labels
s2ds_0048,S2DS,train,S2DS:025,data/feasibility_v0/images/s2ds/s2ds_0048.png,data/feasibility_v0/normalized/s2ds_0048.json,98eb7880979ae9bf7196f5f354847ce1d46dba57fe11700a35bd95672bfba8f5,crack,BDI-TAX-001@0.1.0-beta,GPL-3.0 repository; verify dataset terms before distribution,1,direct,1,0,passed,classification,image_multilabel_from_source_annotations,image_labels
s2ds_0049,S2DS,train,S2DS:104,data/feasibility_v0/images/s2ds/s2ds_0049.png,data/feasibility_v0/normalized/s2ds_0049.json,97f112de60744737d65f5b73ed3c07dbb4e271220790615b87eca76ad2638d1a,crack,BDI-TAX-001@0.1.0-beta,GPL-3.0 repository; verify dataset terms before distribution,1,direct,1,0,passed,classification,image_multilabel_from_source_annotations,image_labels
s2ds_0050,S2DS,train,S2DS:201,data/feasibility_v0/images/s2ds/s2ds_0050.png,data/feasibility_v0/normalized/s2ds_0050.json,27c576e23c1802c7fca100495614a52f1eea1083a4f6544fd1cd30069b2f43ba,crack,BDI-TAX-001@0.1.0-beta,GPL-3.0 repository; verify dataset terms before distribution,1,direct,1,0,passed,classification,image_multilabel_from_source_annotations,image_labels
s2ds_0051,S2DS,train,S2DS:357,data/feasibility_v0/images/s2ds/s2ds_0051.png,data/feasibility_v0/normalized/s2ds_0051.json,7da324c26d518c2075f443bfd0cb1953c9e934f73766f561bdfc01ebd0213f44,crack|rust_staining,BDI-TAX-001@0.1.0-beta,GPL-3.0 repository; verify dataset terms before distribution,2,direct|weak,2,0,passed,classification,image_multilabel_from_source_annotations,image_labels
s2ds_0052,S2DS,train,S2DS:075,data/feasibility_v0/images/s2ds/s2ds_0052.png,data/feasibility_v0/normalized/s2ds_0052.json,8b7b5b6aca0708520c791769b85db98ded50266ff4eda6c499b59a6c155c6cca,crack,BDI-TAX-001@0.1.0-beta,GPL-3.0 repository; verify dataset terms before distribution,1,direct,1,0,passed,classification,image_multilabel_from_source_annotations,image_labels
s2ds_0053,S2DS,train,S2DS:489,data/feasibility_v0/images/s2ds/s2ds_0053.png,data/feasibility_v0/normalized/s2ds_0053.json,52dfa9767f0fa64770ec9a44ccf7a4fba14df80c961fe41b271fa3ac31f38c6b,crack,BDI-TAX-001@0.1.0-beta,GPL-3.0 repository; verify dataset terms before distribution,1,direct,1,0,passed,classification,image_multilabel_from_source_annotations,image_labels
s2ds_0054,S2DS,train,S2DS:555,data/feasibility_v0/images/s2ds/s2ds_0054.png,data/feasibility_v0/normalized/s2ds_0054.json,8d46ef78b078426b144bf4f674c4c89390cefa81e67037159337bab373e542dc,crack,BDI-TAX-001@0.1.0-beta,GPL-3.0 repository; verify dataset terms before distribution,1,direct,1,0,passed,classification,image_multilabel_from_source_annotations,image_labels
s2ds_0055,S2DS,train,S2DS:343,data/feasibility_v0/images/s2ds/s2ds_0055.png,data/feasibility_v0/normalized/s2ds_0055.json,8fee04c70e07754a25ed75515502518ce37833a172760ceac2388407e3fd3b2d,crack,BDI-TAX-001@0.1.0-beta,GPL-3.0 repository; verify dataset terms before distribution,1,direct,1,0,passed,classification,image_multilabel_from_source_annotations,image_labels
s2ds_0056,S2DS,train,S2DS:278,data/feasibility_v0/images/s2ds/s2ds_0056.png,data/feasibility_v0/normalized/s2ds_0056.json,cd142c3151de15410fb499bbb219ab5c5a6dc832b99e8db9d4061332e35661fd,crack,BDI-TAX-001@0.1.0-beta,GPL-3.0 repository; verify dataset terms before distribution,1,direct,1,0,passed,classification,image_multilabel_from_source_annotations,image_labels
s2ds_0057,S2DS,train,S2DS:231,data/feasibility_v0/images/s2ds/s2ds_0057.png,data/feasibility_v0/normalized/s2ds_0057.json,0fb1f19df3621ee3329a33ed6700a0318c5df23cccedb632af4c67cf90a7c3fb,crack,BDI-TAX-001@0.1.0-beta,GPL-3.0 repository; verify dataset terms before distribution,1,direct,1,0,passed,classification,image_multilabel_from_source_annotations,image_labels
s2ds_0058,S2DS,train,S2DS:117,data/feasibility_v0/images/s2ds/s2ds_0058.png,data/feasibility_v0/normalized/s2ds_0058.json,fe29c277ab8f1835b93cc7e6dc3e9347e7f753916fee461996f8190a1a6d3b68,crack,BDI-TAX-001@0.1.0-beta,GPL-3.0 repository; verify dataset terms before distribution,1,direct,1,0,passed,classification,image_multilabel_from_source_annotations,image_labels
s2ds_0059,S2DS,train,S2DS:418,data/feasibility_v0/images/s2ds/s2ds_0059.png,data/feasibility_v0/normalized/s2ds_0059.json,750e5b6ca11bc627fd7fc23378d8a33335719522fe2d0fea085d241669bae706,crack,BDI-TAX-001@0.1.0-beta,GPL-3.0 repository; verify dataset terms before distribution,1,direct,1,0,passed,classification,image_multilabel_from_source_annotations,image_labels
s2ds_0060,S2DS,train,S2DS:288,data/feasibility_v0/images/s2ds/s2ds_0060.png,data/feasibility_v0/normalized/s2ds_0060.json,6efe198c8811d85fddd16521660d2ab1a51571f637e56dd6b6d7e9116398f865,crack,BDI-TAX-001@0.1.0-beta,GPL-3.0 repository; verify dataset terms before distribution,1,direct,1,0,passed,classification,image_multilabel_from_source_annotations,image_labels
s2ds_0061,S2DS,train,S2DS:144,data/feasibility_v0/images/s2ds/s2ds_0061.png,data/feasibility_v0/normalized/s2ds_0061.json,8b8e835d10bbb0eeb6e96e0d8df70b45ae4ff0d052a0879348df187acbaa186b,crack|rust_staining,BDI-TAX-001@0.1.0-beta,GPL-3.0 repository; verify dataset terms before distribution,2,direct|weak,2,0,passed,classification,image_multilabel_from_source_annotations,image_labels
s2ds_0062,S2DS,train,S2DS:304,data/feasibility_v0/images/s2ds/s2ds_0062.png,data/feasibility_v0/normalized/s2ds_0062.json,49a3ee29988fbd4ee4339923b136838eb9e4ad883f45444633ec66238b6d09a9,crack,BDI-TAX-001@0.1.0-beta,GPL-3.0 repository; verify dataset terms before distribution,1,direct,1,0,passed,classification,image_multilabel_from_source_annotations,image_labels
s2ds_0063,S2DS,train,S2DS:531,data/feasibility_v0/images/s2ds/s2ds_0063.png,data/feasibility_v0/normalized/s2ds_0063.json,f4f7cbf6209d06627b2ff8051b2ffcfc5c6287aa3528b2b91f17f2e575817005,crack,BDI-TAX-001@0.1.0-beta,GPL-3.0 repository; verify dataset terms before distribution,1,direct,1,0,passed,classification,image_multilabel_from_source_annotations,image_labels
s2ds_0064,S2DS,train,S2DS:505,data/feasibility_v0/images/s2ds/s2ds_0064.png,data/feasibility_v0/normalized/s2ds_0064.json,7ffef41a7accee99adb32ca159288dbbb8d83856bd048a45eeb4006979a084dd,crack,BDI-TAX-001@0.1.0-beta,GPL-3.0 repository; verify dataset terms before distribution,1,direct,1,0,passed,classification,image_multilabel_from_source_annotations,image_labels
s2ds_0065,S2DS,train,S2DS:024,data/feasibility_v0/images/s2ds/s2ds_0065.png,data/feasibility_v0/normalized/s2ds_0065.json,8673b88efc80a10527719ba0329f7699bd65909c0e4a4d99d8feb26235a5d4f2,crack,BDI-TAX-001@0.1.0-beta,GPL-3.0 repository; verify dataset terms before distribution,1,direct,1,0,passed,classification,image_multilabel_from_source_annotations,image_labels
s2ds_0066,S2DS,train,S2DS:312,data/feasibility_v0/images/s2ds/s2ds_0066.png,data/feasibility_v0/normalized/s2ds_0066.json,579078a4b473e9f33895d2a9f79f0cc02a09757d56a95d5b3384ff514b11e0e0,crack,BDI-TAX-001@0.1.0-beta,GPL-3.0 repository; verify dataset terms before distribution,1,direct,1,0,passed,classification,image_multilabel_from_source_annotations,image_labels
s2ds_0067,S2DS,train,S2DS:267,data/feasibility_v0/images/s2ds/s2ds_0067.png,data/feasibility_v0/normalized/s2ds_0067.json,5244e4cb362dd355eab886419e6140a4acb4d9f7e5498aca6972efae618b4e9c,crack,BDI-TAX-001@0.1.0-beta,GPL-3.0 repository; verify dataset terms before distribution,1,direct,1,0,passed,classification,image_multilabel_from_source_annotations,image_labels
s2ds_0068,S2DS,train,S2DS:174,data/feasibility_v0/images/s2ds/s2ds_0068.png,data/feasibility_v0/normalized/s2ds_0068.json,93ebe976f534d5592f9739c4408c62e8c6dd2c19a3c43e766b6a8ff0effc6061,crack,BDI-TAX-001@0.1.0-beta,GPL-3.0 repository; verify dataset terms before distribution,1,direct,1,0,passed,classification,image_multilabel_from_source_annotations,image_labels
s2ds_0069,S2DS,train,S2DS:118,data/feasibility_v0/images/s2ds/s2ds_0069.png,data/feasibility_v0/normalized/s2ds_0069.json,c0ba7adf21c6c1852e6a2825902a20ca610e4f0bf0f68f44560c7ae6738cb3d4,crack,BDI-TAX-001@0.1.0-beta,GPL-3.0 repository; verify dataset terms before distribution,1,direct,1,0,passed,classification,image_multilabel_from_source_annotations,image_labels
s2ds_0070,S2DS,train,S2DS:501,data/feasibility_v0/images/s2ds/s2ds_0070.png,data/feasibility_v0/normalized/s2ds_0070.json,8e2a8c59425358f5e01fa48ed4a18873e9acbfcb56977ae2cef2e715fcb3208f,crack,BDI-TAX-001@0.1.0-beta,GPL-3.0 repository; verify dataset terms before distribution,1,direct,1,0,passed,classification,image_multilabel_from_source_annotations,image_labels
s2ds_0071,S2DS,train,S2DS:535,data/feasibility_v0/images/s2ds/s2ds_0071.png,data/feasibility_v0/normalized/s2ds_0071.json,5fb21cb1c31e9ffda819bde9a9f1069377e5d7ebc9591dddc395ef4ae744e8f1,crack,BDI-TAX-001@0.1.0-beta,GPL-3.0 repository; verify dataset terms before distribution,1,direct,1,0,passed,classification,image_multilabel_from_source_annotations,image_labels
s2ds_0072,S2DS,train,S2DS:204,data/feasibility_v0/images/s2ds/s2ds_0072.png,data/feasibility_v0/normalized/s2ds_0072.json,21b3e53e942a4a67c9bd790b374e5c01ddd1a72ac8b8a000aa5cf25bfaee1eba,crack,BDI-TAX-001@0.1.0-beta,GPL-3.0 repository; verify dataset terms before distribution,1,direct,1,0,passed,classification,image_multilabel_from_source_annotations,image_labels
s2ds_0073,S2DS,train,S2DS:143,data/feasibility_v0/images/s2ds/s2ds_0073.png,data/feasibility_v0/normalized/s2ds_0073.json,cbb5b27d155c2af435a582e75927c1bdf064bfb96a559684afe2ac1df962286c,crack|rust_staining|spalling,BDI-TAX-001@0.1.0-beta,GPL-3.0 repository; verify dataset terms before distribution,3,direct|weak,3,0,passed,classification,image_multilabel_from_source_annotations,image_labels
s2ds_0074,S2DS,train,S2DS:258,data/feasibility_v0/images/s2ds/s2ds_0074.png,data/feasibility_v0/normalized/s2ds_0074.json,452e2cf8670f94f9821e972479e4091cfb619e52cc6e1386cb62a689257382cc,crack,BDI-TAX-001@0.1.0-beta,GPL-3.0 repository; verify dataset terms before distribution,1,direct,1,0,passed,classification,image_multilabel_from_source_annotations,image_labels
s2ds_0075,S2DS,train,S2DS:515,data/feasibility_v0/images/s2ds/s2ds_0075.png,data/feasibility_v0/normalized/s2ds_0075.json,ca64a8b33b774c4c3e69cb6eb8a931e1f6dacd5ef4eee7151e59f74c0597c607,crack,BDI-TAX-001@0.1.0-beta,GPL-3.0 repository; verify dataset terms before distribution,1,direct,1,0,passed,classification,image_multilabel_from_source_annotations,image_labels
s2ds_0076,S2DS,train,S2DS:377,data/feasibility_v0/images/s2ds/s2ds_0076.png,data/feasibility_v0/normalized/s2ds_0076.json,7242c15e94e531f0c8b56b00631e7ffb85fb5ccc1c0386eedabb26c8fe7644bc,crack|rust_staining,BDI-TAX-001@0.1.0-beta,GPL-3.0 repository; verify dataset terms before distribution,2,direct|weak,2,0,passed,classification,image_multilabel_from_source_annotations,image_labels
s2ds_0077,S2DS,train,S2DS:292,data/feasibility_v0/images/s2ds/s2ds_0077.png,data/feasibility_v0/normalized/s2ds_0077.json,7449d82f6bcf0e461bcbe3276e711aa1b35c9938079c4a06cd4223fdd76957a5,crack|spalling,BDI-TAX-001@0.1.0-beta,GPL-3.0 repository; verify dataset terms before distribution,2,direct,2,0,passed,classification,image_multilabel_from_source_annotations,image_labels
s2ds_0078,S2DS,train,S2DS:400,data/feasibility_v0/images/s2ds/s2ds_0078.png,data/feasibility_v0/normalized/s2ds_0078.json,884bca7d0038dd3c5a61273a7ef800b9d390b89330bf211c346aca2481316c96,crack,BDI-TAX-001@0.1.0-beta,GPL-3.0 repository; verify dataset terms before distribution,1,direct,1,0,passed,classification,image_multilabel_from_source_annotations,image_labels
s2ds_0079,S2DS,train,S2DS:290,data/feasibility_v0/images/s2ds/s2ds_0079.png,data/feasibility_v0/normalized/s2ds_0079.json,b1232fe6ff0a4a05ce372172d99cf5d4675d665181bcb93bca37c6e3df61f97f,crack,BDI-TAX-001@0.1.0-beta,GPL-3.0 repository; verify dataset terms before distribution,1,direct,1,0,passed,classification,image_multilabel_from_source_annotations,image_labels
s2ds_0080,S2DS,train,S2DS:060,data/feasibility_v0/images/s2ds/s2ds_0080.png,data/feasibility_v0/normalized/s2ds_0080.json,68bab3948b4241efda12b6a06a56f1cdf69a91217290fd42c536e239fb9a2c53,crack,BDI-TAX-001@0.1.0-beta,GPL-3.0 repository; verify dataset terms before distribution,1,direct,1,0,passed,classification,image_multilabel_from_source_annotations,image_labels
uav75_0001,UAV75,train,UAV75:DSC00559,data/feasibility_v0/images/uav75/uav75_0001.jpg,data/feasibility_v0/normalized/uav75_0001.json,0fd8216b2aa83e0fe60a4d93bd441e7af5cc5d0a3d0f25cbf9e3fbed623f8f65,crack,BDI-TAX-001@0.1.0-beta,GPL-3.0 repository; verify dataset terms before distribution,1,direct,1,0,passed,classification,image_multilabel_from_source_annotations,image_labels
uav75_0002,UAV75,train,UAV75:DSC00616,data/feasibility_v0/images/uav75/uav75_0002.jpg,data/feasibility_v0/normalized/uav75_0002.json,82a53151fbbcfe4843929b220fcc2f844a627360ea398fd153e79887724023bb,crack,BDI-TAX-001@0.1.0-beta,GPL-3.0 repository; verify dataset terms before distribution,1,direct,1,0,passed,classification,image_multilabel_from_source_annotations,image_labels
uav75_0003,UAV75,train,UAV75:DSC00564b,data/feasibility_v0/images/uav75/uav75_0003.jpg,data/feasibility_v0/normalized/uav75_0003.json,a85379abfa2b7a87c53be9da174b888d0fb7d166c2cb8abdab39fbe85f21aeb3,crack,BDI-TAX-001@0.1.0-beta,GPL-3.0 repository; verify dataset terms before distribution,1,direct,1,0,passed,classification,image_multilabel_from_source_annotations,image_labels
uav75_0004,UAV75,train,UAV75:DSC00561,data/feasibility_v0/images/uav75/uav75_0004.jpg,data/feasibility_v0/normalized/uav75_0004.json,82fde106fab31ddd326267f7a9206614a1b8584a3e4d85069e1fe90236e310dc,crack,BDI-TAX-001@0.1.0-beta,GPL-3.0 repository; verify dataset terms before distribution,1,direct,1,0,passed,classification,image_multilabel_from_source_annotations,image_labels
uav75_0005,UAV75,train,UAV75:DSC00566c,data/feasibility_v0/images/uav75/uav75_0005.jpg,data/feasibility_v0/normalized/uav75_0005.json,42f5a80e2a32ad313ce43126a25fcee6ee92c12fbf8d45bb5b3ffd11d4a4d224,crack,BDI-TAX-001@0.1.0-beta,GPL-3.0 repository; verify dataset terms before distribution,1,direct,1,0,passed,classification,image_multilabel_from_source_annotations,image_labels
uav75_0006,UAV75,train,UAV75:DSC00587,data/feasibility_v0/images/uav75/uav75_0006.jpg,data/feasibility_v0/normalized/uav75_0006.json,12250833c7e24cb91b80bd43e7e30699ae29e50c17e4a1f1ba969192b88cd580,crack,BDI-TAX-001@0.1.0-beta,GPL-3.0 repository; verify dataset terms before distribution,1,direct,1,0,passed,classification,image_multilabel_from_source_annotations,image_labels
uav75_0007,UAV75,train,UAV75:DSC00571d,data/feasibility_v0/images/uav75/uav75_0007.jpg,data/feasibility_v0/normalized/uav75_0007.json,9f3a79b729026c234d476aede24e63176fc23cc094fd56c8a677e41c46d3c1d3,crack,BDI-TAX-001@0.1.0-beta,GPL-3.0 repository; verify dataset terms before distribution,1,direct,1,0,passed,classification,image_multilabel_from_source_annotations,image_labels
uav75_0008,UAV75,train,UAV75:DSC00614,data/feasibility_v0/images/uav75/uav75_0008.jpg,data/feasibility_v0/normalized/uav75_0008.json,bfa8866641a41c6a672e4e8f830e1aa73cedbd6c9428e9631bed8c50210702c2,crack,BDI-TAX-001@0.1.0-beta,GPL-3.0 repository; verify dataset terms before distribution,1,direct,1,0,passed,classification,image_multilabel_from_source_annotations,image_labels
uav75_0009,UAV75,train,UAV75:DSC00578,data/feasibility_v0/images/uav75/uav75_0009.jpg,data/feasibility_v0/normalized/uav75_0009.json,1e950cb2bda3fe7b55dd1afafe2f8468d2897b07cadf569e50df7eb695896663,crack,BDI-TAX-001@0.1.0-beta,GPL-3.0 repository; verify dataset terms before distribution,1,direct,1,0,passed,classification,image_multilabel_from_source_annotations,image_labels
uav75_0010,UAV75,train,UAV75:DSC00560c,data/feasibility_v0/images/uav75/uav75_0010.jpg,data/feasibility_v0/normalized/uav75_0010.json,41882245f1b2bce0becaa663001d9c98b4903faaa2c8f94830e5574a8890677f,crack,BDI-TAX-001@0.1.0-beta,GPL-3.0 repository; verify dataset terms before distribution,1,direct,1,0,passed,classification,image_multilabel_from_source_annotations,image_labels
uav75_0011,UAV75,train,UAV75:DSC00566d,data/feasibility_v0/images/uav75/uav75_0011.jpg,data/feasibility_v0/normalized/uav75_0011.json,76e6c77ecb3f7767631dc7c8fc28d63909dfb0055327ecfca83fb552fba04852,crack,BDI-TAX-001@0.1.0-beta,GPL-3.0 repository; verify dataset terms before distribution,1,direct,1,0,passed,classification,image_multilabel_from_source_annotations,image_labels
uav75_0012,UAV75,train,UAV75:DSC00565b,data/feasibility_v0/images/uav75/uav75_0012.jpg,data/feasibility_v0/normalized/uav75_0012.json,301d6c9fbca61742cb0a57cb339ab1b3dba8dc10f30c635287e3c375740d84c2,crack,BDI-TAX-001@0.1.0-beta,GPL-3.0 repository; verify dataset terms before distribution,1,direct,1,0,passed,classification,image_multilabel_from_source_annotations,image_labels
uav75_0013,UAV75,train,UAV75:DSC00567c,data/feasibility_v0/images/uav75/uav75_0013.jpg,data/feasibility_v0/normalized/uav75_0013.json,cdfe476c5a2540c040cbba42d5a2fd119adb7e18639fa9be40d73124d44a0e4f,crack,BDI-TAX-001@0.1.0-beta,GPL-3.0 repository; verify dataset terms before distribution,1,direct,1,0,passed,classification,image_multilabel_from_source_annotations,image_labels
uav75_0014,UAV75,train,UAV75:DSC00575b,data/feasibility_v0/images/uav75/uav75_0014.jpg,data/feasibility_v0/normalized/uav75_0014.json,98787d9ed345d6f8ea79e96e48653d243137655b4bdc3177752f5b9c60d50060,crack,BDI-TAX-001@0.1.0-beta,GPL-3.0 repository; verify dataset terms before distribution,1,direct,1,0,passed,classification,image_multilabel_from_source_annotations,image_labels
uav75_0015,UAV75,train,UAV75:DSC00566e,data/feasibility_v0/images/uav75/uav75_0015.jpg,data/feasibility_v0/normalized/uav75_0015.json,e00934510bbb40518e5b9565abc5c8f30b7417e707b883a664d38cc65794960d,crack,BDI-TAX-001@0.1.0-beta,GPL-3.0 repository; verify dataset terms before distribution,1,direct,1,0,passed,classification,image_multilabel_from_source_annotations,image_labels
uav75_0016,UAV75,train,UAV75:DSC00559b,data/feasibility_v0/images/uav75/uav75_0016.jpg,data/feasibility_v0/normalized/uav75_0016.json,acf6f271595f56547249fd895b17ea21a5767f5d355b581c29743e11dc3a4409,crack,BDI-TAX-001@0.1.0-beta,GPL-3.0 repository; verify dataset terms before distribution,1,direct,1,0,passed,classification,image_multilabel_from_source_annotations,image_labels
uav75_0017,UAV75,train,UAV75:DSC00555,data/feasibility_v0/images/uav75/uav75_0017.jpg,data/feasibility_v0/normalized/uav75_0017.json,339c91cadd57e754a031c409bd59bd6609cdbb24c24603c4aff33837fa612a94,crack,BDI-TAX-001@0.1.0-beta,GPL-3.0 repository; verify dataset terms before distribution,1,direct,1,0,passed,classification,image_multilabel_from_source_annotations,image_labels
uav75_0018,UAV75,train,UAV75:DSC00608,data/feasibility_v0/images/uav75/uav75_0018.jpg,data/feasibility_v0/normalized/uav75_0018.json,d9377c85cb01315fdb5d7943c62415a7ee7ecfaf6c4bc9474877408a07959174,crack,BDI-TAX-001@0.1.0-beta,GPL-3.0 repository; verify dataset terms before distribution,1,direct,1,0,passed,classification,image_multilabel_from_source_annotations,image_labels
uav75_0019,UAV75,train,UAV75:DSC00556b,data/feasibility_v0/images/uav75/uav75_0019.jpg,data/feasibility_v0/normalized/uav75_0019.json,04543a4078eb4180ae11549a14452d8a973ef6310d8e00146addf6b0f1eea6fb,crack,BDI-TAX-001@0.1.0-beta,GPL-3.0 repository; verify dataset terms before distribution,1,direct,1,0,passed,classification,image_multilabel_from_source_annotations,image_labels
uav75_0020,UAV75,train,UAV75:DSC00558b,data/feasibility_v0/images/uav75/uav75_0020.jpg,data/feasibility_v0/normalized/uav75_0020.json,b95aac99bd67ac6e9f931571ce11b88957a3acf98215d239be7d5c832eb29de7,crack,BDI-TAX-001@0.1.0-beta,GPL-3.0 repository; verify dataset terms before distribution,1,direct,1,0,passed,classification,image_multilabel_from_source_annotations,image_labels
uav75_0021,UAV75,train,UAV75:DSC00556,data/feasibility_v0/images/uav75/uav75_0021.jpg,data/feasibility_v0/normalized/uav75_0021.json,a29b43d331aaa8aa3a614b81e41f83d921cfeea204d08be1f4a89c1f3e872dad,crack,BDI-TAX-001@0.1.0-beta,GPL-3.0 repository; verify dataset terms before distribution,1,direct,1,0,passed,classification,image_multilabel_from_source_annotations,image_labels
uav75_0022,UAV75,train,UAV75:DSC00567b,data/feasibility_v0/images/uav75/uav75_0022.jpg,data/feasibility_v0/normalized/uav75_0022.json,22368536c7bfeb3c4bec00f182f603440a956db6a4525e94d4ec89b7976f0e2f,crack,BDI-TAX-001@0.1.0-beta,GPL-3.0 repository; verify dataset terms before distribution,1,direct,1,0,passed,classification,image_multilabel_from_source_annotations,image_labels
uav75_0023,UAV75,train,UAV75:DSC00568,data/feasibility_v0/images/uav75/uav75_0023.jpg,data/feasibility_v0/normalized/uav75_0023.json,4a972a1fd5f0709611a057a5e083829e556b2b27988880b241c7d772f78ab91b,crack,BDI-TAX-001@0.1.0-beta,GPL-3.0 repository; verify dataset terms before distribution,1,direct,1,0,passed,classification,image_multilabel_from_source_annotations,image_labels
uav75_0024,UAV75,train,UAV75:DSC00604,data/feasibility_v0/images/uav75/uav75_0024.jpg,data/feasibility_v0/normalized/uav75_0024.json,31bd470dce01cd7aaa4be46166e8506102b57cac32bb273db6d4e7990f6f8f82,crack,BDI-TAX-001@0.1.0-beta,GPL-3.0 repository; verify dataset terms before distribution,1,direct,1,0,passed,classification,image_multilabel_from_source_annotations,image_labels
uav75_0025,UAV75,train,UAV75:DSC00561b,data/feasibility_v0/images/uav75/uav75_0025.jpg,data/feasibility_v0/normalized/uav75_0025.json,be2c372d3e07f027a8fe34c3b46b8d2d2ead7b4f6563389dc73dab5931ec2f26,crack,BDI-TAX-001@0.1.0-beta,GPL-3.0 repository; verify dataset terms before distribution,1,direct,1,0,passed,classification,image_multilabel_from_source_annotations,image_labels
uav75_0026,UAV75,train,UAV75:DSC00552,data/feasibility_v0/images/uav75/uav75_0026.jpg,data/feasibility_v0/normalized/uav75_0026.json,a2ba1fc7666a545d0c5de6ce4fe8e80cbf6ce1e26ba356523ee38291fefbc1bc,crack,BDI-TAX-001@0.1.0-beta,GPL-3.0 repository; verify dataset terms before distribution,1,direct,1,0,passed,classification,image_multilabel_from_source_annotations,image_labels
uav75_0027,UAV75,train,UAV75:DSC00571c,data/feasibility_v0/images/uav75/uav75_0027.jpg,data/feasibility_v0/normalized/uav75_0027.json,04d14495bca8fadee8f81fd59609888de795f1bf902500daeabe5973af27962b,crack,BDI-TAX-001@0.1.0-beta,GPL-3.0 repository; verify dataset terms before distribution,1,direct,1,0,passed,classification,image_multilabel_from_source_annotations,image_labels
uav75_0028,UAV75,train,UAV75:DSC00553,data/feasibility_v0/images/uav75/uav75_0028.jpg,data/feasibility_v0/normalized/uav75_0028.json,18c3897d601f68217889016aa6b2fdffea0f9db3e9b0facf0db4834dcbfcdcac,crack,BDI-TAX-001@0.1.0-beta,GPL-3.0 repository; verify dataset terms before distribution,1,direct,1,0,passed,classification,image_multilabel_from_source_annotations,image_labels
uav75_0029,UAV75,train,UAV75:DSC00566b,data/feasibility_v0/images/uav75/uav75_0029.jpg,data/feasibility_v0/normalized/uav75_0029.json,a5e08fce71bb9aec613d1fb8fbc58dc7f6aa9c833181a215f294ac3893e8453f,crack,BDI-TAX-001@0.1.0-beta,GPL-3.0 repository; verify dataset terms before distribution,1,direct,1,0,passed,classification,image_multilabel_from_source_annotations,image_labels
uav75_0030,UAV75,train,UAV75:DSC00565,data/feasibility_v0/images/uav75/uav75_0030.jpg,data/feasibility_v0/normalized/uav75_0030.json,d26fa669eacd3977445adddb28c0f56853205b30531f126c08c39d41d52424aa,crack,BDI-TAX-001@0.1.0-beta,GPL-3.0 repository; verify dataset terms before distribution,1,direct,1,0,passed,classification,image_multilabel_from_source_annotations,image_labels
uav75_0031,UAV75,train,UAV75:DSC00561c,data/feasibility_v0/images/uav75/uav75_0031.jpg,data/feasibility_v0/normalized/uav75_0031.json,6c590c42fd23a35c7ce33098aec2705fa92a218544fbf5d0d86d638d4557dbe7,crack,BDI-TAX-001@0.1.0-beta,GPL-3.0 repository; verify dataset terms before distribution,1,direct,1,0,passed,classification,image_multilabel_from_source_annotations,image_labels
uav75_0032,UAV75,train,UAV75:DSC00558,data/feasibility_v0/images/uav75/uav75_0032.jpg,data/feasibility_v0/normalized/uav75_0032.json,b819792d962b7b96abf6042f6726d08e5391a6d768480df82cf75177097532ca,crack,BDI-TAX-001@0.1.0-beta,GPL-3.0 repository; verify dataset terms before distribution,1,direct,1,0,passed,classification,image_multilabel_from_source_annotations,image_labels
uav75_0033,UAV75,train,UAV75:DSC00605,data/feasibility_v0/images/uav75/uav75_0033.jpg,data/feasibility_v0/normalized/uav75_0033.json,6fede42114e37f2eabee77f0a3e2fb1b125bcc144d53012151e09f0be4e9d0bf,crack,BDI-TAX-001@0.1.0-beta,GPL-3.0 repository; verify dataset terms before distribution,1,direct,1,0,passed,classification,image_multilabel_from_source_annotations,image_labels
uav75_0034,UAV75,train,UAV75:DSC00570,data/feasibility_v0/images/uav75/uav75_0034.jpg,data/feasibility_v0/normalized/uav75_0034.json,7b2957a309d59d82467c3a6bc005007d99f37ef767ad17e010f1b8fd477fd86c,crack,BDI-TAX-001@0.1.0-beta,GPL-3.0 repository; verify dataset terms before distribution,1,direct,1,0,passed,classification,image_multilabel_from_source_annotations,image_labels
uav75_0035,UAV75,train,UAV75:DSC00560d,data/feasibility_v0/images/uav75/uav75_0035.jpg,data/feasibility_v0/normalized/uav75_0035.json,5162585f821e8da0f273d20c280de2f0dee112a757295c6855d83141c81c4a7e,crack,BDI-TAX-001@0.1.0-beta,GPL-3.0 repository; verify dataset terms before distribution,1,direct,1,0,passed,classification,image_multilabel_from_source_annotations,image_labels
uav75_0036,UAV75,train,UAV75:DSC00575,data/feasibility_v0/images/uav75/uav75_0036.jpg,data/feasibility_v0/normalized/uav75_0036.json,b176587fed364fc36422654459fc2718dec2a46e3f5534260f059151f20c90d7,crack,BDI-TAX-001@0.1.0-beta,GPL-3.0 repository; verify dataset terms before distribution,1,direct,1,0,passed,classification,image_multilabel_from_source_annotations,image_labels
uav75_0037,UAV75,train,UAV75:DSC00571,data/feasibility_v0/images/uav75/uav75_0037.jpg,data/feasibility_v0/normalized/uav75_0037.json,fbf68b5c0c263fbeda27d107beb425f6c76417cebfded04b8690d05503dba823,crack,BDI-TAX-001@0.1.0-beta,GPL-3.0 repository; verify dataset terms before distribution,1,direct,1,0,passed,classification,image_multilabel_from_source_annotations,image_labels
uav75_0038,UAV75,train,UAV75:DSC00552b,data/feasibility_v0/images/uav75/uav75_0038.jpg,data/feasibility_v0/normalized/uav75_0038.json,aa088c6c17d5e828856bb94a8427a3791e1976d1682a6e3d7157aef68a802181,crack,BDI-TAX-001@0.1.0-beta,GPL-3.0 repository; verify dataset terms before distribution,1,direct,1,0,passed,classification,image_multilabel_from_source_annotations,image_labels
uav75_0039,UAV75,train,UAV75:DSC00560,data/feasibility_v0/images/uav75/uav75_0039.jpg,data/feasibility_v0/normalized/uav75_0039.json,3e7f2fd8128f2fb4de12df7b839d3380e9b713bbf51db75b1f0171d029250fef,crack,BDI-TAX-001@0.1.0-beta,GPL-3.0 repository; verify dataset terms before distribution,1,direct,1,0,passed,classification,image_multilabel_from_source_annotations,image_labels
uav75_0040,UAV75,train,UAV75:DSC00848,data/feasibility_v0/images/uav75/uav75_0040.jpg,data/feasibility_v0/normalized/uav75_0040.json,863d11674428e446a1aafdc59b0fda7ab214cac16ca5fda0b7f990532abe5f5a,crack,BDI-TAX-001@0.1.0-beta,GPL-3.0 repository; verify dataset terms before distribution,1,direct,1,0,passed,classification,image_multilabel_from_source_annotations,image_labels
dacl_0001,DACL10K-v2-devphase,train,DACL10K:dacl10k_v2_train_0395,data/feasibility_v0/images/dacl/dacl_0001.jpg,data/feasibility_v0/normalized/dacl_0001.json,9804a8ebcf41315ab238805752882844810e25d11d9e6d3ada7b17e66d7f1ffc,crack|honeycombing_rock_pocket|rust_staining|spalling,BDI-TAX-001@0.1.0-beta,CC BY-NC 4.0,15,direct|direct_visual|strong,15,0,passed,classification,image_multilabel_from_source_annotations,image_labels
dacl_0002,DACL10K-v2-devphase,train,DACL10K:dacl10k_v2_train_0061,data/feasibility_v0/images/dacl/dacl_0002.jpg,data/feasibility_v0/normalized/dacl_0002.json,2bf4d2f06b5c9edc9e4d6b40c5bcbf960aef86b77b1cfde39c7d2df9f949ba52,honeycombing_rock_pocket,BDI-TAX-001@0.1.0-beta,CC BY-NC 4.0,1,strong,1,0,passed,classification,image_multilabel_from_source_annotations,image_labels
dacl_0003,DACL10K-v2-devphase,train,DACL10K:dacl10k_v2_train_2583,data/feasibility_v0/images/dacl/dacl_0003.jpg,data/feasibility_v0/normalized/dacl_0003.json,5d522a2a5142c220e558af07f8a9b8305c6012023404cf2238b41fd2a622b398,crack|efflorescence_leaching|honeycombing_rock_pocket|rust_staining,BDI-TAX-001@0.1.0-beta,CC BY-NC 4.0,4,direct|direct_visual|strong,4,0,passed,classification,image_multilabel_from_source_annotations,image_labels
dacl_0004,DACL10K-v2-devphase,train,DACL10K:dacl10k_v2_train_6889,data/feasibility_v0/images/dacl/dacl_0004.jpg,data/feasibility_v0/normalized/dacl_0004.json,d65b03a18abac0e7112a4f250db035d50a3c2d0ce80d2f2a91a91550ad1eeaff,crack|honeycombing_rock_pocket|spalling,BDI-TAX-001@0.1.0-beta,CC BY-NC 4.0,3,direct|strong,3,0,passed,classification,image_multilabel_from_source_annotations,image_labels
dacl_0005,DACL10K-v2-devphase,train,DACL10K:dacl10k_v2_train_1036,data/feasibility_v0/images/dacl/dacl_0005.jpg,data/feasibility_v0/normalized/dacl_0005.json,ad0d6fc971c31cb2d7f730f7df4d01b25bf9d93dfd026a50e1a03fb2ef0a5cd3,honeycombing_rock_pocket|rust_staining|spalling,BDI-TAX-001@0.1.0-beta,CC BY-NC 4.0,4,direct|direct_visual|strong,4,0,passed,classification,image_multilabel_from_source_annotations,image_labels
dacl_0006,DACL10K-v2-devphase,train,DACL10K:dacl10k_v2_train_4048,data/feasibility_v0/images/dacl/dacl_0006.jpg,data/feasibility_v0/normalized/dacl_0006.json,af1e38a2cb7c669f2c3f1d17c391d265574e6e92bdda9892853b81d2991ab0be,crack|honeycombing_rock_pocket,BDI-TAX-001@0.1.0-beta,CC BY-NC 4.0,4,direct|strong,4,0,passed,classification,image_multilabel_from_source_annotations,image_labels
dacl_0007,DACL10K-v2-devphase,train,DACL10K:dacl10k_v2_train_0349,data/feasibility_v0/images/dacl/dacl_0007.jpg,data/feasibility_v0/normalized/dacl_0007.json,622584055d411d455bba88dd69d546719b80b4f5ae8a9950a013586b8d7ea390,crack|honeycombing_rock_pocket|rust_staining|spalling,BDI-TAX-001@0.1.0-beta,CC BY-NC 4.0,19,direct|direct_visual|strong,19,0,passed,classification,image_multilabel_from_source_annotations,image_labels
dacl_0008,DACL10K-v2-devphase,train,DACL10K:dacl10k_v2_train_1759,data/feasibility_v0/images/dacl/dacl_0008.jpg,data/feasibility_v0/normalized/dacl_0008.json,ed6518a348e20ba920b8e39bbf9dacc6ef93686148451a16d8440bd08bf3a7cf,crack|honeycombing_rock_pocket|rust_staining|spalling,BDI-TAX-001@0.1.0-beta,CC BY-NC 4.0,8,direct|direct_visual|strong,8,0,passed,classification,image_multilabel_from_source_annotations,image_labels
dacl_0009,DACL10K-v2-devphase,train,DACL10K:dacl10k_v2_train_5704,data/feasibility_v0/images/dacl/dacl_0009.jpg,data/feasibility_v0/normalized/dacl_0009.json,42853dd1a9771ceaa46c172b9f533b7ff8a9394b6c5e331df4a6d3133709da9e,exposed_rebar|rust_staining|spalling,BDI-TAX-001@0.1.0-beta,CC BY-NC 4.0,3,direct|direct_visual,3,0,passed,classification,image_multilabel_from_source_annotations,image_labels
dacl_0010,DACL10K-v2-devphase,train,DACL10K:dacl10k_v2_train_0439,data/feasibility_v0/images/dacl/dacl_0010.jpg,data/feasibility_v0/normalized/dacl_0010.json,ab5409f037db96d8f4e137e668bbbfdf3204d5e3e7551b6b3cbf8cd51cf87c53,exposed_rebar|rust_staining|spalling,BDI-TAX-001@0.1.0-beta,CC BY-NC 4.0,3,direct|direct_visual,3,0,passed,classification,image_multilabel_from_source_annotations,image_labels
dacl_0011,DACL10K-v2-devphase,train,DACL10K:dacl10k_v2_train_2746,data/feasibility_v0/images/dacl/dacl_0011.jpg,data/feasibility_v0/normalized/dacl_0011.json,220350e71fa8eadbbef1c3e2214dff279192e554a9df822a4e4e64260d8cce35,exposed_rebar|rust_staining|spalling,BDI-TAX-001@0.1.0-beta,CC BY-NC 4.0,3,direct|direct_visual,3,0,passed,classification,image_multilabel_from_source_annotations,image_labels
dacl_0012,DACL10K-v2-devphase,train,DACL10K:dacl10k_v2_train_0591,data/feasibility_v0/images/dacl/dacl_0012.jpg,data/feasibility_v0/normalized/dacl_0012.json,2f8922ff02c652822c6bdc5557937c8cd7c18e66244be0e16cf654e0a70ec8d9,efflorescence_leaching|exposed_rebar|rust_staining,BDI-TAX-001@0.1.0-beta,CC BY-NC 4.0,5,direct|direct_visual,5,0,passed,classification,image_multilabel_from_source_annotations,image_labels
dacl_0013,DACL10K-v2-devphase,train,DACL10K:dacl10k_v2_train_5779,data/feasibility_v0/images/dacl/dacl_0013.jpg,data/feasibility_v0/normalized/dacl_0013.json,2c4bbdc5d4adab6394debd0ea0bb10ac5b19e0e34336c1091d375b31cbeea966,exposed_rebar|rust_staining|spalling,BDI-TAX-001@0.1.0-beta,CC BY-NC 4.0,3,direct|direct_visual,3,0,passed,classification,image_multilabel_from_source_annotations,image_labels
dacl_0014,DACL10K-v2-devphase,train,DACL10K:dacl10k_v2_train_0312,data/feasibility_v0/images/dacl/dacl_0014.jpg,data/feasibility_v0/normalized/dacl_0014.json,1077a49f35b2d5f3d4d3aa678dd542d47190354d423d8d322146bf3c1608f0ac,crack|exposed_rebar|rust_staining|spalling,BDI-TAX-001@0.1.0-beta,CC BY-NC 4.0,8,direct|direct_visual,8,0,passed,classification,image_multilabel_from_source_annotations,image_labels
dacl_0015,DACL10K-v2-devphase,train,DACL10K:dacl10k_v2_train_3848,data/feasibility_v0/images/dacl/dacl_0015.jpg,data/feasibility_v0/normalized/dacl_0015.json,1631df995e63177f49ee6af3726830967da6b10b166898b6b3ea2ebc4d2c3728,exposed_rebar|rust_staining|spalling,BDI-TAX-001@0.1.0-beta,CC BY-NC 4.0,11,direct|direct_visual,11,0,passed,classification,image_multilabel_from_source_annotations,image_labels
dacl_0016,DACL10K-v2-devphase,train,DACL10K:dacl10k_v2_train_2400,data/feasibility_v0/images/dacl/dacl_0016.jpg,data/feasibility_v0/normalized/dacl_0016.json,32a17c65e2b4a24d6c61d3fdea602e63b966e03edb34cbeb172dcb338344039b,crack|exposed_rebar|rust_staining|spalling,BDI-TAX-001@0.1.0-beta,CC BY-NC 4.0,14,direct|direct_visual,14,0,passed,classification,image_multilabel_from_source_annotations,image_labels
dacl_0017,DACL10K-v2-devphase,train,DACL10K:dacl10k_v2_train_0797,data/feasibility_v0/images/dacl/dacl_0017.jpg,data/feasibility_v0/normalized/dacl_0017.json,86d53d52db02f0435f47f1ea7e7077c4930b63299636a43b101808b2163926a5,efflorescence_leaching,BDI-TAX-001@0.1.0-beta,CC BY-NC 4.0,2,direct,2,0,passed,classification,image_multilabel_from_source_annotations,image_labels
dacl_0018,DACL10K-v2-devphase,train,DACL10K:dacl10k_v2_train_0655,data/feasibility_v0/images/dacl/dacl_0018.jpg,data/feasibility_v0/normalized/dacl_0018.json,9253acb05fc7e5ad0be6bcb98797fd1cc3d8b23ec9dc0a03ff7884a4ca39f1c8,crack|efflorescence_leaching|rust_staining|spalling,BDI-TAX-001@0.1.0-beta,CC BY-NC 4.0,11,direct|direct_visual,11,0,passed,classification,image_multilabel_from_source_annotations,image_labels
dacl_0019,DACL10K-v2-devphase,train,DACL10K:dacl10k_v2_train_1617,data/feasibility_v0/images/dacl/dacl_0019.jpg,data/feasibility_v0/normalized/dacl_0019.json,5269b1d841b04fa23744d9e2123d5731d9a0ab7489b53ea781c4bb38d0274724,crack|efflorescence_leaching|rust_staining|spalling,BDI-TAX-001@0.1.0-beta,CC BY-NC 4.0,16,direct|direct_visual,16,0,passed,classification,image_multilabel_from_source_annotations,image_labels
dacl_0020,DACL10K-v2-devphase,train,DACL10K:dacl10k_v2_train_1199,data/feasibility_v0/images/dacl/dacl_0020.jpg,data/feasibility_v0/normalized/dacl_0020.json,79c0d1b2095912eb2de976c2e97c737c5c9d4158e1c5a32767e0af02bea5af77,efflorescence_leaching|spalling,BDI-TAX-001@0.1.0-beta,CC BY-NC 4.0,3,direct,3,0,passed,classification,image_multilabel_from_source_annotations,image_labels
dacl_0021,DACL10K-v2-devphase,train,DACL10K:dacl10k_v2_train_4041,data/feasibility_v0/images/dacl/dacl_0021.jpg,data/feasibility_v0/normalized/dacl_0021.json,af264f8990bd346660285c5f3e8522e232dced99e1225a356c0a340c9d2f1907,crack|efflorescence_leaching,BDI-TAX-001@0.1.0-beta,CC BY-NC 4.0,7,direct,7,0,passed,classification,image_multilabel_from_source_annotations,image_labels
dacl_0022,DACL10K-v2-devphase,train,DACL10K:dacl10k_v2_train_4889,data/feasibility_v0/images/dacl/dacl_0022.jpg,data/feasibility_v0/normalized/dacl_0022.json,4babd6626b0b06d73ec02f36cbd56538bec0d2b0760b1c311fb25f4fcf795a97,rust_staining,BDI-TAX-001@0.1.0-beta,CC BY-NC 4.0,1,direct_visual,1,0,passed,classification,image_multilabel_from_source_annotations,image_labels
dacl_0023,DACL10K-v2-devphase,train,DACL10K:dacl10k_v2_train_6393,data/feasibility_v0/images/dacl/dacl_0023.jpg,data/feasibility_v0/normalized/dacl_0023.json,cf420e723eaf244aaf000cb2f0ef0c842d8bb73b7efadd130c12c5ec19c2ec2e,rust_staining,BDI-TAX-001@0.1.0-beta,CC BY-NC 4.0,1,direct_visual,1,0,passed,classification,image_multilabel_from_source_annotations,image_labels
dacl_0024,DACL10K-v2-devphase,train,DACL10K:dacl10k_v2_train_2581,data/feasibility_v0/images/dacl/dacl_0024.jpg,data/feasibility_v0/normalized/dacl_0024.json,02d1809c13e7276a23e02d37fd3d18b19df99077bc6e57a2181406da2e191f59,rust_staining,BDI-TAX-001@0.1.0-beta,CC BY-NC 4.0,1,direct_visual,1,0,passed,classification,image_multilabel_from_source_annotations,image_labels
dacl_0025,DACL10K-v2-devphase,train,DACL10K:dacl10k_v2_train_6343,data/feasibility_v0/images/dacl/dacl_0025.jpg,data/feasibility_v0/normalized/dacl_0025.json,f713da817faf8adb95442197d2b5d1cd73168a1e38cc4f3e53cf59ec18bfe6a3,rust_staining,BDI-TAX-001@0.1.0-beta,CC BY-NC 4.0,2,direct_visual,2,0,passed,classification,image_multilabel_from_source_annotations,image_labels
dacl_0026,DACL10K-v2-devphase,train,DACL10K:dacl10k_v2_train_6064,data/feasibility_v0/images/dacl/dacl_0026.jpg,data/feasibility_v0/normalized/dacl_0026.json,8880ff33ee60287c4d0a79157dc7fe7c9fb30d98673c38c6c2fedfa5d5c92f54,rust_staining|spalling,BDI-TAX-001@0.1.0-beta,CC BY-NC 4.0,9,direct|direct_visual,9,0,passed,classification,image_multilabel_from_source_annotations,image_labels
dacl_0027,DACL10K-v2-devphase,train,DACL10K:dacl10k_v2_train_5513,data/feasibility_v0/images/dacl/dacl_0027.jpg,data/feasibility_v0/normalized/dacl_0027.json,82f75ecd00f2c14f9946398ebba7313212769406bcf519c4b5e39c1cd2fb71e2,rust_staining,BDI-TAX-001@0.1.0-beta,CC BY-NC 4.0,10,direct_visual,10,0,passed,classification,image_multilabel_from_source_annotations,image_labels
dacl_0028,DACL10K-v2-devphase,train,DACL10K:dacl10k_v2_train_5891,data/feasibility_v0/images/dacl/dacl_0028.jpg,data/feasibility_v0/normalized/dacl_0028.json,c94a58f1c4cce50ddb5f6af536bde86c4f35c9ed6f1711326167e8828d20c386,crack|spalling,BDI-TAX-001@0.1.0-beta,CC BY-NC 4.0,2,direct,2,0,passed,classification,image_multilabel_from_source_annotations,image_labels
dacl_0029,DACL10K-v2-devphase,train,DACL10K:dacl10k_v2_train_3765,data/feasibility_v0/images/dacl/dacl_0029.jpg,data/feasibility_v0/normalized/dacl_0029.json,778f302c52d506451d569595e53c468158d4635a87fb945cb83ebcb7ce81dc4e,crack|spalling,BDI-TAX-001@0.1.0-beta,CC BY-NC 4.0,7,direct,7,0,passed,classification,image_multilabel_from_source_annotations,image_labels
dacl_0030,DACL10K-v2-devphase,train,DACL10K:dacl10k_v2_train_1792,data/feasibility_v0/images/dacl/dacl_0030.jpg,data/feasibility_v0/normalized/dacl_0030.json,7bd17fc1c1fb94aceb1ed7813d314014cafead3d2fb7cee6abf92fc3a59616ec,crack|rust_staining|spalling,BDI-TAX-001@0.1.0-beta,CC BY-NC 4.0,15,direct|direct_visual,15,0,passed,classification,image_multilabel_from_source_annotations,image_labels
dacl_0031,DACL10K-v2-devphase,train,DACL10K:dacl10k_v2_train_3376,data/feasibility_v0/images/dacl/dacl_0031.jpg,data/feasibility_v0/normalized/dacl_0031.json,4a83cd87369a73368abce0e18ae2316991724c8006b10b2532210b5eccb7171c,spalling,BDI-TAX-001@0.1.0-beta,CC BY-NC 4.0,5,direct,5,0,passed,classification,image_multilabel_from_source_annotations,image_labels
dacl_0032,DACL10K-v2-devphase,train,DACL10K:dacl10k_v2_train_1879,data/feasibility_v0/images/dacl/dacl_0032.jpg,data/feasibility_v0/normalized/dacl_0032.json,ddb58e6052b9df3c6ea7000f906e9f92b03644decf0fcf8103d93e0bc243931e,rust_staining|spalling,BDI-TAX-001@0.1.0-beta,CC BY-NC 4.0,7,direct|direct_visual,7,0,passed,classification,image_multilabel_from_source_annotations,image_labels
dacl_0033,DACL10K-v2-devphase,train,DACL10K:dacl10k_v2_train_0894,data/feasibility_v0/images/dacl/dacl_0033.jpg,data/feasibility_v0/normalized/dacl_0033.json,a8bf214e5a121c839d8740b1d5892c0788f906dcfa45a1f46f7d855af852c791,spalling,BDI-TAX-001@0.1.0-beta,CC BY-NC 4.0,1,direct,1,0,passed,classification,image_multilabel_from_source_annotations,image_labels
dacl_0034,DACL10K-v2-devphase,train,DACL10K:dacl10k_v2_train_0972,data/feasibility_v0/images/dacl/dacl_0034.jpg,data/feasibility_v0/normalized/dacl_0034.json,b5e2c31b1717159b19e02640b0baa3583866edfd1ee87bf1a10e12337f10bcc6,spalling,BDI-TAX-001@0.1.0-beta,CC BY-NC 4.0,4,direct,4,0,passed,classification,image_multilabel_from_source_annotations,image_labels
dacl_0035,DACL10K-v2-devphase,train,DACL10K:dacl10k_v2_train_1756,data/feasibility_v0/images/dacl/dacl_0035.jpg,data/feasibility_v0/normalized/dacl_0035.json,12272d82e63ad636b15156b9ece798018a80838f3fa2c404274995e2cdcf235f,crack|spalling,BDI-TAX-001@0.1.0-beta,CC BY-NC 4.0,2,direct,2,0,passed,classification,image_multilabel_from_source_annotations,image_labels
dacl_0036,DACL10K-v2-devphase,train,DACL10K:dacl10k_v2_train_2154,data/feasibility_v0/images/dacl/dacl_0036.jpg,data/feasibility_v0/normalized/dacl_0036.json,33541e784f0e9ddc0d7cce410454147c2cc6d76e4eb8ad2f8acd8dfefe454986,crack|spalling,BDI-TAX-001@0.1.0-beta,CC BY-NC 4.0,4,direct,4,0,passed,classification,image_multilabel_from_source_annotations,image_labels
dacl_0037,DACL10K-v2-devphase,train,DACL10K:dacl10k_v2_train_6431,data/feasibility_v0/images/dacl/dacl_0037.jpg,data/feasibility_v0/normalized/dacl_0037.json,15658a83bf816eb7badc29211295f0649c86c68d86fec6acd3c6bb29dfcb64eb,rust_staining|spalling,BDI-TAX-001@0.1.0-beta,CC BY-NC 4.0,7,direct|direct_visual,7,0,passed,classification,image_multilabel_from_source_annotations,image_labels
dacl_0038,DACL10K-v2-devphase,train,DACL10K:dacl10k_v2_train_2105,data/feasibility_v0/images/dacl/dacl_0038.jpg,data/feasibility_v0/normalized/dacl_0038.json,0cd2681b31b9c2e0f9fca8d5d74513b0a88a6cfa7d2cff5dd17eaade5939c1ee,crack,BDI-TAX-001@0.1.0-beta,CC BY-NC 4.0,2,direct,2,0,passed,classification,image_multilabel_from_source_annotations,image_labels
dacl_0039,DACL10K-v2-devphase,train,DACL10K:dacl10k_v2_train_3104,data/feasibility_v0/images/dacl/dacl_0039.jpg,data/feasibility_v0/normalized/dacl_0039.json,ebad19cf8cbeb5b79295291ea3d0f0a357f891bda5dcab1a3a9c0c6073ca35c0,crack,BDI-TAX-001@0.1.0-beta,CC BY-NC 4.0,1,direct,1,0,passed,classification,image_multilabel_from_source_annotations,image_labels
dacl_0040,DACL10K-v2-devphase,train,DACL10K:dacl10k_v2_train_1701,data/feasibility_v0/images/dacl/dacl_0040.jpg,data/feasibility_v0/normalized/dacl_0040.json,299def658e74aba9f734d0597313af050ba9caafb9ed2cd5ac0ce0725c0fba90,crack|rust_staining,BDI-TAX-001@0.1.0-beta,CC BY-NC 4.0,3,direct|direct_visual,3,0,passed,classification,image_multilabel_from_source_annotations,image_labels
dacl_0041,DACL10K-v2-devphase,train,DACL10K:dacl10k_v2_train_1766,data/feasibility_v0/images/dacl/dacl_0041.jpg,data/feasibility_v0/normalized/dacl_0041.json,1c9e1f1cdf2848b65cd1afa1118fc9c8e28814c1f04f261dfbfb8618ffa0fb27,crack|rust_staining|spalling,BDI-TAX-001@0.1.0-beta,CC BY-NC 4.0,9,direct|direct_visual,9,0,passed,classification,image_multilabel_from_source_annotations,image_labels
dacl_0042,DACL10K-v2-devphase,train,DACL10K:dacl10k_v2_train_0173,data/feasibility_v0/images/dacl/dacl_0042.jpg,data/feasibility_v0/normalized/dacl_0042.json,2e6bd32a1c8547f453d731b875fc6c242790ca98638b87a02ad709662227a53d,crack,BDI-TAX-001@0.1.0-beta,CC BY-NC 4.0,1,direct,1,0,passed,classification,image_multilabel_from_source_annotations,image_labels
dacl_0043,DACL10K-v2-devphase,train,DACL10K:dacl10k_v2_train_5031,data/feasibility_v0/images/dacl/dacl_0043.jpg,data/feasibility_v0/normalized/dacl_0043.json,ef105e1caa9ede4cd1805f8f3be762bcf474c647a3b55925af289930a32c94ab,crack,BDI-TAX-001@0.1.0-beta,CC BY-NC 4.0,2,direct,2,0,passed,classification,image_multilabel_from_source_annotations,image_labels
dacl_0044,DACL10K-v2-devphase,train,DACL10K:dacl10k_v2_train_4393,data/feasibility_v0/images/dacl/dacl_0044.jpg,data/feasibility_v0/normalized/dacl_0044.json,294fbfa02ddc1e67e5f9ba0474b58efd1393817a16367cceabc542adba6f5a01,crack,BDI-TAX-001@0.1.0-beta,CC BY-NC 4.0,6,direct,6,0,passed,classification,image_multilabel_from_source_annotations,image_labels
dacl_0045,DACL10K-v2-devphase,train,DACL10K:dacl10k_v2_train_6545,data/feasibility_v0/images/dacl/dacl_0045.jpg,data/feasibility_v0/normalized/dacl_0045.json,82de52de74e021cf30f9c70e230a5574cd55df5fc1b12a9339f5fae534f5838d,crack|spalling,BDI-TAX-001@0.1.0-beta,CC BY-NC 4.0,6,direct,6,0,passed,classification,image_multilabel_from_source_annotations,image_labels
dacl_0046,DACL10K-v2-devphase,train,DACL10K:dacl10k_v2_train_2299,data/feasibility_v0/images/dacl/dacl_0046.jpg,data/feasibility_v0/normalized/dacl_0046.json,de77d02015ee4b0455b0b843d21b69d737cd5c4d17ecef57d609eaafc20a7347,crack|rust_staining|spalling,BDI-TAX-001@0.1.0-beta,CC BY-NC 4.0,4,direct|direct_visual,4,0,passed,classification,image_multilabel_from_source_annotations,image_labels
dacl_0047,DACL10K-v2-devphase,train,DACL10K:dacl10k_v2_train_0477,data/feasibility_v0/images/dacl/dacl_0047.jpg,data/feasibility_v0/normalized/dacl_0047.json,dd5412d8cce01e0f1325c424aab081ed389fd7ff64a999ac7b470c9e415dce93,crack|efflorescence_leaching|spalling,BDI-TAX-001@0.1.0-beta,CC BY-NC 4.0,4,direct,4,0,passed,classification,image_multilabel_from_source_annotations,image_labels
dacl_0048,DACL10K-v2-devphase,train,DACL10K:dacl10k_v2_train_4377,data/feasibility_v0/images/dacl/dacl_0048.jpg,data/feasibility_v0/normalized/dacl_0048.json,5d378c2cd4a1844b808aef4b636e1a1ebd6ee42fb3e31eb44472769500250601,crack,BDI-TAX-001@0.1.0-beta,CC BY-NC 4.0,1,direct,1,0,passed,classification,image_multilabel_from_source_annotations,image_labels
dacl_0049,DACL10K-v2-devphase,train,DACL10K:dacl10k_v2_train_2163,data/feasibility_v0/images/dacl/dacl_0049.jpg,data/feasibility_v0/normalized/dacl_0049.json,3c13eb314d1b67bdf62fc6707863244b11fa2213ec338b12d91f0f63ab80698e,crack|spalling,BDI-TAX-001@0.1.0-beta,CC BY-NC 4.0,3,direct,3,0,passed,classification,image_multilabel_from_source_annotations,image_labels
dacl_0050,DACL10K-v2-devphase,train,DACL10K:dacl10k_v2_train_4403,data/feasibility_v0/images/dacl/dacl_0050.jpg,data/feasibility_v0/normalized/dacl_0050.json,fc55ab458c0acffca97e4e1fbbdaca1934df59b992ebe94d95b99781a103257f,crack,BDI-TAX-001@0.1.0-beta,CC BY-NC 4.0,1,direct,1,0,passed,classification,image_multilabel_from_source_annotations,image_labels
dacl_0051,DACL10K-v2-devphase,train,DACL10K:dacl10k_v2_train_4179,data/feasibility_v0/images/dacl/dacl_0051.jpg,data/feasibility_v0/normalized/dacl_0051.json,2feeb058a2542a23096cd64b9cff5a5358e996ccc4371e987a083cd5cb8d3a71,crack|spalling,BDI-TAX-001@0.1.0-beta,CC BY-NC 4.0,2,direct,2,0,passed,classification,image_multilabel_from_source_annotations,image_labels
dacl_0052,DACL10K-v2-devphase,train,DACL10K:dacl10k_v2_train_2274,data/feasibility_v0/images/dacl/dacl_0052.jpg,data/feasibility_v0/normalized/dacl_0052.json,b8f4bb8ccb7e865eefbfca9dd642b6aa3c1c6f5820cf4e9d499bd24c01fc8f3c,crack,BDI-TAX-001@0.1.0-beta,CC BY-NC 4.0,1,direct,1,0,passed,classification,image_multilabel_from_source_annotations,image_labels
dacl_0053,DACL10K-v2-devphase,train,DACL10K:dacl10k_v2_train_3476,data/feasibility_v0/images/dacl/dacl_0053.jpg,data/feasibility_v0/normalized/dacl_0053.json,59ba01612b7a5fb28127c7342e69c3c86b5f7fc6d6cc2b5f058a3b5d60e1a330,crack|efflorescence_leaching,BDI-TAX-001@0.1.0-beta,CC BY-NC 4.0,4,direct,4,0,passed,classification,image_multilabel_from_source_annotations,image_labels
dacl_0054,DACL10K-v2-devphase,train,DACL10K:dacl10k_v2_train_2343,data/feasibility_v0/images/dacl/dacl_0054.jpg,data/feasibility_v0/normalized/dacl_0054.json,91802c1f4fb231af5e544e6b576af5ee31629b45ad0b7230c787cef206bbaf0a,crack|spalling,BDI-TAX-001@0.1.0-beta,CC BY-NC 4.0,2,direct,2,0,passed,classification,image_multilabel_from_source_annotations,image_labels
dacl_0055,DACL10K-v2-devphase,train,DACL10K:dacl10k_v2_train_0255,data/feasibility_v0/images/dacl/dacl_0055.jpg,data/feasibility_v0/normalized/dacl_0055.json,055d172705e30ebccefe32e8dda23eb557efb1739c250ceb6d9012c23d871a2f,crack|efflorescence_leaching|rust_staining|spalling,BDI-TAX-001@0.1.0-beta,CC BY-NC 4.0,16,direct|direct_visual,16,0,passed,classification,image_multilabel_from_source_annotations,image_labels
dacl_0056,DACL10K-v2-devphase,train,DACL10K:dacl10k_v2_train_2822,data/feasibility_v0/images/dacl/dacl_0056.jpg,data/feasibility_v0/normalized/dacl_0056.json,8f1bb9bc9557df5d6453d627610528857ca944ebd4287190cb085cca0c2c7419,crack|rust_staining,BDI-TAX-001@0.1.0-beta,CC BY-NC 4.0,3,direct|direct_visual,3,0,passed,classification,image_multilabel_from_source_annotations,image_labels
dacl_0057,DACL10K-v2-devphase,train,DACL10K:dacl10k_v2_train_5369,data/feasibility_v0/images/dacl/dacl_0057.jpg,data/feasibility_v0/normalized/dacl_0057.json,0cf4f02d9e52bb7d8c8d40ae3aa1c9900a1ca5a76c4ffe867e919257793b2805,crack,BDI-TAX-001@0.1.0-beta,CC BY-NC 4.0,1,direct,1,0,passed,classification,image_multilabel_from_source_annotations,image_labels
dacl_0058,DACL10K-v2-devphase,train,DACL10K:dacl10k_v2_train_6690,data/feasibility_v0/images/dacl/dacl_0058.jpg,data/feasibility_v0/normalized/dacl_0058.json,cf9f266d3500aeb96ee8dd7d486c37f95fd517dd7132424c8a56772a31515998,crack|spalling,BDI-TAX-001@0.1.0-beta,CC BY-NC 4.0,2,direct,2,0,passed,classification,image_multilabel_from_source_annotations,image_labels
dacl_0059,DACL10K-v2-devphase,train,DACL10K:dacl10k_v2_train_1720,data/feasibility_v0/images/dacl/dacl_0059.jpg,data/feasibility_v0/normalized/dacl_0059.json,2c409c2f9265cb0df92de1e5bb6bdd81eca5e02f082edeea3bf4df07e6b6bd39,crack|rust_staining|spalling,BDI-TAX-001@0.1.0-beta,CC BY-NC 4.0,3,direct|direct_visual,3,0,passed,classification,image_multilabel_from_source_annotations,image_labels
dacl_0060,DACL10K-v2-devphase,train,DACL10K:dacl10k_v2_train_4082,data/feasibility_v0/images/dacl/dacl_0060.jpg,data/feasibility_v0/normalized/dacl_0060.json,fbeabb0217c0256418e43deb29f136f0ccb12485c2d3b5f3ce6852837853ce20,crack|spalling,BDI-TAX-001@0.1.0-beta,CC BY-NC 4.0,2,direct,2,0,passed,classification,image_multilabel_from_source_annotations,image_labels
