sample_id,source_dataset,source_version,source_path,source_image_id,parent_image_id,group_id,split,capture_mode,asset_domain,annotation_type,native_labels,canonical_labels,annotation_status,mapping_version,license_id,quality_flags,selection_reason,sha256,locator_type,image_locator,annotation_locator,parquet_row_index,output_image,output_annotation
cif_0001,CiF-tiled,tiled-1024-public,datasets/CiF-tiled/data/train_tiled-00008-of-00084.parquet,SB-AB18-AB_S-220_768_1536.JPG,SB-AB18-AB_S-220.JPG,SB-AB18-AB_S-220.JPG,train,UAV,mixed civil infrastructure,instance polygons and boxes,Crack|Crack with Precipitation,crack,positive,BDI-TAX-001@0.1.0-beta,CDLA-Permissive-2.0,,quota:Crack with Precipitation,,parquet_row,datasets/CiF-tiled/data/train_tiled-00008-of-00084.parquet,datasets/CiF-tiled/data/train_tiled-00008-of-00084.parquet,1123,data/feasibility_v0/images/cif/cif_0001.jpg,data/feasibility_v0/annotations/cif/cif_0001.json
cif_0002,CiF-tiled,tiled-1024-public,datasets/CiF-tiled/data/train_tiled-00038-of-00084.parquet,DJI_20210824154612_0100_SUPR_2304_2304.JPG,AB18 - The sloping Part (South)/DJI_20210824154235_0010_SUPR/DJI_20210824154612_0100_SUPR.JPG,AB18 - The sloping Part (South)/DJI_20210824154235_0010_SUPR/DJI_20210824154612_0100_SUPR.JPG,train,UAV,mixed civil infrastructure,instance polygons and boxes,Crack with Precipitation,crack,positive,BDI-TAX-001@0.1.0-beta,CDLA-Permissive-2.0,,quota:Crack with Precipitation,,parquet_row,datasets/CiF-tiled/data/train_tiled-00038-of-00084.parquet,datasets/CiF-tiled/data/train_tiled-00038-of-00084.parquet,1044,data/feasibility_v0/images/cif/cif_0002.jpg,data/feasibility_v0/annotations/cif/cif_0002.json
cif_0003,CiF-tiled,tiled-1024-public,datasets/CiF-tiled/data/train_tiled-00038-of-00084.parquet,DJI_20210824154430_0053_SUPR_1536_3072.JPG,AB18 - The sloping Part (South)/DJI_20210824154235_0010_SUPR/DJI_20210824154430_0053_SUPR.JPG,AB18 - The sloping Part (South)/DJI_20210824154235_0010_SUPR/DJI_20210824154430_0053_SUPR.JPG,train,UAV,mixed civil infrastructure,instance polygons and boxes,Crack|Crack with Precipitation,crack,positive,BDI-TAX-001@0.1.0-beta,CDLA-Permissive-2.0,,quota:Crack with Precipitation,,parquet_row,datasets/CiF-tiled/data/train_tiled-00038-of-00084.parquet,datasets/CiF-tiled/data/train_tiled-00038-of-00084.parquet,803,data/feasibility_v0/images/cif/cif_0003.jpg,data/feasibility_v0/annotations/cif/cif_0003.json
cif_0004,CiF-tiled,tiled-1024-public,datasets/CiF-tiled/data/train_tiled-00030-of-00084.parquet,DJI_20210824101649_0073_SUPR_3072_768.JPG,Ankerblock 18 Wall South (East to west)/DJI_20210824101408_0007_SUPR/DJI_20210824101649_0073_SUPR.JPG,Ankerblock 18 Wall South (East to west)/DJI_20210824101408_0007_SUPR/DJI_20210824101649_0073_SUPR.JPG,train,UAV,mixed civil infrastructure,instance polygons and boxes,Crack with Precipitation,crack,positive,BDI-TAX-001@0.1.0-beta,CDLA-Permissive-2.0,,quota:Crack with Precipitation,,parquet_row,datasets/CiF-tiled/data/train_tiled-00030-of-00084.parquet,datasets/CiF-tiled/data/train_tiled-00030-of-00084.parquet,597,data/feasibility_v0/images/cif/cif_0004.jpg,data/feasibility_v0/annotations/cif/cif_0004.json
cif_0005,CiF-tiled,tiled-1024-public,datasets/CiF-tiled/data/train_tiled-00008-of-00084.parquet,SB-AB18-AB_S-107_3840_1536.JPG,SB-AB18-AB_S-107.JPG,SB-AB18-AB_S-107.JPG,train,UAV,mixed civil infrastructure,instance polygons and boxes,Crack|Crack with Precipitation,crack,positive,BDI-TAX-001@0.1.0-beta,CDLA-Permissive-2.0,,quota:Crack with Precipitation,,parquet_row,datasets/CiF-tiled/data/train_tiled-00008-of-00084.parquet,datasets/CiF-tiled/data/train_tiled-00008-of-00084.parquet,921,data/feasibility_v0/images/cif/cif_0005.jpg,data/feasibility_v0/annotations/cif/cif_0005.json
cif_0006,CiF-tiled,tiled-1024-public,datasets/CiF-tiled/data/train_tiled-00023-of-00084.parquet,DJI_20210824131058_0084_SUPR_2304_2304.JPG,AB18 - The sloping Part (South)/DJI_20210824130756_0006_SUPR/DJI_20210824131058_0084_SUPR.JPG,AB18 - The sloping Part (South)/DJI_20210824130756_0006_SUPR/DJI_20210824131058_0084_SUPR.JPG,train,UAV,mixed civil infrastructure,instance polygons and boxes,Crack with Precipitation,crack,positive,BDI-TAX-001@0.1.0-beta,CDLA-Permissive-2.0,,quota:Crack with Precipitation,,parquet_row,datasets/CiF-tiled/data/train_tiled-00023-of-00084.parquet,datasets/CiF-tiled/data/train_tiled-00023-of-00084.parquet,9,data/feasibility_v0/images/cif/cif_0006.jpg,data/feasibility_v0/annotations/cif/cif_0006.json
cif_0007,CiF-tiled,tiled-1024-public,datasets/CiF-tiled/data/train_tiled-00053-of-00084.parquet,00012301_20060601_f0400002_20130320180000_0_768.jpg,Concrete/00012301_20060601_f0400002_20130320180000.jpg,Concrete/00012301_20060601_f0400002_20130320180000.jpg,train,UAV,mixed civil infrastructure,instance polygons and boxes,Crack with Precipitation,crack,positive,BDI-TAX-001@0.1.0-beta,CDLA-Permissive-2.0,,quota:Crack with Precipitation,,parquet_row,datasets/CiF-tiled/data/train_tiled-00053-of-00084.parquet,datasets/CiF-tiled/data/train_tiled-00053-of-00084.parquet,396,data/feasibility_v0/images/cif/cif_0007.jpg,data/feasibility_v0/annotations/cif/cif_0007.json
cif_0008,CiF-tiled,tiled-1024-public,datasets/CiF-tiled/data/train_tiled-00023-of-00084.parquet,DJI_20210824103605_0078_SUPR_768_0.JPG,Ankerblock 18 Wall South (East to west)/DJI_20210824103315_0010_SUPR/DJI_20210824103605_0078_SUPR.JPG,Ankerblock 18 Wall South (East to west)/DJI_20210824103315_0010_SUPR/DJI_20210824103605_0078_SUPR.JPG,train,UAV,mixed civil infrastructure,instance polygons and boxes,Crack with Precipitation,crack,positive,BDI-TAX-001@0.1.0-beta,CDLA-Permissive-2.0,,quota:Crack with Precipitation,,parquet_row,datasets/CiF-tiled/data/train_tiled-00023-of-00084.parquet,datasets/CiF-tiled/data/train_tiled-00023-of-00084.parquet,1138,data/feasibility_v0/images/cif/cif_0008.jpg,data/feasibility_v0/annotations/cif/cif_0008.json
cif_0009,CiF-tiled,tiled-1024-public,datasets/CiF-tiled/data/train_tiled-00023-of-00084.parquet,DJI_20210824112738_0000_W_768_2304.JPG,AB18 - The sloping Part (South)/DJI_20210824112738_0016_SUPR/DJI_20210824112738_0000_W.JPG,AB18 - The sloping Part (South)/DJI_20210824112738_0016_SUPR/DJI_20210824112738_0000_W.JPG,train,UAV,mixed civil infrastructure,instance polygons and boxes,Crack with Precipitation,crack,positive,BDI-TAX-001@0.1.0-beta,CDLA-Permissive-2.0,,quota:Crack with Precipitation,,parquet_row,datasets/CiF-tiled/data/train_tiled-00023-of-00084.parquet,datasets/CiF-tiled/data/train_tiled-00023-of-00084.parquet,198,data/feasibility_v0/images/cif/cif_0009.jpg,data/feasibility_v0/annotations/cif/cif_0009.json
cif_0010,CiF-tiled,tiled-1024-public,datasets/CiF-tiled/data/train_tiled-00008-of-00084.parquet,SB-AB18-AB_S-293_1536_768.JPG,SB-AB18-AB_S-293.JPG,SB-AB18-AB_S-293.JPG,train,UAV,mixed civil infrastructure,instance polygons and boxes,Crack|Crack with Precipitation,crack,positive,BDI-TAX-001@0.1.0-beta,CDLA-Permissive-2.0,,quota:Crack with Precipitation,,parquet_row,datasets/CiF-tiled/data/train_tiled-00008-of-00084.parquet,datasets/CiF-tiled/data/train_tiled-00008-of-00084.parquet,1231,data/feasibility_v0/images/cif/cif_0010.jpg,data/feasibility_v0/annotations/cif/cif_0010.json
cif_0011,CiF-tiled,tiled-1024-public,datasets/CiF-tiled/data/train_tiled-00060-of-00084.parquet,DJI_20210616133411_0023_SUPR_2304_2304.JPG,Pille 06/S/DJI_20210616133323_0005_SUPR/DJI_20210616133411_0023_SUPR.JPG,Pille 06/S/DJI_20210616133323_0005_SUPR/DJI_20210616133411_0023_SUPR.JPG,train,UAV,mixed civil infrastructure,instance polygons and boxes,Net-Crack|Spalling,crack|spalling,positive,BDI-TAX-001@0.1.0-beta,CDLA-Permissive-2.0,,quota:Net-Crack,,parquet_row,datasets/CiF-tiled/data/train_tiled-00060-of-00084.parquet,datasets/CiF-tiled/data/train_tiled-00060-of-00084.parquet,335,data/feasibility_v0/images/cif/cif_0011.jpg,data/feasibility_v0/annotations/cif/cif_0011.json
cif_0012,CiF-tiled,tiled-1024-public,datasets/CiF-tiled/data/train_tiled-00075-of-00084.parquet,IMG_8962_0_1536.jpg,004/dump3/IMG_8962.jpg,004/dump3/IMG_8962.jpg,train,UAV,mixed civil infrastructure,instance polygons and boxes,Net-Crack,crack,positive,BDI-TAX-001@0.1.0-beta,CDLA-Permissive-2.0,,quota:Net-Crack,,parquet_row,datasets/CiF-tiled/data/train_tiled-00075-of-00084.parquet,datasets/CiF-tiled/data/train_tiled-00075-of-00084.parquet,564,data/feasibility_v0/images/cif/cif_0012.jpg,data/feasibility_v0/annotations/cif/cif_0012.json
cif_0013,CiF-tiled,tiled-1024-public,datasets/CiF-tiled/data/train_tiled-00045-of-00084.parquet,DJI_20210607134539_0055_SUPR_0_768.JPG,Pille 12/S/DJI_20210607134342_0010_SUPR/DJI_20210607134539_0055_SUPR.JPG,Pille 12/S/DJI_20210607134342_0010_SUPR/DJI_20210607134539_0055_SUPR.JPG,train,UAV,mixed civil infrastructure,instance polygons and boxes,Crack|Net-Crack,crack,positive,BDI-TAX-001@0.1.0-beta,CDLA-Permissive-2.0,,quota:Net-Crack,,parquet_row,datasets/CiF-tiled/data/train_tiled-00045-of-00084.parquet,datasets/CiF-tiled/data/train_tiled-00045-of-00084.parquet,445,data/feasibility_v0/images/cif/cif_0013.jpg,data/feasibility_v0/annotations/cif/cif_0013.json
cif_0014,CiF-tiled,tiled-1024-public,datasets/CiF-tiled/data/train_tiled-00060-of-00084.parquet,DJI_20210616133440_0037_SUPR_1536_0.JPG,Pille 06/S/DJI_20210616133323_0005_SUPR/DJI_20210616133440_0037_SUPR.JPG,Pille 06/S/DJI_20210616133323_0005_SUPR/DJI_20210616133440_0037_SUPR.JPG,train,UAV,mixed civil infrastructure,instance polygons and boxes,Net-Crack,crack,positive,BDI-TAX-001@0.1.0-beta,CDLA-Permissive-2.0,,quota:Net-Crack,,parquet_row,datasets/CiF-tiled/data/train_tiled-00060-of-00084.parquet,datasets/CiF-tiled/data/train_tiled-00060-of-00084.parquet,201,data/feasibility_v0/images/cif/cif_0014.jpg,data/feasibility_v0/annotations/cif/cif_0014.json
cif_0015,CiF-tiled,tiled-1024-public,datasets/CiF-tiled/data/train_tiled-00060-of-00084.parquet,DJI_20210601101218_0022_SUPR_768_3072.JPG,Pille 26/N/DJI_20210601101131_0006_SUPR/DJI_20210601101218_0022_SUPR.JPG,Pille 26/N/DJI_20210601101131_0006_SUPR/DJI_20210601101218_0022_SUPR.JPG,train,UAV,mixed civil infrastructure,instance polygons and boxes,Net-Crack,crack,positive,BDI-TAX-001@0.1.0-beta,CDLA-Permissive-2.0,,quota:Net-Crack,,parquet_row,datasets/CiF-tiled/data/train_tiled-00060-of-00084.parquet,datasets/CiF-tiled/data/train_tiled-00060-of-00084.parquet,927,data/feasibility_v0/images/cif/cif_0015.jpg,data/feasibility_v0/annotations/cif/cif_0015.json
cif_0016,CiF-tiled,tiled-1024-public,datasets/CiF-tiled/data/train_tiled-00053-of-00084.parquet,DJI_20230418143842_0007_SUPR_4608_0.JPG,Pillar WEST/E/DJI_20230418143828_0006_SUPR/DJI_20230418143842_0007_SUPR.JPG,Pillar WEST/E/DJI_20230418143828_0006_SUPR/DJI_20230418143842_0007_SUPR.JPG,train,UAV,mixed civil infrastructure,instance polygons and boxes,Net-Crack,crack,positive,BDI-TAX-001@0.1.0-beta,CDLA-Permissive-2.0,,quota:Net-Crack,,parquet_row,datasets/CiF-tiled/data/train_tiled-00053-of-00084.parquet,datasets/CiF-tiled/data/train_tiled-00053-of-00084.parquet,639,data/feasibility_v0/images/cif/cif_0016.jpg,data/feasibility_v0/annotations/cif/cif_0016.json
cif_0017,CiF-tiled,tiled-1024-public,datasets/CiF-tiled/data/train_tiled-00060-of-00084.parquet,DJI_20210601101421_0028_SUPR_768_1536.JPG,Pille 26/N/DJI_20210601101321_0007_SUPR/DJI_20210601101421_0028_SUPR.JPG,Pille 26/N/DJI_20210601101321_0007_SUPR/DJI_20210601101421_0028_SUPR.JPG,train,UAV,mixed civil infrastructure,instance polygons and boxes,Crack|Net-Crack|Spalling,crack|spalling,positive,BDI-TAX-001@0.1.0-beta,CDLA-Permissive-2.0,,quota:Net-Crack,,parquet_row,datasets/CiF-tiled/data/train_tiled-00060-of-00084.parquet,datasets/CiF-tiled/data/train_tiled-00060-of-00084.parquet,424,data/feasibility_v0/images/cif/cif_0017.jpg,data/feasibility_v0/annotations/cif/cif_0017.json
cif_0018,CiF-tiled,tiled-1024-public,datasets/CiF-tiled/data/train_tiled-00000-of-00084.parquet,DJI_20221118134343_0026_SUPR_2304_768.JPG,DJI_202211181335_001_Pillar/DJI_20221118134250_0001_SUPR Pillar zoom 10/DJI_20221118134343_0026_SUPR.JPG,DJI_202211181335_001_Pillar/DJI_20221118134250_0001_SUPR Pillar zoom 10/DJI_20221118134343_0026_SUPR.JPG,train,UAV,mixed civil infrastructure,instance polygons and boxes,Crack|Net-Crack,crack,positive,BDI-TAX-001@0.1.0-beta,CDLA-Permissive-2.0,,quota:Net-Crack,,parquet_row,datasets/CiF-tiled/data/train_tiled-00000-of-00084.parquet,datasets/CiF-tiled/data/train_tiled-00000-of-00084.parquet,965,data/feasibility_v0/images/cif/cif_0018.jpg,data/feasibility_v0/annotations/cif/cif_0018.json
cif_0019,CiF-tiled,tiled-1024-public,datasets/CiF-tiled/data/train_tiled-00075-of-00084.parquet,IMG_8973_2304_768.jpg,004/dump3/IMG_8973.jpg,004/dump3/IMG_8973.jpg,train,UAV,mixed civil infrastructure,instance polygons and boxes,Crack|Net-Crack,crack,positive,BDI-TAX-001@0.1.0-beta,CDLA-Permissive-2.0,,quota:Net-Crack,,parquet_row,datasets/CiF-tiled/data/train_tiled-00075-of-00084.parquet,datasets/CiF-tiled/data/train_tiled-00075-of-00084.parquet,295,data/feasibility_v0/images/cif/cif_0019.jpg,data/feasibility_v0/annotations/cif/cif_0019.json
cif_0020,CiF-tiled,tiled-1024-public,datasets/CiF-tiled/data/train_tiled-00053-of-00084.parquet,DJI_20210601105830_0002_SUPR_3840_2304.JPG,Pille 25/N/DJI_20210601105826_0007_SUPR/DJI_20210601105830_0002_SUPR.JPG,Pille 25/N/DJI_20210601105826_0007_SUPR/DJI_20210601105830_0002_SUPR.JPG,train,UAV,mixed civil infrastructure,instance polygons and boxes,Net-Crack,crack,positive,BDI-TAX-001@0.1.0-beta,CDLA-Permissive-2.0,,quota:Net-Crack,,parquet_row,datasets/CiF-tiled/data/train_tiled-00053-of-00084.parquet,datasets/CiF-tiled/data/train_tiled-00053-of-00084.parquet,127,data/feasibility_v0/images/cif/cif_0020.jpg,data/feasibility_v0/annotations/cif/cif_0020.json
cif_0021,CiF-tiled,tiled-1024-public,datasets/CiF-tiled/data/train_tiled-00023-of-00084.parquet,DJI_20210824155056_0050_SUPR_3072_1536.JPG,AB18 - The sloping Part (South)/DJI_20210824154908_0011_SUPR/DJI_20210824155056_0050_SUPR.JPG,AB18 - The sloping Part (South)/DJI_20210824154908_0011_SUPR/DJI_20210824155056_0050_SUPR.JPG,train,UAV,mixed civil infrastructure,instance polygons and boxes,Crack|Net-Crack,crack,positive,BDI-TAX-001@0.1.0-beta,CDLA-Permissive-2.0,,quota:Net-Crack,,parquet_row,datasets/CiF-tiled/data/train_tiled-00023-of-00084.parquet,datasets/CiF-tiled/data/train_tiled-00023-of-00084.parquet,1036,data/feasibility_v0/images/cif/cif_0021.jpg,data/feasibility_v0/annotations/cif/cif_0021.json
cif_0022,CiF-tiled,tiled-1024-public,datasets/CiF-tiled/data/train_tiled-00068-of-00084.parquet,ORE2020A_20200819_132850_PW22_IMGZOOM_DJI_20200819132849_0099_ZOOM_1536_768.JPG,West_approach/PW22/ORE2020A_20200819_132850_PW22_IMGZOOM_DJI_20200819132849_0099_ZOOM.JPG,West_approach/PW22/ORE2020A_20200819_132850_PW22_IMGZOOM_DJI_20200819132849_0099_ZOOM.JPG,train,UAV,mixed civil infrastructure,instance polygons and boxes,Algae|Net-Crack,crack,positive,BDI-TAX-001@0.1.0-beta,CDLA-Permissive-2.0,,quota:Net-Crack,,parquet_row,datasets/CiF-tiled/data/train_tiled-00068-of-00084.parquet,datasets/CiF-tiled/data/train_tiled-00068-of-00084.parquet,176,data/feasibility_v0/images/cif/cif_0022.jpg,data/feasibility_v0/annotations/cif/cif_0022.json
cif_0023,CiF-tiled,tiled-1024-public,datasets/CiF-tiled/data/train_tiled-00023-of-00084.parquet,DJI_20210824093912_0056_SUPR_2304_1536.JPG,Ankerblock 18 Wall South (East to west)/DJI_20210824093713_0001_SUPR/DJI_20210824093912_0056_SUPR.JPG,Ankerblock 18 Wall South (East to west)/DJI_20210824093713_0001_SUPR/DJI_20210824093912_0056_SUPR.JPG,train,UAV,mixed civil infrastructure,instance polygons and boxes,Net-Crack,crack,positive,BDI-TAX-001@0.1.0-beta,CDLA-Permissive-2.0,,quota:Net-Crack,,parquet_row,datasets/CiF-tiled/data/train_tiled-00023-of-00084.parquet,datasets/CiF-tiled/data/train_tiled-00023-of-00084.parquet,518,data/feasibility_v0/images/cif/cif_0023.jpg,data/feasibility_v0/annotations/cif/cif_0023.json
cif_0024,CiF-tiled,tiled-1024-public,datasets/CiF-tiled/data/train_tiled-00060-of-00084.parquet,DJI_20210616133436_0035_SUPR_768_0.JPG,Pille 06/S/DJI_20210616133323_0005_SUPR/DJI_20210616133436_0035_SUPR.JPG,Pille 06/S/DJI_20210616133323_0005_SUPR/DJI_20210616133436_0035_SUPR.JPG,train,UAV,mixed civil infrastructure,instance polygons and boxes,Net-Crack,crack,positive,BDI-TAX-001@0.1.0-beta,CDLA-Permissive-2.0,,quota:Net-Crack,,parquet_row,datasets/CiF-tiled/data/train_tiled-00060-of-00084.parquet,datasets/CiF-tiled/data/train_tiled-00060-of-00084.parquet,41,data/feasibility_v0/images/cif/cif_0024.jpg,data/feasibility_v0/annotations/cif/cif_0024.json
cif_0025,CiF-tiled,tiled-1024-public,datasets/CiF-tiled/data/train_tiled-00045-of-00084.parquet,DJI_20210602103753_0010_SUPR_0_3072.JPG,Pille 24/S/DJI_20210602103732_0007_SUPR/DJI_20210602103753_0010_SUPR.JPG,Pille 24/S/DJI_20210602103732_0007_SUPR/DJI_20210602103753_0010_SUPR.JPG,train,UAV,mixed civil infrastructure,instance polygons and boxes,Net-Crack,crack,positive,BDI-TAX-001@0.1.0-beta,CDLA-Permissive-2.0,,quota:Net-Crack,,parquet_row,datasets/CiF-tiled/data/train_tiled-00045-of-00084.parquet,datasets/CiF-tiled/data/train_tiled-00045-of-00084.parquet,234,data/feasibility_v0/images/cif/cif_0025.jpg,data/feasibility_v0/annotations/cif/cif_0025.json
cif_0026,CiF-tiled,tiled-1024-public,datasets/CiF-tiled/data/train_tiled-00053-of-00084.parquet,DJI_20210601105211_0019_SUPR_768_768.JPG,Pille 25/N/DJI_20210601105131_0004_SUPR/DJI_20210601105211_0019_SUPR.JPG,Pille 25/N/DJI_20210601105131_0004_SUPR/DJI_20210601105211_0019_SUPR.JPG,train,UAV,mixed civil infrastructure,instance polygons and boxes,Rust,rust_staining,positive,BDI-TAX-001@0.1.0-beta,CDLA-Permissive-2.0,,quota:Rust,,parquet_row,datasets/CiF-tiled/data/train_tiled-00053-of-00084.parquet,datasets/CiF-tiled/data/train_tiled-00053-of-00084.parquet,261,data/feasibility_v0/images/cif/cif_0026.jpg,data/feasibility_v0/annotations/cif/cif_0026.json
cif_0027,CiF-tiled,tiled-1024-public,datasets/CiF-tiled/data/train_tiled-00083-of-00084.parquet,IMG_7551Resized_20170718102744_0_0.jpg,Steel/IMG_7551Resized_20170718102744.jpg,Steel/IMG_7551Resized_20170718102744.jpg,train,UAV,mixed civil infrastructure,instance polygons and boxes,Algae|Rust,rust_staining,positive,BDI-TAX-001@0.1.0-beta,CDLA-Permissive-2.0,,quota:Rust,,parquet_row,datasets/CiF-tiled/data/train_tiled-00083-of-00084.parquet,datasets/CiF-tiled/data/train_tiled-00083-of-00084.parquet,929,data/feasibility_v0/images/cif/cif_0027.jpg,data/feasibility_v0/annotations/cif/cif_0027.json
cif_0028,CiF-tiled,tiled-1024-public,datasets/CiF-tiled/data/train_tiled-00083-of-00084.parquet,IMG_2290Resized_20150731122756_0_0.jpg,Steel/IMG_2290Resized_20150731122756.jpg,Steel/IMG_2290Resized_20150731122756.jpg,train,UAV,mixed civil infrastructure,instance polygons and boxes,Rust,rust_staining,positive,BDI-TAX-001@0.1.0-beta,CDLA-Permissive-2.0,,quota:Rust,,parquet_row,datasets/CiF-tiled/data/train_tiled-00083-of-00084.parquet,datasets/CiF-tiled/data/train_tiled-00083-of-00084.parquet,693,data/feasibility_v0/images/cif/cif_0028.jpg,data/feasibility_v0/annotations/cif/cif_0028.json
cif_0029,CiF-tiled,tiled-1024-public,datasets/CiF-tiled/data/train_tiled-00083-of-00084.parquet,2014-11-26_IMG_5552Resized_20141209120039_0_0.jpg,Steel/2014-11-26_IMG_5552Resized_20141209120039.jpg,Steel/2014-11-26_IMG_5552Resized_20141209120039.jpg,train,UAV,mixed civil infrastructure,instance polygons and boxes,Rust,rust_staining,positive,BDI-TAX-001@0.1.0-beta,CDLA-Permissive-2.0,,quota:Rust,,parquet_row,datasets/CiF-tiled/data/train_tiled-00083-of-00084.parquet,datasets/CiF-tiled/data/train_tiled-00083-of-00084.parquet,712,data/feasibility_v0/images/cif/cif_0029.jpg,data/feasibility_v0/annotations/cif/cif_0029.json
cif_0030,CiF-tiled,tiled-1024-public,datasets/CiF-tiled/data/train_tiled-00045-of-00084.parquet,DJI_20210602102857_0007_SUPR_3840_1536.JPG,Pille 24/S/DJI_20210602102842_0004_SUPR/DJI_20210602102857_0007_SUPR.JPG,Pille 24/S/DJI_20210602102842_0004_SUPR/DJI_20210602102857_0007_SUPR.JPG,train,UAV,mixed civil infrastructure,instance polygons and boxes,Rust,rust_staining,positive,BDI-TAX-001@0.1.0-beta,CDLA-Permissive-2.0,,quota:Rust,,parquet_row,datasets/CiF-tiled/data/train_tiled-00045-of-00084.parquet,datasets/CiF-tiled/data/train_tiled-00045-of-00084.parquet,954,data/feasibility_v0/images/cif/cif_0030.jpg,data/feasibility_v0/annotations/cif/cif_0030.json
cif_0031,CiF-tiled,tiled-1024-public,datasets/CiF-tiled/data/train_tiled-00060-of-00084.parquet,DJI_20210601100813_0015_SUPR_768_0.JPG,Pille 26/N/DJI_20210601100740_0003_SUPR/DJI_20210601100813_0015_SUPR.JPG,Pille 26/N/DJI_20210601100740_0003_SUPR/DJI_20210601100813_0015_SUPR.JPG,train,UAV,mixed civil infrastructure,instance polygons and boxes,Rust,rust_staining,positive,BDI-TAX-001@0.1.0-beta,CDLA-Permissive-2.0,,quota:Rust,,parquet_row,datasets/CiF-tiled/data/train_tiled-00060-of-00084.parquet,datasets/CiF-tiled/data/train_tiled-00060-of-00084.parquet,779,data/feasibility_v0/images/cif/cif_0031.jpg,data/feasibility_v0/annotations/cif/cif_0031.json
cif_0032,CiF-tiled,tiled-1024-public,datasets/CiF-tiled/data/train_tiled-00008-of-00084.parquet,VF-BROPILLE_15-182_3072_1536.JPG,VF-BROPILLE_15-182.JPG,VF-BROPILLE_15-182.JPG,train,UAV,mixed civil infrastructure,instance polygons and boxes,Rust|Spalling,rust_staining|spalling,positive,BDI-TAX-001@0.1.0-beta,CDLA-Permissive-2.0,,quota:Rust,,parquet_row,datasets/CiF-tiled/data/train_tiled-00008-of-00084.parquet,datasets/CiF-tiled/data/train_tiled-00008-of-00084.parquet,323,data/feasibility_v0/images/cif/cif_0032.jpg,data/feasibility_v0/annotations/cif/cif_0032.json
cif_0033,CiF-tiled,tiled-1024-public,datasets/CiF-tiled/data/train_tiled-00000-of-00084.parquet,DJI_20221118110927_0004_SUPR_4608_1536.JPG,DJI_202211181054_014_Side of the bridge_ Zoom10/DJI_20221118110918_0007_SUPR/DJI_20221118110927_0004_SUPR.JPG,DJI_202211181054_014_Side of the bridge_ Zoom10/DJI_20221118110918_0007_SUPR/DJI_20221118110927_0004_SUPR.JPG,train,UAV,mixed civil infrastructure,instance polygons and boxes,Rust,rust_staining,positive,BDI-TAX-001@0.1.0-beta,CDLA-Permissive-2.0,,quota:Rust,,parquet_row,datasets/CiF-tiled/data/train_tiled-00000-of-00084.parquet,datasets/CiF-tiled/data/train_tiled-00000-of-00084.parquet,95,data/feasibility_v0/images/cif/cif_0033.jpg,data/feasibility_v0/annotations/cif/cif_0033.json
cif_0034,CiF-tiled,tiled-1024-public,datasets/CiF-tiled/data/train_tiled-00083-of-00084.parquet,00012256_20060703_f1000001_20130320180000_768_0.jpg,Steel/00012256_20060703_f1000001_20130320180000.jpg,Steel/00012256_20060703_f1000001_20130320180000.jpg,train,UAV,mixed civil infrastructure,instance polygons and boxes,Crack|Rust,crack|rust_staining,positive,BDI-TAX-001@0.1.0-beta,CDLA-Permissive-2.0,,quota:Rust,,parquet_row,datasets/CiF-tiled/data/train_tiled-00083-of-00084.parquet,datasets/CiF-tiled/data/train_tiled-00083-of-00084.parquet,1204,data/feasibility_v0/images/cif/cif_0034.jpg,data/feasibility_v0/annotations/cif/cif_0034.json
cif_0035,CiF-tiled,tiled-1024-public,datasets/CiF-tiled/data/train_tiled-00053-of-00084.parquet,00012289_20050202_f0500002_20130320180000_768_0.jpg,Concrete/00012289_20050202_f0500002_20130320180000.jpg,Concrete/00012289_20050202_f0500002_20130320180000.jpg,train,UAV,mixed civil infrastructure,instance polygons and boxes,Rust|Spalling,rust_staining|spalling,positive,BDI-TAX-001@0.1.0-beta,CDLA-Permissive-2.0,,quota:Rust,,parquet_row,datasets/CiF-tiled/data/train_tiled-00053-of-00084.parquet,datasets/CiF-tiled/data/train_tiled-00053-of-00084.parquet,551,data/feasibility_v0/images/cif/cif_0035.jpg,data/feasibility_v0/annotations/cif/cif_0035.json
cif_0036,CiF-tiled,tiled-1024-public,datasets/CiF-tiled/data/train_tiled-00083-of-00084.parquet,IMG_0177Resized_20170908082810_0_0.jpg,Steel/IMG_0177Resized_20170908082810.jpg,Steel/IMG_0177Resized_20170908082810.jpg,train,UAV,mixed civil infrastructure,instance polygons and boxes,Rust|Spalling,rust_staining|spalling,positive,BDI-TAX-001@0.1.0-beta,CDLA-Permissive-2.0,,quota:Rust,,parquet_row,datasets/CiF-tiled/data/train_tiled-00083-of-00084.parquet,datasets/CiF-tiled/data/train_tiled-00083-of-00084.parquet,615,data/feasibility_v0/images/cif/cif_0036.jpg,data/feasibility_v0/annotations/cif/cif_0036.json
cif_0037,CiF-tiled,tiled-1024-public,datasets/CiF-tiled/data/train_tiled-00083-of-00084.parquet,00012261_20060515_f1500001_20130320180000_0_768.jpg,Steel/00012261_20060515_f1500001_20130320180000.jpg,Steel/00012261_20060515_f1500001_20130320180000.jpg,train,UAV,mixed civil infrastructure,instance polygons and boxes,Rust|Spalling,rust_staining|spalling,positive,BDI-TAX-001@0.1.0-beta,CDLA-Permissive-2.0,,quota:Rust,,parquet_row,datasets/CiF-tiled/data/train_tiled-00083-of-00084.parquet,datasets/CiF-tiled/data/train_tiled-00083-of-00084.parquet,764,data/feasibility_v0/images/cif/cif_0037.jpg,data/feasibility_v0/annotations/cif/cif_0037.json
cif_0038,CiF-tiled,tiled-1024-public,datasets/CiF-tiled/data/train_tiled-00083-of-00084.parquet,00013601_20050208_f0700001_20130320180000_768_768.jpg,Steel/00013601_20050208_f0700001_20130320180000.jpg,Steel/00013601_20050208_f0700001_20130320180000.jpg,train,UAV,mixed civil infrastructure,instance polygons and boxes,Rust,rust_staining,positive,BDI-TAX-001@0.1.0-beta,CDLA-Permissive-2.0,,quota:Rust,,parquet_row,datasets/CiF-tiled/data/train_tiled-00083-of-00084.parquet,datasets/CiF-tiled/data/train_tiled-00083-of-00084.parquet,1107,data/feasibility_v0/images/cif/cif_0038.jpg,data/feasibility_v0/annotations/cif/cif_0038.json
cif_0039,CiF-tiled,tiled-1024-public,datasets/CiF-tiled/data/train_tiled-00053-of-00084.parquet,00012270_20060608_f0700002_20130320180000_1536_768.jpg,Concrete/00012270_20060608_f0700002_20130320180000.jpg,Concrete/00012270_20060608_f0700002_20130320180000.jpg,train,UAV,mixed civil infrastructure,instance polygons and boxes,Rust,rust_staining,positive,BDI-TAX-001@0.1.0-beta,CDLA-Permissive-2.0,,quota:Rust,,parquet_row,datasets/CiF-tiled/data/train_tiled-00053-of-00084.parquet,datasets/CiF-tiled/data/train_tiled-00053-of-00084.parquet,612,data/feasibility_v0/images/cif/cif_0039.jpg,data/feasibility_v0/annotations/cif/cif_0039.json
cif_0040,CiF-tiled,tiled-1024-public,datasets/CiF-tiled/data/train_tiled-00083-of-00084.parquet,DJI_20230419102129_0004_SUPR_2304_3072.JPG,North Face/Section CE/DJI_20230419102120_0006_SUPR/DJI_20230419102129_0004_SUPR.JPG,North Face/Section CE/DJI_20230419102120_0006_SUPR/DJI_20230419102129_0004_SUPR.JPG,train,UAV,mixed civil infrastructure,instance polygons and boxes,Rust|Spalling,rust_staining|spalling,positive,BDI-TAX-001@0.1.0-beta,CDLA-Permissive-2.0,,quota:Rust,,parquet_row,datasets/CiF-tiled/data/train_tiled-00083-of-00084.parquet,datasets/CiF-tiled/data/train_tiled-00083-of-00084.parquet,425,data/feasibility_v0/images/cif/cif_0040.jpg,data/feasibility_v0/annotations/cif/cif_0040.json
cif_0041,CiF-tiled,tiled-1024-public,datasets/CiF-tiled/data/train_tiled-00053-of-00084.parquet,DJI_20230419162422_0014_SUPR_768_768.JPG,Pillar EAST/E/DJI_20230419162352_0007_SUPR/DJI_20230419162422_0014_SUPR.JPG,Pillar EAST/E/DJI_20230419162352_0007_SUPR/DJI_20230419162422_0014_SUPR.JPG,train,UAV,mixed civil infrastructure,instance polygons and boxes,Rust,rust_staining,positive,BDI-TAX-001@0.1.0-beta,CDLA-Permissive-2.0,,quota:Rust,,parquet_row,datasets/CiF-tiled/data/train_tiled-00053-of-00084.parquet,datasets/CiF-tiled/data/train_tiled-00053-of-00084.parquet,1195,data/feasibility_v0/images/cif/cif_0041.jpg,data/feasibility_v0/annotations/cif/cif_0041.json
cif_0042,CiF-tiled,tiled-1024-public,datasets/CiF-tiled/data/train_tiled-00083-of-00084.parquet,DJI_20230419094315_0033_SUPR_2304_1536.JPG,North Face/Section W/DJI_20230419094208_0006_SUPR/DJI_20230419094315_0033_SUPR.JPG,North Face/Section W/DJI_20230419094208_0006_SUPR/DJI_20230419094315_0033_SUPR.JPG,train,UAV,mixed civil infrastructure,instance polygons and boxes,Rust|Spalling,rust_staining|spalling,positive,BDI-TAX-001@0.1.0-beta,CDLA-Permissive-2.0,,quota:Rust,,parquet_row,datasets/CiF-tiled/data/train_tiled-00083-of-00084.parquet,datasets/CiF-tiled/data/train_tiled-00083-of-00084.parquet,238,data/feasibility_v0/images/cif/cif_0042.jpg,data/feasibility_v0/annotations/cif/cif_0042.json
cif_0043,CiF-tiled,tiled-1024-public,datasets/CiF-tiled/data/train_tiled-00083-of-00084.parquet,IMG_4237Resized_20160704153006_0_0.jpg,Steel/IMG_4237Resized_20160704153006.jpg,Steel/IMG_4237Resized_20160704153006.jpg,train,UAV,mixed civil infrastructure,instance polygons and boxes,Rust,rust_staining,positive,BDI-TAX-001@0.1.0-beta,CDLA-Permissive-2.0,,quota:Rust,,parquet_row,datasets/CiF-tiled/data/train_tiled-00083-of-00084.parquet,datasets/CiF-tiled/data/train_tiled-00083-of-00084.parquet,1123,data/feasibility_v0/images/cif/cif_0043.jpg,data/feasibility_v0/annotations/cif/cif_0043.json
cif_0044,CiF-tiled,tiled-1024-public,datasets/CiF-tiled/data/train_tiled-00060-of-00084.parquet,DJI_20210601100830_0023_SUPR_3840_768.JPG,Pille 26/N/DJI_20210601100740_0003_SUPR/DJI_20210601100830_0023_SUPR.JPG,Pille 26/N/DJI_20210601100740_0003_SUPR/DJI_20210601100830_0023_SUPR.JPG,train,UAV,mixed civil infrastructure,instance polygons and boxes,Rust,rust_staining,positive,BDI-TAX-001@0.1.0-beta,CDLA-Permissive-2.0,,quota:Rust,,parquet_row,datasets/CiF-tiled/data/train_tiled-00060-of-00084.parquet,datasets/CiF-tiled/data/train_tiled-00060-of-00084.parquet,802,data/feasibility_v0/images/cif/cif_0044.jpg,data/feasibility_v0/annotations/cif/cif_0044.json
cif_0045,CiF-tiled,tiled-1024-public,datasets/CiF-tiled/data/train_tiled-00083-of-00084.parquet,P1030922Resized_20130412095238_0_0.jpg,Steel/P1030922Resized_20130412095238.jpg,Steel/P1030922Resized_20130412095238.jpg,train,UAV,mixed civil infrastructure,instance polygons and boxes,Rust,rust_staining,positive,BDI-TAX-001@0.1.0-beta,CDLA-Permissive-2.0,,quota:Rust,,parquet_row,datasets/CiF-tiled/data/train_tiled-00083-of-00084.parquet,datasets/CiF-tiled/data/train_tiled-00083-of-00084.parquet,571,data/feasibility_v0/images/cif/cif_0045.jpg,data/feasibility_v0/annotations/cif/cif_0045.json
cif_0046,CiF-tiled,tiled-1024-public,datasets/CiF-tiled/data/train_tiled-00060-of-00084.parquet,DJI_20210601101328_0003_SUPR_3840_768.JPG,Pille 26/N/DJI_20210601101321_0007_SUPR/DJI_20210601101328_0003_SUPR.JPG,Pille 26/N/DJI_20210601101321_0007_SUPR/DJI_20210601101328_0003_SUPR.JPG,train,UAV,mixed civil infrastructure,instance polygons and boxes,Spalling,spalling,positive,BDI-TAX-001@0.1.0-beta,CDLA-Permissive-2.0,,quota:Spalling,,parquet_row,datasets/CiF-tiled/data/train_tiled-00060-of-00084.parquet,datasets/CiF-tiled/data/train_tiled-00060-of-00084.parquet,371,data/feasibility_v0/images/cif/cif_0046.jpg,data/feasibility_v0/annotations/cif/cif_0046.json
cif_0047,CiF-tiled,tiled-1024-public,datasets/CiF-tiled/data/train_tiled-00068-of-00084.parquet,ORE2020A_20200807_005536_PW08_IMGZOOM_DJI_20200807005535_0322_ZOOM_3072_0.JPG,West_approach/PW08/ORE2020A_20200807_005536_PW08_IMGZOOM_DJI_20200807005535_0322_ZOOM.JPG,West_approach/PW08/ORE2020A_20200807_005536_PW08_IMGZOOM_DJI_20200807005535_0322_ZOOM.JPG,train,UAV,mixed civil infrastructure,instance polygons and boxes,Spalling,spalling,positive,BDI-TAX-001@0.1.0-beta,CDLA-Permissive-2.0,,quota:Spalling,,parquet_row,datasets/CiF-tiled/data/train_tiled-00068-of-00084.parquet,datasets/CiF-tiled/data/train_tiled-00068-of-00084.parquet,1203,data/feasibility_v0/images/cif/cif_0047.jpg,data/feasibility_v0/annotations/cif/cif_0047.json
cif_0048,CiF-tiled,tiled-1024-public,datasets/CiF-tiled/data/train_tiled-00000-of-00084.parquet,DJI_20221118111556_0046_SUPR_2304_1536.JPG,DJI_202211181054_014_Side of the bridge_ Zoom10/DJI_20221118111422_0009_SUPR/DJI_20221118111556_0046_SUPR.JPG,DJI_202211181054_014_Side of the bridge_ Zoom10/DJI_20221118111422_0009_SUPR/DJI_20221118111556_0046_SUPR.JPG,train,UAV,mixed civil infrastructure,instance polygons and boxes,Spalling,spalling,positive,BDI-TAX-001@0.1.0-beta,CDLA-Permissive-2.0,,quota:Spalling,,parquet_row,datasets/CiF-tiled/data/train_tiled-00000-of-00084.parquet,datasets/CiF-tiled/data/train_tiled-00000-of-00084.parquet,849,data/feasibility_v0/images/cif/cif_0048.jpg,data/feasibility_v0/annotations/cif/cif_0048.json
cif_0049,CiF-tiled,tiled-1024-public,datasets/CiF-tiled/data/train_tiled-00038-of-00084.parquet,DJI_20210824094437_0038_SUPR_2304_3072.JPG,Ankerblock 18 Wall South (East to west)/DJI_20210824094315_0002_SUPR/DJI_20210824094437_0038_SUPR.JPG,Ankerblock 18 Wall South (East to west)/DJI_20210824094315_0002_SUPR/DJI_20210824094437_0038_SUPR.JPG,train,UAV,mixed civil infrastructure,instance polygons and boxes,Spalling,spalling,positive,BDI-TAX-001@0.1.0-beta,CDLA-Permissive-2.0,,quota:Spalling,,parquet_row,datasets/CiF-tiled/data/train_tiled-00038-of-00084.parquet,datasets/CiF-tiled/data/train_tiled-00038-of-00084.parquet,741,data/feasibility_v0/images/cif/cif_0049.jpg,data/feasibility_v0/annotations/cif/cif_0049.json
cif_0050,CiF-tiled,tiled-1024-public,datasets/CiF-tiled/data/train_tiled-00083-of-00084.parquet,DJI_20230419100147_0012_SUPR_3072_1536.JPG,North Face/Section CW/DJI_20230419100122_0015_SUPR/DJI_20230419100147_0012_SUPR.JPG,North Face/Section CW/DJI_20230419100122_0015_SUPR/DJI_20230419100147_0012_SUPR.JPG,train,UAV,mixed civil infrastructure,instance polygons and boxes,Spalling,spalling,positive,BDI-TAX-001@0.1.0-beta,CDLA-Permissive-2.0,,quota:Spalling,,parquet_row,datasets/CiF-tiled/data/train_tiled-00083-of-00084.parquet,datasets/CiF-tiled/data/train_tiled-00083-of-00084.parquet,357,data/feasibility_v0/images/cif/cif_0050.jpg,data/feasibility_v0/annotations/cif/cif_0050.json
cif_0051,CiF-tiled,tiled-1024-public,datasets/CiF-tiled/data/train_tiled-00000-of-00084.parquet,DJI_20221118110255_0023_SUPR_3072_2304.JPG,DJI_202211181054_014_Side of the bridge_ Zoom10/DJI_20221118110207_0003_SUPR/DJI_20221118110255_0023_SUPR.JPG,DJI_202211181054_014_Side of the bridge_ Zoom10/DJI_20221118110207_0003_SUPR/DJI_20221118110255_0023_SUPR.JPG,train,UAV,mixed civil infrastructure,instance polygons and boxes,Spalling,spalling,positive,BDI-TAX-001@0.1.0-beta,CDLA-Permissive-2.0,,quota:Spalling,,parquet_row,datasets/CiF-tiled/data/train_tiled-00000-of-00084.parquet,datasets/CiF-tiled/data/train_tiled-00000-of-00084.parquet,207,data/feasibility_v0/images/cif/cif_0051.jpg,data/feasibility_v0/annotations/cif/cif_0051.json
cif_0052,CiF-tiled,tiled-1024-public,datasets/CiF-tiled/data/train_tiled-00083-of-00084.parquet,DJI_20230419094134_0027_SUPR_4608_3072.JPG,North Face/Section W/DJI_20230419094039_0005_SUPR/DJI_20230419094134_0027_SUPR.JPG,North Face/Section W/DJI_20230419094039_0005_SUPR/DJI_20230419094134_0027_SUPR.JPG,train,UAV,mixed civil infrastructure,instance polygons and boxes,Spalling,spalling,positive,BDI-TAX-001@0.1.0-beta,CDLA-Permissive-2.0,,quota:Spalling,,parquet_row,datasets/CiF-tiled/data/train_tiled-00083-of-00084.parquet,datasets/CiF-tiled/data/train_tiled-00083-of-00084.parquet,262,data/feasibility_v0/images/cif/cif_0052.jpg,data/feasibility_v0/annotations/cif/cif_0052.json
cif_0053,CiF-tiled,tiled-1024-public,datasets/CiF-tiled/data/train_tiled-00075-of-00084.parquet,IMG_1039_2304_1536.jpg,002/dump1/IMG_1039.jpg,002/dump1/IMG_1039.jpg,train,UAV,mixed civil infrastructure,instance polygons and boxes,Spalling,spalling,positive,BDI-TAX-001@0.1.0-beta,CDLA-Permissive-2.0,,quota:Spalling,,parquet_row,datasets/CiF-tiled/data/train_tiled-00075-of-00084.parquet,datasets/CiF-tiled/data/train_tiled-00075-of-00084.parquet,758,data/feasibility_v0/images/cif/cif_0053.jpg,data/feasibility_v0/annotations/cif/cif_0053.json
cif_0054,CiF-tiled,tiled-1024-public,datasets/CiF-tiled/data/train_tiled-00068-of-00084.parquet,ORE2020A_20200819_140152_PW22_IMGZOOM_DJI_20200819140151_0455_ZOOM_3840_1536.JPG,West_approach/PW22/ORE2020A_20200819_140152_PW22_IMGZOOM_DJI_20200819140151_0455_ZOOM.JPG,West_approach/PW22/ORE2020A_20200819_140152_PW22_IMGZOOM_DJI_20200819140151_0455_ZOOM.JPG,train,UAV,mixed civil infrastructure,instance polygons and boxes,Spalling,spalling,positive,BDI-TAX-001@0.1.0-beta,CDLA-Permissive-2.0,,quota:Spalling,,parquet_row,datasets/CiF-tiled/data/train_tiled-00068-of-00084.parquet,datasets/CiF-tiled/data/train_tiled-00068-of-00084.parquet,139,data/feasibility_v0/images/cif/cif_0054.jpg,data/feasibility_v0/annotations/cif/cif_0054.json
cif_0055,CiF-tiled,tiled-1024-public,datasets/CiF-tiled/data/train_tiled-00075-of-00084.parquet,IMG_8953_1536_768.jpg,004/dump3/IMG_8953.jpg,004/dump3/IMG_8953.jpg,train,UAV,mixed civil infrastructure,instance polygons and boxes,Crack|Spalling,crack|spalling,positive,BDI-TAX-001@0.1.0-beta,CDLA-Permissive-2.0,,quota:Spalling,,parquet_row,datasets/CiF-tiled/data/train_tiled-00075-of-00084.parquet,datasets/CiF-tiled/data/train_tiled-00075-of-00084.parquet,867,data/feasibility_v0/images/cif/cif_0055.jpg,data/feasibility_v0/annotations/cif/cif_0055.json
cif_0056,CiF-tiled,tiled-1024-public,datasets/CiF-tiled/data/train_tiled-00060-of-00084.parquet,DJI_20210601101231_0028_SUPR_0_1536.JPG,Pille 26/N/DJI_20210601101131_0006_SUPR/DJI_20210601101231_0028_SUPR.JPG,Pille 26/N/DJI_20210601101131_0006_SUPR/DJI_20210601101231_0028_SUPR.JPG,train,UAV,mixed civil infrastructure,instance polygons and boxes,Spalling,spalling,positive,BDI-TAX-001@0.1.0-beta,CDLA-Permissive-2.0,,quota:Spalling,,parquet_row,datasets/CiF-tiled/data/train_tiled-00060-of-00084.parquet,datasets/CiF-tiled/data/train_tiled-00060-of-00084.parquet,973,data/feasibility_v0/images/cif/cif_0056.jpg,data/feasibility_v0/annotations/cif/cif_0056.json
cif_0057,CiF-tiled,tiled-1024-public,datasets/CiF-tiled/data/train_tiled-00083-of-00084.parquet,DJI_20230419093531_0014_SUPR_3840_0.JPG,North Face/Section W/DJI_20230419093501_0001_SUPR/DJI_20230419093531_0014_SUPR.JPG,North Face/Section W/DJI_20230419093501_0001_SUPR/DJI_20230419093531_0014_SUPR.JPG,train,UAV,mixed civil infrastructure,instance polygons and boxes,Crack|Spalling,crack|spalling,positive,BDI-TAX-001@0.1.0-beta,CDLA-Permissive-2.0,,quota:Spalling,,parquet_row,datasets/CiF-tiled/data/train_tiled-00083-of-00084.parquet,datasets/CiF-tiled/data/train_tiled-00083-of-00084.parquet,44,data/feasibility_v0/images/cif/cif_0057.jpg,data/feasibility_v0/annotations/cif/cif_0057.json
cif_0058,CiF-tiled,tiled-1024-public,datasets/CiF-tiled/data/train_tiled-00060-of-00084.parquet,DJI_20210601101153_0010_SUPR_4608_768.JPG,Pille 26/N/DJI_20210601101131_0006_SUPR/DJI_20210601101153_0010_SUPR.JPG,Pille 26/N/DJI_20210601101131_0006_SUPR/DJI_20210601101153_0010_SUPR.JPG,train,UAV,mixed civil infrastructure,instance polygons and boxes,Spalling,spalling,positive,BDI-TAX-001@0.1.0-beta,CDLA-Permissive-2.0,,quota:Spalling,,parquet_row,datasets/CiF-tiled/data/train_tiled-00060-of-00084.parquet,datasets/CiF-tiled/data/train_tiled-00060-of-00084.parquet,967,data/feasibility_v0/images/cif/cif_0058.jpg,data/feasibility_v0/annotations/cif/cif_0058.json
cif_0059,CiF-tiled,tiled-1024-public,datasets/CiF-tiled/data/train_tiled-00053-of-00084.parquet,DJI_20210601105257_0041_SUPR_3072_1536.JPG,Pille 25/N/DJI_20210601105131_0004_SUPR/DJI_20210601105257_0041_SUPR.JPG,Pille 25/N/DJI_20210601105131_0004_SUPR/DJI_20210601105257_0041_SUPR.JPG,train,UAV,mixed civil infrastructure,instance polygons and boxes,Algae|Spalling,spalling,positive,BDI-TAX-001@0.1.0-beta,CDLA-Permissive-2.0,,quota:Spalling,,parquet_row,datasets/CiF-tiled/data/train_tiled-00053-of-00084.parquet,datasets/CiF-tiled/data/train_tiled-00053-of-00084.parquet,183,data/feasibility_v0/images/cif/cif_0059.jpg,data/feasibility_v0/annotations/cif/cif_0059.json
cif_0060,CiF-tiled,tiled-1024-public,datasets/CiF-tiled/data/train_tiled-00000-of-00084.parquet,DJI_20221118111600_0048_SUPR_768_1536.JPG,DJI_202211181054_014_Side of the bridge_ Zoom10/DJI_20221118111422_0009_SUPR/DJI_20221118111600_0048_SUPR.JPG,DJI_202211181054_014_Side of the bridge_ Zoom10/DJI_20221118111422_0009_SUPR/DJI_20221118111600_0048_SUPR.JPG,train,UAV,mixed civil infrastructure,instance polygons and boxes,Spalling,spalling,positive,BDI-TAX-001@0.1.0-beta,CDLA-Permissive-2.0,,quota:Spalling,,parquet_row,datasets/CiF-tiled/data/train_tiled-00000-of-00084.parquet,datasets/CiF-tiled/data/train_tiled-00000-of-00084.parquet,759,data/feasibility_v0/images/cif/cif_0060.jpg,data/feasibility_v0/annotations/cif/cif_0060.json
cif_0061,CiF-tiled,tiled-1024-public,datasets/CiF-tiled/data/train_tiled-00008-of-00084.parquet,LB-FAG_14_U-414_3072_1536.jpg,LB-FAG_14_U-414.jpg,LB-FAG_14_U-414.jpg,train,UAV,mixed civil infrastructure,instance polygons and boxes,Crack|Spalling,crack|spalling,positive,BDI-TAX-001@0.1.0-beta,CDLA-Permissive-2.0,,quota:Spalling,,parquet_row,datasets/CiF-tiled/data/train_tiled-00008-of-00084.parquet,datasets/CiF-tiled/data/train_tiled-00008-of-00084.parquet,500,data/feasibility_v0/images/cif/cif_0061.jpg,data/feasibility_v0/annotations/cif/cif_0061.json
cif_0062,CiF-tiled,tiled-1024-public,datasets/CiF-tiled/data/train_tiled-00000-of-00084.parquet,DJI_20221118111916_0017_SUPR_3072_768.JPG,DJI_202211181054_014_Side of the bridge_ Zoom10/DJI_20221118111840_0011_SUPR/DJI_20221118111916_0017_SUPR.JPG,DJI_202211181054_014_Side of the bridge_ Zoom10/DJI_20221118111840_0011_SUPR/DJI_20221118111916_0017_SUPR.JPG,train,UAV,mixed civil infrastructure,instance polygons and boxes,Spalling,spalling,positive,BDI-TAX-001@0.1.0-beta,CDLA-Permissive-2.0,,quota:Spalling,,parquet_row,datasets/CiF-tiled/data/train_tiled-00000-of-00084.parquet,datasets/CiF-tiled/data/train_tiled-00000-of-00084.parquet,314,data/feasibility_v0/images/cif/cif_0062.jpg,data/feasibility_v0/annotations/cif/cif_0062.json
cif_0063,CiF-tiled,tiled-1024-public,datasets/CiF-tiled/data/train_tiled-00068-of-00084.parquet,ORE2020A_20200807_182536_PW06_IMGZOOM_DJI_20200807182535_0606_ZOOM_3840_2304.JPG,West_approach/PW06/ORE2020A_20200807_182536_PW06_IMGZOOM_DJI_20200807182535_0606_ZOOM.JPG,West_approach/PW06/ORE2020A_20200807_182536_PW06_IMGZOOM_DJI_20200807182535_0606_ZOOM.JPG,train,UAV,mixed civil infrastructure,instance polygons and boxes,Crack|Spalling,crack|spalling,positive,BDI-TAX-001@0.1.0-beta,CDLA-Permissive-2.0,,quota:Spalling,,parquet_row,datasets/CiF-tiled/data/train_tiled-00068-of-00084.parquet,datasets/CiF-tiled/data/train_tiled-00068-of-00084.parquet,613,data/feasibility_v0/images/cif/cif_0063.jpg,data/feasibility_v0/annotations/cif/cif_0063.json
cif_0064,CiF-tiled,tiled-1024-public,datasets/CiF-tiled/data/train_tiled-00008-of-00084.parquet,VF-BROPILLE_14_15-50_4608_1536.JPG,VF-BROPILLE_14_15-50.JPG,VF-BROPILLE_14_15-50.JPG,train,UAV,mixed civil infrastructure,instance polygons and boxes,Spalling,spalling,positive,BDI-TAX-001@0.1.0-beta,CDLA-Permissive-2.0,,quota:Spalling,,parquet_row,datasets/CiF-tiled/data/train_tiled-00008-of-00084.parquet,datasets/CiF-tiled/data/train_tiled-00008-of-00084.parquet,251,data/feasibility_v0/images/cif/cif_0064.jpg,data/feasibility_v0/annotations/cif/cif_0064.json
cif_0065,CiF-tiled,tiled-1024-public,datasets/CiF-tiled/data/train_tiled-00053-of-00084.parquet,00012299_20060704_f0200001_20130320180000_1536_768.jpg,Concrete/00012299_20060704_f0200001_20130320180000.jpg,Concrete/00012299_20060704_f0200001_20130320180000.jpg,train,UAV,mixed civil infrastructure,instance polygons and boxes,Spalling,spalling,positive,BDI-TAX-001@0.1.0-beta,CDLA-Permissive-2.0,,quota:Spalling,,parquet_row,datasets/CiF-tiled/data/train_tiled-00053-of-00084.parquet,datasets/CiF-tiled/data/train_tiled-00053-of-00084.parquet,572,data/feasibility_v0/images/cif/cif_0065.jpg,data/feasibility_v0/annotations/cif/cif_0065.json
cif_0066,CiF-tiled,tiled-1024-public,datasets/CiF-tiled/data/train_tiled-00015-of-00084.parquet,DJI_20210824100232_0090_SUPR_3072_768.JPG,Ankerblock 18 Wall South (East to west)/DJI_20210824095915_0005_SUPR/DJI_20210824100232_0090_SUPR.JPG,Ankerblock 18 Wall South (East to west)/DJI_20210824095915_0005_SUPR/DJI_20210824100232_0090_SUPR.JPG,train,UAV,mixed civil infrastructure,instance polygons and boxes,Crack,crack,positive,BDI-TAX-001@0.1.0-beta,CDLA-Permissive-2.0,,quota:Crack,,parquet_row,datasets/CiF-tiled/data/train_tiled-00015-of-00084.parquet,datasets/CiF-tiled/data/train_tiled-00015-of-00084.parquet,44,data/feasibility_v0/images/cif/cif_0066.jpg,data/feasibility_v0/annotations/cif/cif_0066.json
cif_0067,CiF-tiled,tiled-1024-public,datasets/CiF-tiled/data/train_tiled-00038-of-00084.parquet,DJI_20210824102422_0141_SUPR_3072_1536.JPG,Ankerblock 18 Wall South (East to west)/DJI_20210824101915_0008_SUPR/DJI_20210824102422_0141_SUPR.JPG,Ankerblock 18 Wall South (East to west)/DJI_20210824101915_0008_SUPR/DJI_20210824102422_0141_SUPR.JPG,train,UAV,mixed civil infrastructure,instance polygons and boxes,Crack,crack,positive,BDI-TAX-001@0.1.0-beta,CDLA-Permissive-2.0,,quota:Crack,,parquet_row,datasets/CiF-tiled/data/train_tiled-00038-of-00084.parquet,datasets/CiF-tiled/data/train_tiled-00038-of-00084.parquet,1181,data/feasibility_v0/images/cif/cif_0067.jpg,data/feasibility_v0/annotations/cif/cif_0067.json
cif_0068,CiF-tiled,tiled-1024-public,datasets/CiF-tiled/data/train_tiled-00008-of-00084.parquet,E17W_120607_0498_2304_3072.jpg,E17W_120607_0498.jpg,E17W_120607_0498.jpg,train,UAV,mixed civil infrastructure,instance polygons and boxes,Crack,crack,positive,BDI-TAX-001@0.1.0-beta,CDLA-Permissive-2.0,,quota:Crack,,parquet_row,datasets/CiF-tiled/data/train_tiled-00008-of-00084.parquet,datasets/CiF-tiled/data/train_tiled-00008-of-00084.parquet,742,data/feasibility_v0/images/cif/cif_0068.jpg,data/feasibility_v0/annotations/cif/cif_0068.json
cif_0069,CiF-tiled,tiled-1024-public,datasets/CiF-tiled/data/train_tiled-00068-of-00084.parquet,ORE2020A_20200807_214454_PW07_IMGZOOM_DJI_20200807214455_0587_ZOOM_3840_768.JPG,West_approach/PW07/ORE2020A_20200807_214454_PW07_IMGZOOM_DJI_20200807214455_0587_ZOOM.JPG,West_approach/PW07/ORE2020A_20200807_214454_PW07_IMGZOOM_DJI_20200807214455_0587_ZOOM.JPG,train,UAV,mixed civil infrastructure,instance polygons and boxes,Crack,crack,positive,BDI-TAX-001@0.1.0-beta,CDLA-Permissive-2.0,,quota:Crack,,parquet_row,datasets/CiF-tiled/data/train_tiled-00068-of-00084.parquet,datasets/CiF-tiled/data/train_tiled-00068-of-00084.parquet,896,data/feasibility_v0/images/cif/cif_0069.jpg,data/feasibility_v0/annotations/cif/cif_0069.json
cif_0070,CiF-tiled,tiled-1024-public,datasets/CiF-tiled/data/train_tiled-00068-of-00084.parquet,ORE2020A_20200819_141522_PW22_IMGZOOM_DJI_20200819141522_0647_ZOOM_2304_0.JPG,West_approach/PW22/ORE2020A_20200819_141522_PW22_IMGZOOM_DJI_20200819141522_0647_ZOOM.JPG,West_approach/PW22/ORE2020A_20200819_141522_PW22_IMGZOOM_DJI_20200819141522_0647_ZOOM.JPG,train,UAV,mixed civil infrastructure,instance polygons and boxes,Crack,crack,positive,BDI-TAX-001@0.1.0-beta,CDLA-Permissive-2.0,,quota:Crack,,parquet_row,datasets/CiF-tiled/data/train_tiled-00068-of-00084.parquet,datasets/CiF-tiled/data/train_tiled-00068-of-00084.parquet,88,data/feasibility_v0/images/cif/cif_0070.jpg,data/feasibility_v0/annotations/cif/cif_0070.json
cif_0071,CiF-tiled,tiled-1024-public,datasets/CiF-tiled/data/train_tiled-00023-of-00084.parquet,DJI_20210901100641_0072_SUPR_768_2304.JPG,Ankerblock 18 Wall North (East to west)/DJI_20210901100409_0004_SUPR/DJI_20210901100641_0072_SUPR.JPG,Ankerblock 18 Wall North (East to west)/DJI_20210901100409_0004_SUPR/DJI_20210901100641_0072_SUPR.JPG,train,UAV,mixed civil infrastructure,instance polygons and boxes,Crack,crack,positive,BDI-TAX-001@0.1.0-beta,CDLA-Permissive-2.0,,quota:Crack,,parquet_row,datasets/CiF-tiled/data/train_tiled-00023-of-00084.parquet,datasets/CiF-tiled/data/train_tiled-00023-of-00084.parquet,876,data/feasibility_v0/images/cif/cif_0071.jpg,data/feasibility_v0/annotations/cif/cif_0071.json
cif_0072,CiF-tiled,tiled-1024-public,datasets/CiF-tiled/data/train_tiled-00038-of-00084.parquet,DJI_20210824112851_0033_SUPR_2304_3072.JPG,AB18 - The sloping Part (South)/DJI_20210824112738_0016_SUPR/DJI_20210824112851_0033_SUPR.JPG,AB18 - The sloping Part (South)/DJI_20210824112738_0016_SUPR/DJI_20210824112851_0033_SUPR.JPG,train,UAV,mixed civil infrastructure,instance polygons and boxes,Crack,crack,positive,BDI-TAX-001@0.1.0-beta,CDLA-Permissive-2.0,,quota:Crack,,parquet_row,datasets/CiF-tiled/data/train_tiled-00038-of-00084.parquet,datasets/CiF-tiled/data/train_tiled-00038-of-00084.parquet,48,data/feasibility_v0/images/cif/cif_0072.jpg,data/feasibility_v0/annotations/cif/cif_0072.json
cif_0073,CiF-tiled,tiled-1024-public,datasets/CiF-tiled/data/train_tiled-00023-of-00084.parquet,DJI_20210824115627_0088_SUPR_0_1536.JPG,AB18 - The sloping Part (South)/DJI_20210824115317_0019_SUPR/DJI_20210824115627_0088_SUPR.JPG,AB18 - The sloping Part (South)/DJI_20210824115317_0019_SUPR/DJI_20210824115627_0088_SUPR.JPG,train,UAV,mixed civil infrastructure,instance polygons and boxes,Crack,crack,positive,BDI-TAX-001@0.1.0-beta,CDLA-Permissive-2.0,,quota:Crack,,parquet_row,datasets/CiF-tiled/data/train_tiled-00023-of-00084.parquet,datasets/CiF-tiled/data/train_tiled-00023-of-00084.parquet,784,data/feasibility_v0/images/cif/cif_0073.jpg,data/feasibility_v0/annotations/cif/cif_0073.json
cif_0074,CiF-tiled,tiled-1024-public,datasets/CiF-tiled/data/train_tiled-00068-of-00084.parquet,ORE2020A_20200807_221254_PW07_IMGZOOM_DJI_20200807221255_0035_ZOOM_3072_3072.JPG,West_approach/PW07/ORE2020A_20200807_221254_PW07_IMGZOOM_DJI_20200807221255_0035_ZOOM.JPG,West_approach/PW07/ORE2020A_20200807_221254_PW07_IMGZOOM_DJI_20200807221255_0035_ZOOM.JPG,train,UAV,mixed civil infrastructure,instance polygons and boxes,Crack,crack,positive,BDI-TAX-001@0.1.0-beta,CDLA-Permissive-2.0,,quota:Crack,,parquet_row,datasets/CiF-tiled/data/train_tiled-00068-of-00084.parquet,datasets/CiF-tiled/data/train_tiled-00068-of-00084.parquet,1060,data/feasibility_v0/images/cif/cif_0074.jpg,data/feasibility_v0/annotations/cif/cif_0074.json
cif_0075,CiF-tiled,tiled-1024-public,datasets/CiF-tiled/data/train_tiled-00000-of-00084.parquet,DJI_20221118135145_0028_SUPR_2304_3072.JPG,DJI_202211181335_001_Pillar/DJI_20221118135047_0005_SUPR Pillar zoom 10/DJI_20221118135145_0028_SUPR.JPG,DJI_202211181335_001_Pillar/DJI_20221118135047_0005_SUPR Pillar zoom 10/DJI_20221118135145_0028_SUPR.JPG,train,UAV,mixed civil infrastructure,instance polygons and boxes,Crack,crack,positive,BDI-TAX-001@0.1.0-beta,CDLA-Permissive-2.0,,quota:Crack,,parquet_row,datasets/CiF-tiled/data/train_tiled-00000-of-00084.parquet,datasets/CiF-tiled/data/train_tiled-00000-of-00084.parquet,1150,data/feasibility_v0/images/cif/cif_0075.jpg,data/feasibility_v0/annotations/cif/cif_0075.json
cif_0076,CiF-tiled,tiled-1024-public,datasets/CiF-tiled/data/train_tiled-00075-of-00084.parquet,IMG_9218_2304_0.jpg,004/dump4/IMG_9218.jpg,004/dump4/IMG_9218.jpg,train,UAV,mixed civil infrastructure,instance polygons and boxes,Crack,crack,positive,BDI-TAX-001@0.1.0-beta,CDLA-Permissive-2.0,,quota:Crack,,parquet_row,datasets/CiF-tiled/data/train_tiled-00075-of-00084.parquet,datasets/CiF-tiled/data/train_tiled-00075-of-00084.parquet,490,data/feasibility_v0/images/cif/cif_0076.jpg,data/feasibility_v0/annotations/cif/cif_0076.json
cif_0077,CiF-tiled,tiled-1024-public,datasets/CiF-tiled/data/train_tiled-00045-of-00084.parquet,DJI_20210604103113_0008_SUPR_1536_2304.JPG,Pille 03/S/DJI_20210604103055_0005_SUPR/DJI_20210604103113_0008_SUPR.JPG,Pille 03/S/DJI_20210604103055_0005_SUPR/DJI_20210604103113_0008_SUPR.JPG,train,UAV,mixed civil infrastructure,instance polygons and boxes,Crack,crack,positive,BDI-TAX-001@0.1.0-beta,CDLA-Permissive-2.0,,quota:Crack,,parquet_row,datasets/CiF-tiled/data/train_tiled-00045-of-00084.parquet,datasets/CiF-tiled/data/train_tiled-00045-of-00084.parquet,1144,data/feasibility_v0/images/cif/cif_0077.jpg,data/feasibility_v0/annotations/cif/cif_0077.json
cif_0078,CiF-tiled,tiled-1024-public,datasets/CiF-tiled/data/train_tiled-00015-of-00084.parquet,DJI_20211122111336_0061_SUPR_768_768.JPG,AB18 - The sloping Part (North)/DJI_20211122111129_0006_SUPR/DJI_20211122111336_0061_SUPR.JPG,AB18 - The sloping Part (North)/DJI_20211122111129_0006_SUPR/DJI_20211122111336_0061_SUPR.JPG,train,UAV,mixed civil infrastructure,instance polygons and boxes,Crack,crack,positive,BDI-TAX-001@0.1.0-beta,CDLA-Permissive-2.0,,quota:Crack,,parquet_row,datasets/CiF-tiled/data/train_tiled-00015-of-00084.parquet,datasets/CiF-tiled/data/train_tiled-00015-of-00084.parquet,1238,data/feasibility_v0/images/cif/cif_0078.jpg,data/feasibility_v0/annotations/cif/cif_0078.json
cif_0079,CiF-tiled,tiled-1024-public,datasets/CiF-tiled/data/train_tiled-00045-of-00084.parquet,DJI_20210602151431_0060_SUPR_2304_2304.JPG,Pille 22/S/DJI_20210602151226_0018_SUPR/DJI_20210602151431_0060_SUPR.JPG,Pille 22/S/DJI_20210602151226_0018_SUPR/DJI_20210602151431_0060_SUPR.JPG,train,UAV,mixed civil infrastructure,instance polygons and boxes,Crack,crack,positive,BDI-TAX-001@0.1.0-beta,CDLA-Permissive-2.0,,quota:Crack,,parquet_row,datasets/CiF-tiled/data/train_tiled-00045-of-00084.parquet,datasets/CiF-tiled/data/train_tiled-00045-of-00084.parquet,619,data/feasibility_v0/images/cif/cif_0079.jpg,data/feasibility_v0/annotations/cif/cif_0079.json
cif_0080,CiF-tiled,tiled-1024-public,datasets/CiF-tiled/data/train_tiled-00008-of-00084.parquet,SB-AB18-AB_S-175_2304_768.JPG,SB-AB18-AB_S-175.JPG,SB-AB18-AB_S-175.JPG,train,UAV,mixed civil infrastructure,instance polygons and boxes,Crack,crack,positive,BDI-TAX-001@0.1.0-beta,CDLA-Permissive-2.0,,quota:Crack,,parquet_row,datasets/CiF-tiled/data/train_tiled-00008-of-00084.parquet,datasets/CiF-tiled/data/train_tiled-00008-of-00084.parquet,1058,data/feasibility_v0/images/cif/cif_0080.jpg,data/feasibility_v0/annotations/cif/cif_0080.json
cif_0081,CiF-tiled,tiled-1024-public,datasets/CiF-tiled/data/train_tiled-00038-of-00084.parquet,DJI_20210824114109_0129_SUPR_768_1536.JPG,AB18 - The sloping Part (South)/DJI_20210824113626_0017_SUPR/DJI_20210824114109_0129_SUPR.JPG,AB18 - The sloping Part (South)/DJI_20210824113626_0017_SUPR/DJI_20210824114109_0129_SUPR.JPG,train,UAV,mixed civil infrastructure,instance polygons and boxes,Crack,crack,positive,BDI-TAX-001@0.1.0-beta,CDLA-Permissive-2.0,,quota:Crack,,parquet_row,datasets/CiF-tiled/data/train_tiled-00038-of-00084.parquet,datasets/CiF-tiled/data/train_tiled-00038-of-00084.parquet,442,data/feasibility_v0/images/cif/cif_0081.jpg,data/feasibility_v0/annotations/cif/cif_0081.json
cif_0082,CiF-tiled,tiled-1024-public,datasets/CiF-tiled/data/train_tiled-00038-of-00084.parquet,DJI_20210824131714_0081_SUPR_768_2304.JPG,AB18 - The sloping Part (South)/DJI_20210824131416_0007_SUPR/DJI_20210824131714_0081_SUPR.JPG,AB18 - The sloping Part (South)/DJI_20210824131416_0007_SUPR/DJI_20210824131714_0081_SUPR.JPG,train,UAV,mixed civil infrastructure,instance polygons and boxes,Crack,crack,positive,BDI-TAX-001@0.1.0-beta,CDLA-Permissive-2.0,,quota:Crack,,parquet_row,datasets/CiF-tiled/data/train_tiled-00038-of-00084.parquet,datasets/CiF-tiled/data/train_tiled-00038-of-00084.parquet,1140,data/feasibility_v0/images/cif/cif_0082.jpg,data/feasibility_v0/annotations/cif/cif_0082.json
cif_0083,CiF-tiled,tiled-1024-public,datasets/CiF-tiled/data/train_tiled-00015-of-00084.parquet,DJI_20210824160158_0028_SUPR_2304_0.JPG,AB18 - The Sloping Part (Center)/DJI_20210824160058_0013_SUPR/DJI_20210824160158_0028_SUPR.JPG,AB18 - The Sloping Part (Center)/DJI_20210824160058_0013_SUPR/DJI_20210824160158_0028_SUPR.JPG,train,UAV,mixed civil infrastructure,instance polygons and boxes,Algae|Crack,crack,positive,BDI-TAX-001@0.1.0-beta,CDLA-Permissive-2.0,,quota:Crack,,parquet_row,datasets/CiF-tiled/data/train_tiled-00015-of-00084.parquet,datasets/CiF-tiled/data/train_tiled-00015-of-00084.parquet,663,data/feasibility_v0/images/cif/cif_0083.jpg,data/feasibility_v0/annotations/cif/cif_0083.json
cif_0084,CiF-tiled,tiled-1024-public,datasets/CiF-tiled/data/train_tiled-00075-of-00084.parquet,20230106_114022_1536_1536.jpg,005/dump1/20230106_114022.jpg,005/dump1/20230106_114022.jpg,train,UAV,mixed civil infrastructure,instance polygons and boxes,Crack,crack,positive,BDI-TAX-001@0.1.0-beta,CDLA-Permissive-2.0,,quota:Crack,,parquet_row,datasets/CiF-tiled/data/train_tiled-00075-of-00084.parquet,datasets/CiF-tiled/data/train_tiled-00075-of-00084.parquet,600,data/feasibility_v0/images/cif/cif_0084.jpg,data/feasibility_v0/annotations/cif/cif_0084.json
cif_0085,CiF-tiled,tiled-1024-public,datasets/CiF-tiled/data/train_tiled-00068-of-00084.parquet,ORE2020A_20200807_172900_PW06_IMGZOOM_DJI_20200807172859_0556_ZOOM_2304_2304.JPG,West_approach/PW06/ORE2020A_20200807_172900_PW06_IMGZOOM_DJI_20200807172859_0556_ZOOM.JPG,West_approach/PW06/ORE2020A_20200807_172900_PW06_IMGZOOM_DJI_20200807172859_0556_ZOOM.JPG,train,UAV,mixed civil infrastructure,instance polygons and boxes,Crack,crack,positive,BDI-TAX-001@0.1.0-beta,CDLA-Permissive-2.0,,quota:Crack,,parquet_row,datasets/CiF-tiled/data/train_tiled-00068-of-00084.parquet,datasets/CiF-tiled/data/train_tiled-00068-of-00084.parquet,508,data/feasibility_v0/images/cif/cif_0085.jpg,data/feasibility_v0/annotations/cif/cif_0085.json
cif_0086,CiF-tiled,tiled-1024-public,datasets/CiF-tiled/data/train_tiled-00075-of-00084.parquet,20230210_173146_2304_1536.jpg,003/dump2/20230210_173146.jpg,003/dump2/20230210_173146.jpg,train,UAV,mixed civil infrastructure,instance polygons and boxes,Crack,crack,positive,BDI-TAX-001@0.1.0-beta,CDLA-Permissive-2.0,,quota:Crack,,parquet_row,datasets/CiF-tiled/data/train_tiled-00075-of-00084.parquet,datasets/CiF-tiled/data/train_tiled-00075-of-00084.parquet,384,data/feasibility_v0/images/cif/cif_0086.jpg,data/feasibility_v0/annotations/cif/cif_0086.json
cif_0087,CiF-tiled,tiled-1024-public,datasets/CiF-tiled/data/train_tiled-00030-of-00084.parquet,DJI_20210824105608_0085_SUPR_768_1536.JPG,Ankerblock 18 Wall South (East to west)/DJI_20210824105311_0013_SUPR/DJI_20210824105608_0085_SUPR.JPG,Ankerblock 18 Wall South (East to west)/DJI_20210824105311_0013_SUPR/DJI_20210824105608_0085_SUPR.JPG,train,UAV,mixed civil infrastructure,instance polygons and boxes,Crack,crack,positive,BDI-TAX-001@0.1.0-beta,CDLA-Permissive-2.0,,quota:Crack,,parquet_row,datasets/CiF-tiled/data/train_tiled-00030-of-00084.parquet,datasets/CiF-tiled/data/train_tiled-00030-of-00084.parquet,745,data/feasibility_v0/images/cif/cif_0087.jpg,data/feasibility_v0/annotations/cif/cif_0087.json
cif_0088,CiF-tiled,tiled-1024-public,datasets/CiF-tiled/data/train_tiled-00008-of-00084.parquet,E15W_120608_0912_3072_3072.jpg,E15W_120608_0912.jpg,E15W_120608_0912.jpg,train,UAV,mixed civil infrastructure,instance polygons and boxes,Crack,crack,positive,BDI-TAX-001@0.1.0-beta,CDLA-Permissive-2.0,,quota:Crack,,parquet_row,datasets/CiF-tiled/data/train_tiled-00008-of-00084.parquet,datasets/CiF-tiled/data/train_tiled-00008-of-00084.parquet,718,data/feasibility_v0/images/cif/cif_0088.jpg,data/feasibility_v0/annotations/cif/cif_0088.json
cif_0089,CiF-tiled,tiled-1024-public,datasets/CiF-tiled/data/train_tiled-00038-of-00084.parquet,DJI_20210824154353_0036_SUPR_0_3072.JPG,AB18 - The sloping Part (South)/DJI_20210824154235_0010_SUPR/DJI_20210824154353_0036_SUPR.JPG,AB18 - The sloping Part (South)/DJI_20210824154235_0010_SUPR/DJI_20210824154353_0036_SUPR.JPG,train,UAV,mixed civil infrastructure,instance polygons and boxes,Crack,crack,positive,BDI-TAX-001@0.1.0-beta,CDLA-Permissive-2.0,,quota:Crack,,parquet_row,datasets/CiF-tiled/data/train_tiled-00038-of-00084.parquet,datasets/CiF-tiled/data/train_tiled-00038-of-00084.parquet,125,data/feasibility_v0/images/cif/cif_0089.jpg,data/feasibility_v0/annotations/cif/cif_0089.json
cif_0090,CiF-tiled,tiled-1024-public,datasets/CiF-tiled/data/train_tiled-00075-of-00084.parquet,IMG_0092_2304_768.jpg,002/dump1/IMG_0092.jpg,002/dump1/IMG_0092.jpg,train,UAV,mixed civil infrastructure,instance polygons and boxes,Crack,crack,positive,BDI-TAX-001@0.1.0-beta,CDLA-Permissive-2.0,,quota:Crack,,parquet_row,datasets/CiF-tiled/data/train_tiled-00075-of-00084.parquet,datasets/CiF-tiled/data/train_tiled-00075-of-00084.parquet,942,data/feasibility_v0/images/cif/cif_0090.jpg,data/feasibility_v0/annotations/cif/cif_0090.json
cif_0091,CiF-tiled,tiled-1024-public,datasets/CiF-tiled/data/train_tiled-00068-of-00084.parquet,ORE2020A_20200807_213140_PW07_IMGZOOM_DJI_20200807213140_0237_ZOOM_4608_3072.JPG,West_approach/PW07/ORE2020A_20200807_213140_PW07_IMGZOOM_DJI_20200807213140_0237_ZOOM.JPG,West_approach/PW07/ORE2020A_20200807_213140_PW07_IMGZOOM_DJI_20200807213140_0237_ZOOM.JPG,train,UAV,mixed civil infrastructure,instance polygons and boxes,Crack,crack,positive,BDI-TAX-001@0.1.0-beta,CDLA-Permissive-2.0,,quota:Crack,,parquet_row,datasets/CiF-tiled/data/train_tiled-00068-of-00084.parquet,datasets/CiF-tiled/data/train_tiled-00068-of-00084.parquet,941,data/feasibility_v0/images/cif/cif_0091.jpg,data/feasibility_v0/annotations/cif/cif_0091.json
cif_0092,CiF-tiled,tiled-1024-public,datasets/CiF-tiled/data/train_tiled-00060-of-00084.parquet,DJI_20210616133352_0014_SUPR_4608_768.JPG,Pille 06/S/DJI_20210616133323_0005_SUPR/DJI_20210616133352_0014_SUPR.JPG,Pille 06/S/DJI_20210616133323_0005_SUPR/DJI_20210616133352_0014_SUPR.JPG,train,UAV,mixed civil infrastructure,instance polygons and boxes,Crack,crack,positive,BDI-TAX-001@0.1.0-beta,CDLA-Permissive-2.0,,quota:Crack,,parquet_row,datasets/CiF-tiled/data/train_tiled-00060-of-00084.parquet,datasets/CiF-tiled/data/train_tiled-00060-of-00084.parquet,246,data/feasibility_v0/images/cif/cif_0092.jpg,data/feasibility_v0/annotations/cif/cif_0092.json
cif_0093,CiF-tiled,tiled-1024-public,datasets/CiF-tiled/data/train_tiled-00045-of-00084.parquet,DJI_20210604103155_0028_SUPR_4608_2304.JPG,Pille 03/S/DJI_20210604103055_0005_SUPR/DJI_20210604103155_0028_SUPR.JPG,Pille 03/S/DJI_20210604103055_0005_SUPR/DJI_20210604103155_0028_SUPR.JPG,train,UAV,mixed civil infrastructure,instance polygons and boxes,Crack,crack,positive,BDI-TAX-001@0.1.0-beta,CDLA-Permissive-2.0,,quota:Crack,,parquet_row,datasets/CiF-tiled/data/train_tiled-00045-of-00084.parquet,datasets/CiF-tiled/data/train_tiled-00045-of-00084.parquet,1053,data/feasibility_v0/images/cif/cif_0093.jpg,data/feasibility_v0/annotations/cif/cif_0093.json
cif_0094,CiF-tiled,tiled-1024-public,datasets/CiF-tiled/data/train_tiled-00068-of-00084.parquet,ORE2020A_20200807_120926_PW08_IMGZOOM_DJI_20200807120926_0145_ZOOM_768_3072.JPG,West_approach/PW08/ORE2020A_20200807_120926_PW08_IMGZOOM_DJI_20200807120926_0145_ZOOM.JPG,West_approach/PW08/ORE2020A_20200807_120926_PW08_IMGZOOM_DJI_20200807120926_0145_ZOOM.JPG,train,UAV,mixed civil infrastructure,instance polygons and boxes,Crack,crack,positive,BDI-TAX-001@0.1.0-beta,CDLA-Permissive-2.0,,quota:Crack,,parquet_row,datasets/CiF-tiled/data/train_tiled-00068-of-00084.parquet,datasets/CiF-tiled/data/train_tiled-00068-of-00084.parquet,1140,data/feasibility_v0/images/cif/cif_0094.jpg,data/feasibility_v0/annotations/cif/cif_0094.json
cif_0095,CiF-tiled,tiled-1024-public,datasets/CiF-tiled/data/train_tiled-00053-of-00084.parquet,DJI_20230419105843_0003_SUPR_2304_1536.JPG,Pillar EAST/W/DJI_20230419105836_0024_SUPR/DJI_20230419105843_0003_SUPR.JPG,Pillar EAST/W/DJI_20230419105836_0024_SUPR/DJI_20230419105843_0003_SUPR.JPG,train,UAV,mixed civil infrastructure,instance polygons and boxes,Crack,crack,positive,BDI-TAX-001@0.1.0-beta,CDLA-Permissive-2.0,,quota:Crack,,parquet_row,datasets/CiF-tiled/data/train_tiled-00053-of-00084.parquet,datasets/CiF-tiled/data/train_tiled-00053-of-00084.parquet,1020,data/feasibility_v0/images/cif/cif_0095.jpg,data/feasibility_v0/annotations/cif/cif_0095.json
cif_0096,CiF-tiled,tiled-1024-public,datasets/CiF-tiled/data/train_tiled-00015-of-00084.parquet,DJI_20210824102437_0148_SUPR_1536_0.JPG,Ankerblock 18 Wall South (East to west)/DJI_20210824101915_0008_SUPR/DJI_20210824102437_0148_SUPR.JPG,Ankerblock 18 Wall South (East to west)/DJI_20210824101915_0008_SUPR/DJI_20210824102437_0148_SUPR.JPG,train,UAV,mixed civil infrastructure,instance polygons and boxes,Crack,crack,positive,BDI-TAX-001@0.1.0-beta,CDLA-Permissive-2.0,,quota:Crack,,parquet_row,datasets/CiF-tiled/data/train_tiled-00015-of-00084.parquet,datasets/CiF-tiled/data/train_tiled-00015-of-00084.parquet,388,data/feasibility_v0/images/cif/cif_0096.jpg,data/feasibility_v0/annotations/cif/cif_0096.json
cif_0097,CiF-tiled,tiled-1024-public,datasets/CiF-tiled/data/train_tiled-00075-of-00084.parquet,IMG_0198_1536_2304.jpg,002/dump1/IMG_0198.jpg,002/dump1/IMG_0198.jpg,train,UAV,mixed civil infrastructure,instance polygons and boxes,Crack,crack,positive,BDI-TAX-001@0.1.0-beta,CDLA-Permissive-2.0,,quota:Crack,,parquet_row,datasets/CiF-tiled/data/train_tiled-00075-of-00084.parquet,datasets/CiF-tiled/data/train_tiled-00075-of-00084.parquet,744,data/feasibility_v0/images/cif/cif_0097.jpg,data/feasibility_v0/annotations/cif/cif_0097.json
cif_0098,CiF-tiled,tiled-1024-public,datasets/CiF-tiled/data/train_tiled-00075-of-00084.parquet,IMG_8915_768_3072.jpg,004/dump3/IMG_8915.jpg,004/dump3/IMG_8915.jpg,train,UAV,mixed civil infrastructure,instance polygons and boxes,Crack,crack,positive,BDI-TAX-001@0.1.0-beta,CDLA-Permissive-2.0,,quota:Crack,,parquet_row,datasets/CiF-tiled/data/train_tiled-00075-of-00084.parquet,datasets/CiF-tiled/data/train_tiled-00075-of-00084.parquet,416,data/feasibility_v0/images/cif/cif_0098.jpg,data/feasibility_v0/annotations/cif/cif_0098.json
cif_0099,CiF-tiled,tiled-1024-public,datasets/CiF-tiled/data/train_tiled-00053-of-00084.parquet,00012568_20100630_f0200001_20130320180000_0_0.jpg,Concrete/00012568_20100630_f0200001_20130320180000.jpg,Concrete/00012568_20100630_f0200001_20130320180000.jpg,train,UAV,mixed civil infrastructure,instance polygons and boxes,Crack,crack,positive,BDI-TAX-001@0.1.0-beta,CDLA-Permissive-2.0,,quota:Crack,,parquet_row,datasets/CiF-tiled/data/train_tiled-00053-of-00084.parquet,datasets/CiF-tiled/data/train_tiled-00053-of-00084.parquet,426,data/feasibility_v0/images/cif/cif_0099.jpg,data/feasibility_v0/annotations/cif/cif_0099.json
cif_0100,CiF-tiled,tiled-1024-public,datasets/CiF-tiled/data/train_tiled-00038-of-00084.parquet,DJI_20210824100326_0115_SUPR_3072_2304.JPG,Ankerblock 18 Wall South (East to west)/DJI_20210824095915_0005_SUPR/DJI_20210824100326_0115_SUPR.JPG,Ankerblock 18 Wall South (East to west)/DJI_20210824095915_0005_SUPR/DJI_20210824100326_0115_SUPR.JPG,train,UAV,mixed civil infrastructure,instance polygons and boxes,Crack,crack,positive,BDI-TAX-001@0.1.0-beta,CDLA-Permissive-2.0,,quota:Crack,,parquet_row,datasets/CiF-tiled/data/train_tiled-00038-of-00084.parquet,datasets/CiF-tiled/data/train_tiled-00038-of-00084.parquet,881,data/feasibility_v0/images/cif/cif_0100.jpg,data/feasibility_v0/annotations/cif/cif_0100.json
cif_0101,CiF-tiled,tiled-1024-public,datasets/CiF-tiled/data/train_tiled-00060-of-00084.parquet,DJI_20210601101345_0011_SUPR_3072_2304.JPG,Pille 26/N/DJI_20210601101321_0007_SUPR/DJI_20210601101345_0011_SUPR.JPG,Pille 26/N/DJI_20210601101321_0007_SUPR/DJI_20210601101345_0011_SUPR.JPG,train,UAV,mixed civil infrastructure,instance polygons and boxes,Algae|Crack,crack,positive,BDI-TAX-001@0.1.0-beta,CDLA-Permissive-2.0,,quota:Crack,,parquet_row,datasets/CiF-tiled/data/train_tiled-00060-of-00084.parquet,datasets/CiF-tiled/data/train_tiled-00060-of-00084.parquet,346,data/feasibility_v0/images/cif/cif_0101.jpg,data/feasibility_v0/annotations/cif/cif_0101.json
cif_0102,CiF-tiled,tiled-1024-public,datasets/CiF-tiled/data/train_tiled-00008-of-00084.parquet,E20W_120607_0079_2304_768.jpg,E20W_120607_0079.jpg,E20W_120607_0079.jpg,train,UAV,mixed civil infrastructure,instance polygons and boxes,Crack,crack,positive,BDI-TAX-001@0.1.0-beta,CDLA-Permissive-2.0,,quota:Crack,,parquet_row,datasets/CiF-tiled/data/train_tiled-00008-of-00084.parquet,datasets/CiF-tiled/data/train_tiled-00008-of-00084.parquet,603,data/feasibility_v0/images/cif/cif_0102.jpg,data/feasibility_v0/annotations/cif/cif_0102.json
cif_0103,CiF-tiled,tiled-1024-public,datasets/CiF-tiled/data/train_tiled-00038-of-00084.parquet,DJI_20211122111201_0015_SUPR_768_3072.JPG,AB18 - The sloping Part (North)/DJI_20211122111129_0006_SUPR/DJI_20211122111201_0015_SUPR.JPG,AB18 - The sloping Part (North)/DJI_20211122111129_0006_SUPR/DJI_20211122111201_0015_SUPR.JPG,train,UAV,mixed civil infrastructure,instance polygons and boxes,Crack,crack,positive,BDI-TAX-001@0.1.0-beta,CDLA-Permissive-2.0,,quota:Crack,,parquet_row,datasets/CiF-tiled/data/train_tiled-00038-of-00084.parquet,datasets/CiF-tiled/data/train_tiled-00038-of-00084.parquet,1124,data/feasibility_v0/images/cif/cif_0103.jpg,data/feasibility_v0/annotations/cif/cif_0103.json
cif_0104,CiF-tiled,tiled-1024-public,datasets/CiF-tiled/data/train_tiled-00023-of-00084.parquet,DJI_20210824113903_0071_SUPR_0_2304.JPG,AB18 - The sloping Part (South)/DJI_20210824113626_0017_SUPR/DJI_20210824113903_0071_SUPR.JPG,AB18 - The sloping Part (South)/DJI_20210824113626_0017_SUPR/DJI_20210824113903_0071_SUPR.JPG,train,UAV,mixed civil infrastructure,instance polygons and boxes,Crack,crack,positive,BDI-TAX-001@0.1.0-beta,CDLA-Permissive-2.0,,quota:Crack,,parquet_row,datasets/CiF-tiled/data/train_tiled-00023-of-00084.parquet,datasets/CiF-tiled/data/train_tiled-00023-of-00084.parquet,895,data/feasibility_v0/images/cif/cif_0104.jpg,data/feasibility_v0/annotations/cif/cif_0104.json
cif_0105,CiF-tiled,tiled-1024-public,datasets/CiF-tiled/data/train_tiled-00030-of-00084.parquet,DJI_20210824113207_0122_SUPR_2304_2304.JPG,AB18 - The sloping Part (South)/DJI_20210824112738_0016_SUPR/DJI_20210824113207_0122_SUPR.JPG,AB18 - The sloping Part (South)/DJI_20210824112738_0016_SUPR/DJI_20210824113207_0122_SUPR.JPG,train,UAV,mixed civil infrastructure,instance polygons and boxes,Crack,crack,positive,BDI-TAX-001@0.1.0-beta,CDLA-Permissive-2.0,,quota:Crack,,parquet_row,datasets/CiF-tiled/data/train_tiled-00030-of-00084.parquet,datasets/CiF-tiled/data/train_tiled-00030-of-00084.parquet,198,data/feasibility_v0/images/cif/cif_0105.jpg,data/feasibility_v0/annotations/cif/cif_0105.json
cif_0106,CiF-tiled,tiled-1024-public,datasets/CiF-tiled/data/train_tiled-00008-of-00084.parquet,E17W_120607_0492_768_3072.jpg,E17W_120607_0492.jpg,E17W_120607_0492.jpg,train,UAV,mixed civil infrastructure,instance polygons and boxes,Crack,crack,positive,BDI-TAX-001@0.1.0-beta,CDLA-Permissive-2.0,,quota:Crack,,parquet_row,datasets/CiF-tiled/data/train_tiled-00008-of-00084.parquet,datasets/CiF-tiled/data/train_tiled-00008-of-00084.parquet,650,data/feasibility_v0/images/cif/cif_0106.jpg,data/feasibility_v0/annotations/cif/cif_0106.json
cif_0107,CiF-tiled,tiled-1024-public,datasets/CiF-tiled/data/train_tiled-00053-of-00084.parquet,00012310_20060516_f0700001_20130320180000_0_768.jpg,Concrete/00012310_20060516_f0700001_20130320180000.jpg,Concrete/00012310_20060516_f0700001_20130320180000.jpg,train,UAV,mixed civil infrastructure,instance polygons and boxes,Crack,crack,positive,BDI-TAX-001@0.1.0-beta,CDLA-Permissive-2.0,,quota:Crack,,parquet_row,datasets/CiF-tiled/data/train_tiled-00053-of-00084.parquet,datasets/CiF-tiled/data/train_tiled-00053-of-00084.parquet,542,data/feasibility_v0/images/cif/cif_0107.jpg,data/feasibility_v0/annotations/cif/cif_0107.json
cif_0108,CiF-tiled,tiled-1024-public,datasets/CiF-tiled/data/train_tiled-00030-of-00084.parquet,DJI_20210824161813_0037_SUPR_768_3072.JPG,AB18 - The Sloping Part (Center)/DJI_20210824161652_0014_SUPR/DJI_20210824161813_0037_SUPR.JPG,AB18 - The Sloping Part (Center)/DJI_20210824161652_0014_SUPR/DJI_20210824161813_0037_SUPR.JPG,train,UAV,mixed civil infrastructure,instance polygons and boxes,Crack,crack,positive,BDI-TAX-001@0.1.0-beta,CDLA-Permissive-2.0,,quota:Crack,,parquet_row,datasets/CiF-tiled/data/train_tiled-00030-of-00084.parquet,datasets/CiF-tiled/data/train_tiled-00030-of-00084.parquet,828,data/feasibility_v0/images/cif/cif_0108.jpg,data/feasibility_v0/annotations/cif/cif_0108.json
cif_0109,CiF-tiled,tiled-1024-public,datasets/CiF-tiled/data/train_tiled-00075-of-00084.parquet,IMG_9010_1536_2304.jpg,004/dump3/IMG_9010.jpg,004/dump3/IMG_9010.jpg,train,UAV,mixed civil infrastructure,instance polygons and boxes,Crack,crack,positive,BDI-TAX-001@0.1.0-beta,CDLA-Permissive-2.0,,quota:Crack,,parquet_row,datasets/CiF-tiled/data/train_tiled-00075-of-00084.parquet,datasets/CiF-tiled/data/train_tiled-00075-of-00084.parquet,218,data/feasibility_v0/images/cif/cif_0109.jpg,data/feasibility_v0/annotations/cif/cif_0109.json
cif_0110,CiF-tiled,tiled-1024-public,datasets/CiF-tiled/data/train_tiled-00038-of-00084.parquet,DJI_20210824131824_0113_SUPR_3840_0.JPG,AB18 - The sloping Part (South)/DJI_20210824131416_0007_SUPR/DJI_20210824131824_0113_SUPR.JPG,AB18 - The sloping Part (South)/DJI_20210824131416_0007_SUPR/DJI_20210824131824_0113_SUPR.JPG,train,UAV,mixed civil infrastructure,instance polygons and boxes,Crack,crack,positive,BDI-TAX-001@0.1.0-beta,CDLA-Permissive-2.0,,quota:Crack,,parquet_row,datasets/CiF-tiled/data/train_tiled-00038-of-00084.parquet,datasets/CiF-tiled/data/train_tiled-00038-of-00084.parquet,321,data/feasibility_v0/images/cif/cif_0110.jpg,data/feasibility_v0/annotations/cif/cif_0110.json
cif_0111,CiF-tiled,tiled-1024-public,datasets/CiF-tiled/data/train_tiled-00030-of-00084.parquet,DJI_20211122110930_0029_SUPR_3072_1536.JPG,AB18 - The sloping Part (North)/DJI_20211122110830_0005_SUPR/DJI_20211122110930_0029_SUPR.JPG,AB18 - The sloping Part (North)/DJI_20211122110830_0005_SUPR/DJI_20211122110930_0029_SUPR.JPG,train,UAV,mixed civil infrastructure,instance polygons and boxes,Algae|Crack,crack,positive,BDI-TAX-001@0.1.0-beta,CDLA-Permissive-2.0,,quota:Crack,,parquet_row,datasets/CiF-tiled/data/train_tiled-00030-of-00084.parquet,datasets/CiF-tiled/data/train_tiled-00030-of-00084.parquet,468,data/feasibility_v0/images/cif/cif_0111.jpg,data/feasibility_v0/annotations/cif/cif_0111.json
cif_0112,CiF-tiled,tiled-1024-public,datasets/CiF-tiled/data/train_tiled-00030-of-00084.parquet,DJI_20210824100401_0131_SUPR_0_0.JPG,Ankerblock 18 Wall South (East to west)/DJI_20210824095915_0005_SUPR/DJI_20210824100401_0131_SUPR.JPG,Ankerblock 18 Wall South (East to west)/DJI_20210824095915_0005_SUPR/DJI_20210824100401_0131_SUPR.JPG,train,UAV,mixed civil infrastructure,instance polygons and boxes,Crack,crack,positive,BDI-TAX-001@0.1.0-beta,CDLA-Permissive-2.0,,quota:Crack,,parquet_row,datasets/CiF-tiled/data/train_tiled-00030-of-00084.parquet,datasets/CiF-tiled/data/train_tiled-00030-of-00084.parquet,1216,data/feasibility_v0/images/cif/cif_0112.jpg,data/feasibility_v0/annotations/cif/cif_0112.json
cif_0113,CiF-tiled,tiled-1024-public,datasets/CiF-tiled/data/train_tiled-00045-of-00084.parquet,DJI_20210602142328_0011_SUPR_3840_3072.JPG,Pille 23/S/DJI_20210602142304_0007_SUPR/DJI_20210602142328_0011_SUPR.JPG,Pille 23/S/DJI_20210602142304_0007_SUPR/DJI_20210602142328_0011_SUPR.JPG,train,UAV,mixed civil infrastructure,instance polygons and boxes,Crack,crack,positive,BDI-TAX-001@0.1.0-beta,CDLA-Permissive-2.0,,quota:Crack,,parquet_row,datasets/CiF-tiled/data/train_tiled-00045-of-00084.parquet,datasets/CiF-tiled/data/train_tiled-00045-of-00084.parquet,822,data/feasibility_v0/images/cif/cif_0113.jpg,data/feasibility_v0/annotations/cif/cif_0113.json
cif_0114,CiF-tiled,tiled-1024-public,datasets/CiF-tiled/data/train_tiled-00075-of-00084.parquet,IMG_0363_768_2304.jpg,002/dump1/IMG_0363.jpg,002/dump1/IMG_0363.jpg,train,UAV,mixed civil infrastructure,instance polygons and boxes,Crack,crack,positive,BDI-TAX-001@0.1.0-beta,CDLA-Permissive-2.0,,quota:Crack,,parquet_row,datasets/CiF-tiled/data/train_tiled-00075-of-00084.parquet,datasets/CiF-tiled/data/train_tiled-00075-of-00084.parquet,1175,data/feasibility_v0/images/cif/cif_0114.jpg,data/feasibility_v0/annotations/cif/cif_0114.json
cif_0115,CiF-tiled,tiled-1024-public,datasets/CiF-tiled/data/train_tiled-00068-of-00084.parquet,ORE2020A_20200807_172044_PW06_IMGZOOM_DJI_20200807172044_0398_ZOOM_3072_2304.JPG,West_approach/PW06/ORE2020A_20200807_172044_PW06_IMGZOOM_DJI_20200807172044_0398_ZOOM.JPG,West_approach/PW06/ORE2020A_20200807_172044_PW06_IMGZOOM_DJI_20200807172044_0398_ZOOM.JPG,train,UAV,mixed civil infrastructure,instance polygons and boxes,Crack|Spalling,crack|spalling,positive,BDI-TAX-001@0.1.0-beta,CDLA-Permissive-2.0,,quota:Crack,,parquet_row,datasets/CiF-tiled/data/train_tiled-00068-of-00084.parquet,datasets/CiF-tiled/data/train_tiled-00068-of-00084.parquet,354,data/feasibility_v0/images/cif/cif_0115.jpg,data/feasibility_v0/annotations/cif/cif_0115.json
cif_0116,CiF-tiled,tiled-1024-public,datasets/CiF-tiled/data/train_tiled-00030-of-00084.parquet,DJI_20211122111248_0038_SUPR_1536_768.JPG,AB18 - The sloping Part (North)/DJI_20211122111129_0006_SUPR/DJI_20211122111248_0038_SUPR.JPG,AB18 - The sloping Part (North)/DJI_20211122111129_0006_SUPR/DJI_20211122111248_0038_SUPR.JPG,train,UAV,mixed civil infrastructure,instance polygons and boxes,Crack,crack,positive,BDI-TAX-001@0.1.0-beta,CDLA-Permissive-2.0,,quota:Crack,,parquet_row,datasets/CiF-tiled/data/train_tiled-00030-of-00084.parquet,datasets/CiF-tiled/data/train_tiled-00030-of-00084.parquet,859,data/feasibility_v0/images/cif/cif_0116.jpg,data/feasibility_v0/annotations/cif/cif_0116.json
cif_0117,CiF-tiled,tiled-1024-public,datasets/CiF-tiled/data/train_tiled-00023-of-00084.parquet,DJI_20211122114211_0042_SUPR_3072_3072.JPG,AB18 - The sloping Part (North)/DJI_20211122114043_0013_SUPR/DJI_20211122114211_0042_SUPR.JPG,AB18 - The sloping Part (North)/DJI_20211122114043_0013_SUPR/DJI_20211122114211_0042_SUPR.JPG,train,UAV,mixed civil infrastructure,instance polygons and boxes,Crack,crack,positive,BDI-TAX-001@0.1.0-beta,CDLA-Permissive-2.0,,quota:Crack,,parquet_row,datasets/CiF-tiled/data/train_tiled-00023-of-00084.parquet,datasets/CiF-tiled/data/train_tiled-00023-of-00084.parquet,1183,data/feasibility_v0/images/cif/cif_0117.jpg,data/feasibility_v0/annotations/cif/cif_0117.json
cif_0118,CiF-tiled,tiled-1024-public,datasets/CiF-tiled/data/train_tiled-00015-of-00084.parquet,DJI_20210824100317_0111_SUPR_2304_3072.JPG,Ankerblock 18 Wall South (East to west)/DJI_20210824095915_0005_SUPR/DJI_20210824100317_0111_SUPR.JPG,Ankerblock 18 Wall South (East to west)/DJI_20210824095915_0005_SUPR/DJI_20210824100317_0111_SUPR.JPG,train,UAV,mixed civil infrastructure,instance polygons and boxes,Crack,crack,positive,BDI-TAX-001@0.1.0-beta,CDLA-Permissive-2.0,,quota:Crack,,parquet_row,datasets/CiF-tiled/data/train_tiled-00015-of-00084.parquet,datasets/CiF-tiled/data/train_tiled-00015-of-00084.parquet,540,data/feasibility_v0/images/cif/cif_0118.jpg,data/feasibility_v0/annotations/cif/cif_0118.json
cif_0119,CiF-tiled,tiled-1024-public,datasets/CiF-tiled/data/train_tiled-00068-of-00084.parquet,ORE2020A_20200807_181952_PW06_IMGZOOM_DJI_20200807181952_0454_ZOOM_768_768.JPG,West_approach/PW06/ORE2020A_20200807_181952_PW06_IMGZOOM_DJI_20200807181952_0454_ZOOM.JPG,West_approach/PW06/ORE2020A_20200807_181952_PW06_IMGZOOM_DJI_20200807181952_0454_ZOOM.JPG,train,UAV,mixed civil infrastructure,instance polygons and boxes,Crack,crack,positive,BDI-TAX-001@0.1.0-beta,CDLA-Permissive-2.0,,quota:Crack,,parquet_row,datasets/CiF-tiled/data/train_tiled-00068-of-00084.parquet,datasets/CiF-tiled/data/train_tiled-00068-of-00084.parquet,619,data/feasibility_v0/images/cif/cif_0119.jpg,data/feasibility_v0/annotations/cif/cif_0119.json
cif_0120,CiF-tiled,tiled-1024-public,datasets/CiF-tiled/data/train_tiled-00030-of-00084.parquet,DJI_20210824102036_0037_SUPR_3840_2304.JPG,Ankerblock 18 Wall South (East to west)/DJI_20210824101915_0008_SUPR/DJI_20210824102036_0037_SUPR.JPG,Ankerblock 18 Wall South (East to west)/DJI_20210824101915_0008_SUPR/DJI_20210824102036_0037_SUPR.JPG,train,UAV,mixed civil infrastructure,instance polygons and boxes,Crack,crack,positive,BDI-TAX-001@0.1.0-beta,CDLA-Permissive-2.0,,quota:Crack,,parquet_row,datasets/CiF-tiled/data/train_tiled-00030-of-00084.parquet,datasets/CiF-tiled/data/train_tiled-00030-of-00084.parquet,905,data/feasibility_v0/images/cif/cif_0120.jpg,data/feasibility_v0/annotations/cif/cif_0120.json
s2ds_0001,S2DS,official-archive,datasets/building-target/S2DS/s2ds.zip::train/125.png,125,S2DS:125,S2DS:125,train,unknown,concrete structures,semantic mask,efflorescence,efflorescence_leaching,positive,BDI-TAX-001@0.1.0-beta,GPL-3.0 repository; verify dataset terms before distribution,,quota:efflorescence,,zip_member,datasets/building-target/S2DS/s2ds.zip::train/125.png,datasets/building-target/S2DS/s2ds.zip::train/125_lab.png,,data/feasibility_v0/images/s2ds/s2ds_0001.png,data/feasibility_v0/annotations/s2ds/s2ds_0001.png
s2ds_0002,S2DS,official-archive,datasets/building-target/S2DS/s2ds.zip::train/027.png,027,S2DS:027,S2DS:027,train,unknown,concrete structures,semantic mask,efflorescence,efflorescence_leaching,positive,BDI-TAX-001@0.1.0-beta,GPL-3.0 repository; verify dataset terms before distribution,,quota:efflorescence,,zip_member,datasets/building-target/S2DS/s2ds.zip::train/027.png,datasets/building-target/S2DS/s2ds.zip::train/027_lab.png,,data/feasibility_v0/images/s2ds/s2ds_0002.png,data/feasibility_v0/annotations/s2ds/s2ds_0002.png
s2ds_0003,S2DS,official-archive,datasets/building-target/S2DS/s2ds.zip::train/235.png,235,S2DS:235,S2DS:235,train,unknown,concrete structures,semantic mask,efflorescence,efflorescence_leaching,positive,BDI-TAX-001@0.1.0-beta,GPL-3.0 repository; verify dataset terms before distribution,,quota:efflorescence,,zip_member,datasets/building-target/S2DS/s2ds.zip::train/235.png,datasets/building-target/S2DS/s2ds.zip::train/235_lab.png,,data/feasibility_v0/images/s2ds/s2ds_0003.png,data/feasibility_v0/annotations/s2ds/s2ds_0003.png
s2ds_0004,S2DS,official-archive,datasets/building-target/S2DS/s2ds.zip::train/425.png,425,S2DS:425,S2DS:425,train,unknown,concrete structures,semantic mask,efflorescence,efflorescence_leaching,positive,BDI-TAX-001@0.1.0-beta,GPL-3.0 repository; verify dataset terms before distribution,,quota:efflorescence,,zip_member,datasets/building-target/S2DS/s2ds.zip::train/425.png,datasets/building-target/S2DS/s2ds.zip::train/425_lab.png,,data/feasibility_v0/images/s2ds/s2ds_0004.png,data/feasibility_v0/annotations/s2ds/s2ds_0004.png
s2ds_0005,S2DS,official-archive,datasets/building-target/S2DS/s2ds.zip::train/106.png,106,S2DS:106,S2DS:106,train,unknown,concrete structures,semantic mask,efflorescence,efflorescence_leaching,positive,BDI-TAX-001@0.1.0-beta,GPL-3.0 repository; verify dataset terms before distribution,,quota:efflorescence,,zip_member,datasets/building-target/S2DS/s2ds.zip::train/106.png,datasets/building-target/S2DS/s2ds.zip::train/106_lab.png,,data/feasibility_v0/images/s2ds/s2ds_0005.png,data/feasibility_v0/annotations/s2ds/s2ds_0005.png
s2ds_0006,S2DS,official-archive,datasets/building-target/S2DS/s2ds.zip::train/341.png,341,S2DS:341,S2DS:341,train,unknown,concrete structures,semantic mask,efflorescence,efflorescence_leaching,positive,BDI-TAX-001@0.1.0-beta,GPL-3.0 repository; verify dataset terms before distribution,,quota:efflorescence,,zip_member,datasets/building-target/S2DS/s2ds.zip::train/341.png,datasets/building-target/S2DS/s2ds.zip::train/341_lab.png,,data/feasibility_v0/images/s2ds/s2ds_0006.png,data/feasibility_v0/annotations/s2ds/s2ds_0006.png
s2ds_0007,S2DS,official-archive,datasets/building-target/S2DS/s2ds.zip::train/266.png,266,S2DS:266,S2DS:266,train,unknown,concrete structures,semantic mask,efflorescence,efflorescence_leaching,positive,BDI-TAX-001@0.1.0-beta,GPL-3.0 repository; verify dataset terms before distribution,,quota:efflorescence,,zip_member,datasets/building-target/S2DS/s2ds.zip::train/266.png,datasets/building-target/S2DS/s2ds.zip::train/266_lab.png,,data/feasibility_v0/images/s2ds/s2ds_0007.png,data/feasibility_v0/annotations/s2ds/s2ds_0007.png
s2ds_0008,S2DS,official-archive,datasets/building-target/S2DS/s2ds.zip::train/393.png,393,S2DS:393,S2DS:393,train,unknown,concrete structures,semantic mask,corrosion|efflorescence,efflorescence_leaching|rust_staining,positive,BDI-TAX-001@0.1.0-beta,GPL-3.0 repository; verify dataset terms before distribution,,quota:efflorescence,,zip_member,datasets/building-target/S2DS/s2ds.zip::train/393.png,datasets/building-target/S2DS/s2ds.zip::train/393_lab.png,,data/feasibility_v0/images/s2ds/s2ds_0008.png,data/feasibility_v0/annotations/s2ds/s2ds_0008.png
s2ds_0009,S2DS,official-archive,datasets/building-target/S2DS/s2ds.zip::train/381.png,381,S2DS:381,S2DS:381,train,unknown,concrete structures,semantic mask,efflorescence,efflorescence_leaching,positive,BDI-TAX-001@0.1.0-beta,GPL-3.0 repository; verify dataset terms before distribution,,quota:efflorescence,,zip_member,datasets/building-target/S2DS/s2ds.zip::train/381.png,datasets/building-target/S2DS/s2ds.zip::train/381_lab.png,,data/feasibility_v0/images/s2ds/s2ds_0009.png,data/feasibility_v0/annotations/s2ds/s2ds_0009.png
s2ds_0010,S2DS,official-archive,datasets/building-target/S2DS/s2ds.zip::train/398.png,398,S2DS:398,S2DS:398,train,unknown,concrete structures,semantic mask,efflorescence,efflorescence_leaching,positive,BDI-TAX-001@0.1.0-beta,GPL-3.0 repository; verify dataset terms before distribution,,quota:efflorescence,,zip_member,datasets/building-target/S2DS/s2ds.zip::train/398.png,datasets/building-target/S2DS/s2ds.zip::train/398_lab.png,,data/feasibility_v0/images/s2ds/s2ds_0010.png,data/feasibility_v0/annotations/s2ds/s2ds_0010.png
s2ds_0011,S2DS,official-archive,datasets/building-target/S2DS/s2ds.zip::train/039.png,039,S2DS:039,S2DS:039,train,unknown,concrete structures,semantic mask,efflorescence,efflorescence_leaching,positive,BDI-TAX-001@0.1.0-beta,GPL-3.0 repository; verify dataset terms before distribution,,quota:efflorescence,,zip_member,datasets/building-target/S2DS/s2ds.zip::train/039.png,datasets/building-target/S2DS/s2ds.zip::train/039_lab.png,,data/feasibility_v0/images/s2ds/s2ds_0011.png,data/feasibility_v0/annotations/s2ds/s2ds_0011.png
s2ds_0012,S2DS,official-archive,datasets/building-target/S2DS/s2ds.zip::train/452.png,452,S2DS:452,S2DS:452,train,unknown,concrete structures,semantic mask,crack|efflorescence,crack|efflorescence_leaching,positive,BDI-TAX-001@0.1.0-beta,GPL-3.0 repository; verify dataset terms before distribution,,quota:efflorescence,,zip_member,datasets/building-target/S2DS/s2ds.zip::train/452.png,datasets/building-target/S2DS/s2ds.zip::train/452_lab.png,,data/feasibility_v0/images/s2ds/s2ds_0012.png,data/feasibility_v0/annotations/s2ds/s2ds_0012.png
s2ds_0013,S2DS,official-archive,datasets/building-target/S2DS/s2ds.zip::train/257.png,257,S2DS:257,S2DS:257,train,unknown,concrete structures,semantic mask,corrosion,rust_staining,positive,BDI-TAX-001@0.1.0-beta,GPL-3.0 repository; verify dataset terms before distribution,,quota:corrosion,,zip_member,datasets/building-target/S2DS/s2ds.zip::train/257.png,datasets/building-target/S2DS/s2ds.zip::train/257_lab.png,,data/feasibility_v0/images/s2ds/s2ds_0013.png,data/feasibility_v0/annotations/s2ds/s2ds_0013.png
s2ds_0014,S2DS,official-archive,datasets/building-target/S2DS/s2ds.zip::train/383.png,383,S2DS:383,S2DS:383,train,unknown,concrete structures,semantic mask,corrosion|spalling,rust_staining|spalling,positive,BDI-TAX-001@0.1.0-beta,GPL-3.0 repository; verify dataset terms before distribution,,quota:corrosion,,zip_member,datasets/building-target/S2DS/s2ds.zip::train/383.png,datasets/building-target/S2DS/s2ds.zip::train/383_lab.png,,data/feasibility_v0/images/s2ds/s2ds_0014.png,data/feasibility_v0/annotations/s2ds/s2ds_0014.png
s2ds_0015,S2DS,official-archive,datasets/building-target/S2DS/s2ds.zip::train/330.png,330,S2DS:330,S2DS:330,train,unknown,concrete structures,semantic mask,corrosion|spalling,rust_staining|spalling,positive,BDI-TAX-001@0.1.0-beta,GPL-3.0 repository; verify dataset terms before distribution,,quota:corrosion,,zip_member,datasets/building-target/S2DS/s2ds.zip::train/330.png,datasets/building-target/S2DS/s2ds.zip::train/330_lab.png,,data/feasibility_v0/images/s2ds/s2ds_0015.png,data/feasibility_v0/annotations/s2ds/s2ds_0015.png
s2ds_0016,S2DS,official-archive,datasets/building-target/S2DS/s2ds.zip::train/153.png,153,S2DS:153,S2DS:153,train,unknown,concrete structures,semantic mask,corrosion,rust_staining,positive,BDI-TAX-001@0.1.0-beta,GPL-3.0 repository; verify dataset terms before distribution,,quota:corrosion,,zip_member,datasets/building-target/S2DS/s2ds.zip::train/153.png,datasets/building-target/S2DS/s2ds.zip::train/153_lab.png,,data/feasibility_v0/images/s2ds/s2ds_0016.png,data/feasibility_v0/annotations/s2ds/s2ds_0016.png
s2ds_0017,S2DS,official-archive,datasets/building-target/S2DS/s2ds.zip::train/042.png,042,S2DS:042,S2DS:042,train,unknown,concrete structures,semantic mask,corrosion|spalling,rust_staining|spalling,positive,BDI-TAX-001@0.1.0-beta,GPL-3.0 repository; verify dataset terms before distribution,,quota:corrosion,,zip_member,datasets/building-target/S2DS/s2ds.zip::train/042.png,datasets/building-target/S2DS/s2ds.zip::train/042_lab.png,,data/feasibility_v0/images/s2ds/s2ds_0017.png,data/feasibility_v0/annotations/s2ds/s2ds_0017.png
s2ds_0018,S2DS,official-archive,datasets/building-target/S2DS/s2ds.zip::train/419.png,419,S2DS:419,S2DS:419,train,unknown,concrete structures,semantic mask,corrosion|spalling,rust_staining|spalling,positive,BDI-TAX-001@0.1.0-beta,GPL-3.0 repository; verify dataset terms before distribution,,quota:corrosion,,zip_member,datasets/building-target/S2DS/s2ds.zip::train/419.png,datasets/building-target/S2DS/s2ds.zip::train/419_lab.png,,data/feasibility_v0/images/s2ds/s2ds_0018.png,data/feasibility_v0/annotations/s2ds/s2ds_0018.png
s2ds_0019,S2DS,official-archive,datasets/building-target/S2DS/s2ds.zip::train/088.png,088,S2DS:088,S2DS:088,train,unknown,concrete structures,semantic mask,corrosion|spalling,rust_staining|spalling,positive,BDI-TAX-001@0.1.0-beta,GPL-3.0 repository; verify dataset terms before distribution,,quota:corrosion,,zip_member,datasets/building-target/S2DS/s2ds.zip::train/088.png,datasets/building-target/S2DS/s2ds.zip::train/088_lab.png,,data/feasibility_v0/images/s2ds/s2ds_0019.png,data/feasibility_v0/annotations/s2ds/s2ds_0019.png
s2ds_0020,S2DS,official-archive,datasets/building-target/S2DS/s2ds.zip::train/311.png,311,S2DS:311,S2DS:311,train,unknown,concrete structures,semantic mask,corrosion,rust_staining,positive,BDI-TAX-001@0.1.0-beta,GPL-3.0 repository; verify dataset terms before distribution,,quota:corrosion,,zip_member,datasets/building-target/S2DS/s2ds.zip::train/311.png,datasets/building-target/S2DS/s2ds.zip::train/311_lab.png,,data/feasibility_v0/images/s2ds/s2ds_0020.png,data/feasibility_v0/annotations/s2ds/s2ds_0020.png
s2ds_0021,S2DS,official-archive,datasets/building-target/S2DS/s2ds.zip::train/264.png,264,S2DS:264,S2DS:264,train,unknown,concrete structures,semantic mask,corrosion,rust_staining,positive,BDI-TAX-001@0.1.0-beta,GPL-3.0 repository; verify dataset terms before distribution,,quota:corrosion,,zip_member,datasets/building-target/S2DS/s2ds.zip::train/264.png,datasets/building-target/S2DS/s2ds.zip::train/264_lab.png,,data/feasibility_v0/images/s2ds/s2ds_0021.png,data/feasibility_v0/annotations/s2ds/s2ds_0021.png
s2ds_0022,S2DS,official-archive,datasets/building-target/S2DS/s2ds.zip::train/416.png,416,S2DS:416,S2DS:416,train,unknown,concrete structures,semantic mask,corrosion,rust_staining,positive,BDI-TAX-001@0.1.0-beta,GPL-3.0 repository; verify dataset terms before distribution,,quota:corrosion,,zip_member,datasets/building-target/S2DS/s2ds.zip::train/416.png,datasets/building-target/S2DS/s2ds.zip::train/416_lab.png,,data/feasibility_v0/images/s2ds/s2ds_0022.png,data/feasibility_v0/annotations/s2ds/s2ds_0022.png
s2ds_0023,S2DS,official-archive,datasets/building-target/S2DS/s2ds.zip::train/247.png,247,S2DS:247,S2DS:247,train,unknown,concrete structures,semantic mask,corrosion|spalling,rust_staining|spalling,positive,BDI-TAX-001@0.1.0-beta,GPL-3.0 repository; verify dataset terms before distribution,,quota:corrosion,,zip_member,datasets/building-target/S2DS/s2ds.zip::train/247.png,datasets/building-target/S2DS/s2ds.zip::train/247_lab.png,,data/feasibility_v0/images/s2ds/s2ds_0023.png,data/feasibility_v0/annotations/s2ds/s2ds_0023.png
s2ds_0024,S2DS,official-archive,datasets/building-target/S2DS/s2ds.zip::train/530.png,530,S2DS:530,S2DS:530,train,unknown,concrete structures,semantic mask,corrosion,rust_staining,positive,BDI-TAX-001@0.1.0-beta,GPL-3.0 repository; verify dataset terms before distribution,,quota:corrosion,,zip_member,datasets/building-target/S2DS/s2ds.zip::train/530.png,datasets/building-target/S2DS/s2ds.zip::train/530_lab.png,,data/feasibility_v0/images/s2ds/s2ds_0024.png,data/feasibility_v0/annotations/s2ds/s2ds_0024.png
s2ds_0025,S2DS,official-archive,datasets/building-target/S2DS/s2ds.zip::train/529.png,529,S2DS:529,S2DS:529,train,unknown,concrete structures,semantic mask,spalling,spalling,positive,BDI-TAX-001@0.1.0-beta,GPL-3.0 repository; verify dataset terms before distribution,,quota:spalling,,zip_member,datasets/building-target/S2DS/s2ds.zip::train/529.png,datasets/building-target/S2DS/s2ds.zip::train/529_lab.png,,data/feasibility_v0/images/s2ds/s2ds_0025.png,data/feasibility_v0/annotations/s2ds/s2ds_0025.png
s2ds_0026,S2DS,official-archive,datasets/building-target/S2DS/s2ds.zip::train/198.png,198,S2DS:198,S2DS:198,train,unknown,concrete structures,semantic mask,corrosion|spalling,rust_staining|spalling,positive,BDI-TAX-001@0.1.0-beta,GPL-3.0 repository; verify dataset terms before distribution,,quota:spalling,,zip_member,datasets/building-target/S2DS/s2ds.zip::train/198.png,datasets/building-target/S2DS/s2ds.zip::train/198_lab.png,,data/feasibility_v0/images/s2ds/s2ds_0026.png,data/feasibility_v0/annotations/s2ds/s2ds_0026.png
s2ds_0027,S2DS,official-archive,datasets/building-target/S2DS/s2ds.zip::train/283.png,283,S2DS:283,S2DS:283,train,unknown,concrete structures,semantic mask,corrosion|spalling,rust_staining|spalling,positive,BDI-TAX-001@0.1.0-beta,GPL-3.0 repository; verify dataset terms before distribution,,quota:spalling,,zip_member,datasets/building-target/S2DS/s2ds.zip::train/283.png,datasets/building-target/S2DS/s2ds.zip::train/283_lab.png,,data/feasibility_v0/images/s2ds/s2ds_0027.png,data/feasibility_v0/annotations/s2ds/s2ds_0027.png
s2ds_0028,S2DS,official-archive,datasets/building-target/S2DS/s2ds.zip::train/171.png,171,S2DS:171,S2DS:171,train,unknown,concrete structures,semantic mask,corrosion|spalling,rust_staining|spalling,positive,BDI-TAX-001@0.1.0-beta,GPL-3.0 repository; verify dataset terms before distribution,,quota:spalling,,zip_member,datasets/building-target/S2DS/s2ds.zip::train/171.png,datasets/building-target/S2DS/s2ds.zip::train/171_lab.png,,data/feasibility_v0/images/s2ds/s2ds_0028.png,data/feasibility_v0/annotations/s2ds/s2ds_0028.png
s2ds_0029,S2DS,official-archive,datasets/building-target/S2DS/s2ds.zip::train/038.png,038,S2DS:038,S2DS:038,train,unknown,concrete structures,semantic mask,corrosion|spalling,rust_staining|spalling,positive,BDI-TAX-001@0.1.0-beta,GPL-3.0 repository; verify dataset terms before distribution,,quota:spalling,,zip_member,datasets/building-target/S2DS/s2ds.zip::train/038.png,datasets/building-target/S2DS/s2ds.zip::train/038_lab.png,,data/feasibility_v0/images/s2ds/s2ds_0029.png,data/feasibility_v0/annotations/s2ds/s2ds_0029.png
s2ds_0030,S2DS,official-archive,datasets/building-target/S2DS/s2ds.zip::train/557.png,557,S2DS:557,S2DS:557,train,unknown,concrete structures,semantic mask,corrosion|spalling,rust_staining|spalling,positive,BDI-TAX-001@0.1.0-beta,GPL-3.0 repository; verify dataset terms before distribution,,quota:spalling,,zip_member,datasets/building-target/S2DS/s2ds.zip::train/557.png,datasets/building-target/S2DS/s2ds.zip::train/557_lab.png,,data/feasibility_v0/images/s2ds/s2ds_0030.png,data/feasibility_v0/annotations/s2ds/s2ds_0030.png
s2ds_0031,S2DS,official-archive,datasets/building-target/S2DS/s2ds.zip::train/196.png,196,S2DS:196,S2DS:196,train,unknown,concrete structures,semantic mask,corrosion|spalling,rust_staining|spalling,positive,BDI-TAX-001@0.1.0-beta,GPL-3.0 repository; verify dataset terms before distribution,,quota:spalling,,zip_member,datasets/building-target/S2DS/s2ds.zip::train/196.png,datasets/building-target/S2DS/s2ds.zip::train/196_lab.png,,data/feasibility_v0/images/s2ds/s2ds_0031.png,data/feasibility_v0/annotations/s2ds/s2ds_0031.png
s2ds_0032,S2DS,official-archive,datasets/building-target/S2DS/s2ds.zip::train/214.png,214,S2DS:214,S2DS:214,train,unknown,concrete structures,semantic mask,corrosion|spalling,rust_staining|spalling,positive,BDI-TAX-001@0.1.0-beta,GPL-3.0 repository; verify dataset terms before distribution,,quota:spalling,,zip_member,datasets/building-target/S2DS/s2ds.zip::train/214.png,datasets/building-target/S2DS/s2ds.zip::train/214_lab.png,,data/feasibility_v0/images/s2ds/s2ds_0032.png,data/feasibility_v0/annotations/s2ds/s2ds_0032.png
s2ds_0033,S2DS,official-archive,datasets/building-target/S2DS/s2ds.zip::train/100.png,100,S2DS:100,S2DS:100,train,unknown,concrete structures,semantic mask,corrosion|spalling,rust_staining|spalling,positive,BDI-TAX-001@0.1.0-beta,GPL-3.0 repository; verify dataset terms before distribution,,quota:spalling,,zip_member,datasets/building-target/S2DS/s2ds.zip::train/100.png,datasets/building-target/S2DS/s2ds.zip::train/100_lab.png,,data/feasibility_v0/images/s2ds/s2ds_0033.png,data/feasibility_v0/annotations/s2ds/s2ds_0033.png
s2ds_0034,S2DS,official-archive,datasets/building-target/S2DS/s2ds.zip::train/521.png,521,S2DS:521,S2DS:521,train,unknown,concrete structures,semantic mask,corrosion|spalling,rust_staining|spalling,positive,BDI-TAX-001@0.1.0-beta,GPL-3.0 repository; verify dataset terms before distribution,,quota:spalling,,zip_member,datasets/building-target/S2DS/s2ds.zip::train/521.png,datasets/building-target/S2DS/s2ds.zip::train/521_lab.png,,data/feasibility_v0/images/s2ds/s2ds_0034.png,data/feasibility_v0/annotations/s2ds/s2ds_0034.png
s2ds_0035,S2DS,official-archive,datasets/building-target/S2DS/s2ds.zip::train/469.png,469,S2DS:469,S2DS:469,train,unknown,concrete structures,semantic mask,corrosion|spalling,rust_staining|spalling,positive,BDI-TAX-001@0.1.0-beta,GPL-3.0 repository; verify dataset terms before distribution,,quota:spalling,,zip_member,datasets/building-target/S2DS/s2ds.zip::train/469.png,datasets/building-target/S2DS/s2ds.zip::train/469_lab.png,,data/feasibility_v0/images/s2ds/s2ds_0035.png,data/feasibility_v0/annotations/s2ds/s2ds_0035.png
s2ds_0036,S2DS,official-archive,datasets/building-target/S2DS/s2ds.zip::train/320.png,320,S2DS:320,S2DS:320,train,unknown,concrete structures,semantic mask,corrosion|spalling,rust_staining|spalling,positive,BDI-TAX-001@0.1.0-beta,GPL-3.0 repository; verify dataset terms before distribution,,quota:spalling,,zip_member,datasets/building-target/S2DS/s2ds.zip::train/320.png,datasets/building-target/S2DS/s2ds.zip::train/320_lab.png,,data/feasibility_v0/images/s2ds/s2ds_0036.png,data/feasibility_v0/annotations/s2ds/s2ds_0036.png
s2ds_0037,S2DS,official-archive,datasets/building-target/S2DS/s2ds.zip::train/387.png,387,S2DS:387,S2DS:387,train,unknown,concrete structures,semantic mask,corrosion|spalling,rust_staining|spalling,positive,BDI-TAX-001@0.1.0-beta,GPL-3.0 repository; verify dataset terms before distribution,,quota:spalling,,zip_member,datasets/building-target/S2DS/s2ds.zip::train/387.png,datasets/building-target/S2DS/s2ds.zip::train/387_lab.png,,data/feasibility_v0/images/s2ds/s2ds_0037.png,data/feasibility_v0/annotations/s2ds/s2ds_0037.png
s2ds_0038,S2DS,official-archive,datasets/building-target/S2DS/s2ds.zip::train/209.png,209,S2DS:209,S2DS:209,train,unknown,concrete structures,semantic mask,corrosion|spalling,rust_staining|spalling,positive,BDI-TAX-001@0.1.0-beta,GPL-3.0 repository; verify dataset terms before distribution,,quota:spalling,,zip_member,datasets/building-target/S2DS/s2ds.zip::train/209.png,datasets/building-target/S2DS/s2ds.zip::train/209_lab.png,,data/feasibility_v0/images/s2ds/s2ds_0038.png,data/feasibility_v0/annotations/s2ds/s2ds_0038.png
s2ds_0039,S2DS,official-archive,datasets/building-target/S2DS/s2ds.zip::train/120.png,120,S2DS:120,S2DS:120,train,unknown,concrete structures,semantic mask,corrosion|spalling,rust_staining|spalling,positive,BDI-TAX-001@0.1.0-beta,GPL-3.0 repository; verify dataset terms before distribution,,quota:spalling,,zip_member,datasets/building-target/S2DS/s2ds.zip::train/120.png,datasets/building-target/S2DS/s2ds.zip::train/120_lab.png,,data/feasibility_v0/images/s2ds/s2ds_0039.png,data/feasibility_v0/annotations/s2ds/s2ds_0039.png
s2ds_0040,S2DS,official-archive,datasets/building-target/S2DS/s2ds.zip::train/411.png,411,S2DS:411,S2DS:411,train,unknown,concrete structures,semantic mask,corrosion|spalling,rust_staining|spalling,positive,BDI-TAX-001@0.1.0-beta,GPL-3.0 repository; verify dataset terms before distribution,,quota:spalling,,zip_member,datasets/building-target/S2DS/s2ds.zip::train/411.png,datasets/building-target/S2DS/s2ds.zip::train/411_lab.png,,data/feasibility_v0/images/s2ds/s2ds_0040.png,data/feasibility_v0/annotations/s2ds/s2ds_0040.png
s2ds_0041,S2DS,official-archive,datasets/building-target/S2DS/s2ds.zip::train/464.png,464,S2DS:464,S2DS:464,train,unknown,concrete structures,semantic mask,crack,crack,positive,BDI-TAX-001@0.1.0-beta,GPL-3.0 repository; verify dataset terms before distribution,,quota:crack,,zip_member,datasets/building-target/S2DS/s2ds.zip::train/464.png,datasets/building-target/S2DS/s2ds.zip::train/464_lab.png,,data/feasibility_v0/images/s2ds/s2ds_0041.png,data/feasibility_v0/annotations/s2ds/s2ds_0041.png
s2ds_0042,S2DS,official-archive,datasets/building-target/S2DS/s2ds.zip::train/500.png,500,S2DS:500,S2DS:500,train,unknown,concrete structures,semantic mask,crack,crack,positive,BDI-TAX-001@0.1.0-beta,GPL-3.0 repository; verify dataset terms before distribution,,quota:crack,,zip_member,datasets/building-target/S2DS/s2ds.zip::train/500.png,datasets/building-target/S2DS/s2ds.zip::train/500_lab.png,,data/feasibility_v0/images/s2ds/s2ds_0042.png,data/feasibility_v0/annotations/s2ds/s2ds_0042.png
s2ds_0043,S2DS,official-archive,datasets/building-target/S2DS/s2ds.zip::train/297.png,297,S2DS:297,S2DS:297,train,unknown,concrete structures,semantic mask,crack,crack,positive,BDI-TAX-001@0.1.0-beta,GPL-3.0 repository; verify dataset terms before distribution,,quota:crack,,zip_member,datasets/building-target/S2DS/s2ds.zip::train/297.png,datasets/building-target/S2DS/s2ds.zip::train/297_lab.png,,data/feasibility_v0/images/s2ds/s2ds_0043.png,data/feasibility_v0/annotations/s2ds/s2ds_0043.png
s2ds_0044,S2DS,official-archive,datasets/building-target/S2DS/s2ds.zip::train/021.png,021,S2DS:021,S2DS:021,train,unknown,concrete structures,semantic mask,crack,crack,positive,BDI-TAX-001@0.1.0-beta,GPL-3.0 repository; verify dataset terms before distribution,,quota:crack,,zip_member,datasets/building-target/S2DS/s2ds.zip::train/021.png,datasets/building-target/S2DS/s2ds.zip::train/021_lab.png,,data/feasibility_v0/images/s2ds/s2ds_0044.png,data/feasibility_v0/annotations/s2ds/s2ds_0044.png
s2ds_0045,S2DS,official-archive,datasets/building-target/S2DS/s2ds.zip::train/062.png,062,S2DS:062,S2DS:062,train,unknown,concrete structures,semantic mask,crack,crack,positive,BDI-TAX-001@0.1.0-beta,GPL-3.0 repository; verify dataset terms before distribution,,quota:crack,,zip_member,datasets/building-target/S2DS/s2ds.zip::train/062.png,datasets/building-target/S2DS/s2ds.zip::train/062_lab.png,,data/feasibility_v0/images/s2ds/s2ds_0045.png,data/feasibility_v0/annotations/s2ds/s2ds_0045.png
s2ds_0046,S2DS,official-archive,datasets/building-target/S2DS/s2ds.zip::train/560.png,560,S2DS:560,S2DS:560,train,unknown,concrete structures,semantic mask,crack,crack,positive,BDI-TAX-001@0.1.0-beta,GPL-3.0 repository; verify dataset terms before distribution,,quota:crack,,zip_member,datasets/building-target/S2DS/s2ds.zip::train/560.png,datasets/building-target/S2DS/s2ds.zip::train/560_lab.png,,data/feasibility_v0/images/s2ds/s2ds_0046.png,data/feasibility_v0/annotations/s2ds/s2ds_0046.png
s2ds_0047,S2DS,official-archive,datasets/building-target/S2DS/s2ds.zip::train/358.png,358,S2DS:358,S2DS:358,train,unknown,concrete structures,semantic mask,crack,crack,positive,BDI-TAX-001@0.1.0-beta,GPL-3.0 repository; verify dataset terms before distribution,,quota:crack,,zip_member,datasets/building-target/S2DS/s2ds.zip::train/358.png,datasets/building-target/S2DS/s2ds.zip::train/358_lab.png,,data/feasibility_v0/images/s2ds/s2ds_0047.png,data/feasibility_v0/annotations/s2ds/s2ds_0047.png
s2ds_0048,S2DS,official-archive,datasets/building-target/S2DS/s2ds.zip::train/025.png,025,S2DS:025,S2DS:025,train,unknown,concrete structures,semantic mask,crack,crack,positive,BDI-TAX-001@0.1.0-beta,GPL-3.0 repository; verify dataset terms before distribution,,quota:crack,,zip_member,datasets/building-target/S2DS/s2ds.zip::train/025.png,datasets/building-target/S2DS/s2ds.zip::train/025_lab.png,,data/feasibility_v0/images/s2ds/s2ds_0048.png,data/feasibility_v0/annotations/s2ds/s2ds_0048.png
s2ds_0049,S2DS,official-archive,datasets/building-target/S2DS/s2ds.zip::train/104.png,104,S2DS:104,S2DS:104,train,unknown,concrete structures,semantic mask,crack,crack,positive,BDI-TAX-001@0.1.0-beta,GPL-3.0 repository; verify dataset terms before distribution,,quota:crack,,zip_member,datasets/building-target/S2DS/s2ds.zip::train/104.png,datasets/building-target/S2DS/s2ds.zip::train/104_lab.png,,data/feasibility_v0/images/s2ds/s2ds_0049.png,data/feasibility_v0/annotations/s2ds/s2ds_0049.png
s2ds_0050,S2DS,official-archive,datasets/building-target/S2DS/s2ds.zip::train/201.png,201,S2DS:201,S2DS:201,train,unknown,concrete structures,semantic mask,crack,crack,positive,BDI-TAX-001@0.1.0-beta,GPL-3.0 repository; verify dataset terms before distribution,,quota:crack,,zip_member,datasets/building-target/S2DS/s2ds.zip::train/201.png,datasets/building-target/S2DS/s2ds.zip::train/201_lab.png,,data/feasibility_v0/images/s2ds/s2ds_0050.png,data/feasibility_v0/annotations/s2ds/s2ds_0050.png
s2ds_0051,S2DS,official-archive,datasets/building-target/S2DS/s2ds.zip::train/357.png,357,S2DS:357,S2DS:357,train,unknown,concrete structures,semantic mask,corrosion|crack,crack|rust_staining,positive,BDI-TAX-001@0.1.0-beta,GPL-3.0 repository; verify dataset terms before distribution,,quota:crack,,zip_member,datasets/building-target/S2DS/s2ds.zip::train/357.png,datasets/building-target/S2DS/s2ds.zip::train/357_lab.png,,data/feasibility_v0/images/s2ds/s2ds_0051.png,data/feasibility_v0/annotations/s2ds/s2ds_0051.png
s2ds_0052,S2DS,official-archive,datasets/building-target/S2DS/s2ds.zip::train/075.png,075,S2DS:075,S2DS:075,train,unknown,concrete structures,semantic mask,crack,crack,positive,BDI-TAX-001@0.1.0-beta,GPL-3.0 repository; verify dataset terms before distribution,,quota:crack,,zip_member,datasets/building-target/S2DS/s2ds.zip::train/075.png,datasets/building-target/S2DS/s2ds.zip::train/075_lab.png,,data/feasibility_v0/images/s2ds/s2ds_0052.png,data/feasibility_v0/annotations/s2ds/s2ds_0052.png
s2ds_0053,S2DS,official-archive,datasets/building-target/S2DS/s2ds.zip::train/489.png,489,S2DS:489,S2DS:489,train,unknown,concrete structures,semantic mask,crack,crack,positive,BDI-TAX-001@0.1.0-beta,GPL-3.0 repository; verify dataset terms before distribution,,quota:crack,,zip_member,datasets/building-target/S2DS/s2ds.zip::train/489.png,datasets/building-target/S2DS/s2ds.zip::train/489_lab.png,,data/feasibility_v0/images/s2ds/s2ds_0053.png,data/feasibility_v0/annotations/s2ds/s2ds_0053.png
s2ds_0054,S2DS,official-archive,datasets/building-target/S2DS/s2ds.zip::train/555.png,555,S2DS:555,S2DS:555,train,unknown,concrete structures,semantic mask,crack,crack,positive,BDI-TAX-001@0.1.0-beta,GPL-3.0 repository; verify dataset terms before distribution,,quota:crack,,zip_member,datasets/building-target/S2DS/s2ds.zip::train/555.png,datasets/building-target/S2DS/s2ds.zip::train/555_lab.png,,data/feasibility_v0/images/s2ds/s2ds_0054.png,data/feasibility_v0/annotations/s2ds/s2ds_0054.png
s2ds_0055,S2DS,official-archive,datasets/building-target/S2DS/s2ds.zip::train/343.png,343,S2DS:343,S2DS:343,train,unknown,concrete structures,semantic mask,crack,crack,positive,BDI-TAX-001@0.1.0-beta,GPL-3.0 repository; verify dataset terms before distribution,,quota:crack,,zip_member,datasets/building-target/S2DS/s2ds.zip::train/343.png,datasets/building-target/S2DS/s2ds.zip::train/343_lab.png,,data/feasibility_v0/images/s2ds/s2ds_0055.png,data/feasibility_v0/annotations/s2ds/s2ds_0055.png
s2ds_0056,S2DS,official-archive,datasets/building-target/S2DS/s2ds.zip::train/278.png,278,S2DS:278,S2DS:278,train,unknown,concrete structures,semantic mask,crack,crack,positive,BDI-TAX-001@0.1.0-beta,GPL-3.0 repository; verify dataset terms before distribution,,quota:crack,,zip_member,datasets/building-target/S2DS/s2ds.zip::train/278.png,datasets/building-target/S2DS/s2ds.zip::train/278_lab.png,,data/feasibility_v0/images/s2ds/s2ds_0056.png,data/feasibility_v0/annotations/s2ds/s2ds_0056.png
s2ds_0057,S2DS,official-archive,datasets/building-target/S2DS/s2ds.zip::train/231.png,231,S2DS:231,S2DS:231,train,unknown,concrete structures,semantic mask,crack,crack,positive,BDI-TAX-001@0.1.0-beta,GPL-3.0 repository; verify dataset terms before distribution,,quota:crack,,zip_member,datasets/building-target/S2DS/s2ds.zip::train/231.png,datasets/building-target/S2DS/s2ds.zip::train/231_lab.png,,data/feasibility_v0/images/s2ds/s2ds_0057.png,data/feasibility_v0/annotations/s2ds/s2ds_0057.png
s2ds_0058,S2DS,official-archive,datasets/building-target/S2DS/s2ds.zip::train/117.png,117,S2DS:117,S2DS:117,train,unknown,concrete structures,semantic mask,crack,crack,positive,BDI-TAX-001@0.1.0-beta,GPL-3.0 repository; verify dataset terms before distribution,,quota:crack,,zip_member,datasets/building-target/S2DS/s2ds.zip::train/117.png,datasets/building-target/S2DS/s2ds.zip::train/117_lab.png,,data/feasibility_v0/images/s2ds/s2ds_0058.png,data/feasibility_v0/annotations/s2ds/s2ds_0058.png
s2ds_0059,S2DS,official-archive,datasets/building-target/S2DS/s2ds.zip::train/418.png,418,S2DS:418,S2DS:418,train,unknown,concrete structures,semantic mask,crack,crack,positive,BDI-TAX-001@0.1.0-beta,GPL-3.0 repository; verify dataset terms before distribution,,quota:crack,,zip_member,datasets/building-target/S2DS/s2ds.zip::train/418.png,datasets/building-target/S2DS/s2ds.zip::train/418_lab.png,,data/feasibility_v0/images/s2ds/s2ds_0059.png,data/feasibility_v0/annotations/s2ds/s2ds_0059.png
s2ds_0060,S2DS,official-archive,datasets/building-target/S2DS/s2ds.zip::train/288.png,288,S2DS:288,S2DS:288,train,unknown,concrete structures,semantic mask,crack,crack,positive,BDI-TAX-001@0.1.0-beta,GPL-3.0 repository; verify dataset terms before distribution,,quota:crack,,zip_member,datasets/building-target/S2DS/s2ds.zip::train/288.png,datasets/building-target/S2DS/s2ds.zip::train/288_lab.png,,data/feasibility_v0/images/s2ds/s2ds_0060.png,data/feasibility_v0/annotations/s2ds/s2ds_0060.png
s2ds_0061,S2DS,official-archive,datasets/building-target/S2DS/s2ds.zip::train/144.png,144,S2DS:144,S2DS:144,train,unknown,concrete structures,semantic mask,corrosion|crack,crack|rust_staining,positive,BDI-TAX-001@0.1.0-beta,GPL-3.0 repository; verify dataset terms before distribution,,quota:crack,,zip_member,datasets/building-target/S2DS/s2ds.zip::train/144.png,datasets/building-target/S2DS/s2ds.zip::train/144_lab.png,,data/feasibility_v0/images/s2ds/s2ds_0061.png,data/feasibility_v0/annotations/s2ds/s2ds_0061.png
s2ds_0062,S2DS,official-archive,datasets/building-target/S2DS/s2ds.zip::train/304.png,304,S2DS:304,S2DS:304,train,unknown,concrete structures,semantic mask,crack,crack,positive,BDI-TAX-001@0.1.0-beta,GPL-3.0 repository; verify dataset terms before distribution,,quota:crack,,zip_member,datasets/building-target/S2DS/s2ds.zip::train/304.png,datasets/building-target/S2DS/s2ds.zip::train/304_lab.png,,data/feasibility_v0/images/s2ds/s2ds_0062.png,data/feasibility_v0/annotations/s2ds/s2ds_0062.png
s2ds_0063,S2DS,official-archive,datasets/building-target/S2DS/s2ds.zip::train/531.png,531,S2DS:531,S2DS:531,train,unknown,concrete structures,semantic mask,crack,crack,positive,BDI-TAX-001@0.1.0-beta,GPL-3.0 repository; verify dataset terms before distribution,,quota:crack,,zip_member,datasets/building-target/S2DS/s2ds.zip::train/531.png,datasets/building-target/S2DS/s2ds.zip::train/531_lab.png,,data/feasibility_v0/images/s2ds/s2ds_0063.png,data/feasibility_v0/annotations/s2ds/s2ds_0063.png
s2ds_0064,S2DS,official-archive,datasets/building-target/S2DS/s2ds.zip::train/505.png,505,S2DS:505,S2DS:505,train,unknown,concrete structures,semantic mask,crack,crack,positive,BDI-TAX-001@0.1.0-beta,GPL-3.0 repository; verify dataset terms before distribution,,quota:crack,,zip_member,datasets/building-target/S2DS/s2ds.zip::train/505.png,datasets/building-target/S2DS/s2ds.zip::train/505_lab.png,,data/feasibility_v0/images/s2ds/s2ds_0064.png,data/feasibility_v0/annotations/s2ds/s2ds_0064.png
s2ds_0065,S2DS,official-archive,datasets/building-target/S2DS/s2ds.zip::train/024.png,024,S2DS:024,S2DS:024,train,unknown,concrete structures,semantic mask,crack,crack,positive,BDI-TAX-001@0.1.0-beta,GPL-3.0 repository; verify dataset terms before distribution,,quota:crack,,zip_member,datasets/building-target/S2DS/s2ds.zip::train/024.png,datasets/building-target/S2DS/s2ds.zip::train/024_lab.png,,data/feasibility_v0/images/s2ds/s2ds_0065.png,data/feasibility_v0/annotations/s2ds/s2ds_0065.png
s2ds_0066,S2DS,official-archive,datasets/building-target/S2DS/s2ds.zip::train/312.png,312,S2DS:312,S2DS:312,train,unknown,concrete structures,semantic mask,crack,crack,positive,BDI-TAX-001@0.1.0-beta,GPL-3.0 repository; verify dataset terms before distribution,,quota:crack,,zip_member,datasets/building-target/S2DS/s2ds.zip::train/312.png,datasets/building-target/S2DS/s2ds.zip::train/312_lab.png,,data/feasibility_v0/images/s2ds/s2ds_0066.png,data/feasibility_v0/annotations/s2ds/s2ds_0066.png
s2ds_0067,S2DS,official-archive,datasets/building-target/S2DS/s2ds.zip::train/267.png,267,S2DS:267,S2DS:267,train,unknown,concrete structures,semantic mask,crack,crack,positive,BDI-TAX-001@0.1.0-beta,GPL-3.0 repository; verify dataset terms before distribution,,quota:crack,,zip_member,datasets/building-target/S2DS/s2ds.zip::train/267.png,datasets/building-target/S2DS/s2ds.zip::train/267_lab.png,,data/feasibility_v0/images/s2ds/s2ds_0067.png,data/feasibility_v0/annotations/s2ds/s2ds_0067.png
s2ds_0068,S2DS,official-archive,datasets/building-target/S2DS/s2ds.zip::train/174.png,174,S2DS:174,S2DS:174,train,unknown,concrete structures,semantic mask,crack,crack,positive,BDI-TAX-001@0.1.0-beta,GPL-3.0 repository; verify dataset terms before distribution,,quota:crack,,zip_member,datasets/building-target/S2DS/s2ds.zip::train/174.png,datasets/building-target/S2DS/s2ds.zip::train/174_lab.png,,data/feasibility_v0/images/s2ds/s2ds_0068.png,data/feasibility_v0/annotations/s2ds/s2ds_0068.png
s2ds_0069,S2DS,official-archive,datasets/building-target/S2DS/s2ds.zip::train/118.png,118,S2DS:118,S2DS:118,train,unknown,concrete structures,semantic mask,crack,crack,positive,BDI-TAX-001@0.1.0-beta,GPL-3.0 repository; verify dataset terms before distribution,,quota:crack,,zip_member,datasets/building-target/S2DS/s2ds.zip::train/118.png,datasets/building-target/S2DS/s2ds.zip::train/118_lab.png,,data/feasibility_v0/images/s2ds/s2ds_0069.png,data/feasibility_v0/annotations/s2ds/s2ds_0069.png
s2ds_0070,S2DS,official-archive,datasets/building-target/S2DS/s2ds.zip::train/501.png,501,S2DS:501,S2DS:501,train,unknown,concrete structures,semantic mask,crack,crack,positive,BDI-TAX-001@0.1.0-beta,GPL-3.0 repository; verify dataset terms before distribution,,quota:crack,,zip_member,datasets/building-target/S2DS/s2ds.zip::train/501.png,datasets/building-target/S2DS/s2ds.zip::train/501_lab.png,,data/feasibility_v0/images/s2ds/s2ds_0070.png,data/feasibility_v0/annotations/s2ds/s2ds_0070.png
s2ds_0071,S2DS,official-archive,datasets/building-target/S2DS/s2ds.zip::train/535.png,535,S2DS:535,S2DS:535,train,unknown,concrete structures,semantic mask,crack,crack,positive,BDI-TAX-001@0.1.0-beta,GPL-3.0 repository; verify dataset terms before distribution,,quota:crack,,zip_member,datasets/building-target/S2DS/s2ds.zip::train/535.png,datasets/building-target/S2DS/s2ds.zip::train/535_lab.png,,data/feasibility_v0/images/s2ds/s2ds_0071.png,data/feasibility_v0/annotations/s2ds/s2ds_0071.png
s2ds_0072,S2DS,official-archive,datasets/building-target/S2DS/s2ds.zip::train/204.png,204,S2DS:204,S2DS:204,train,unknown,concrete structures,semantic mask,crack,crack,positive,BDI-TAX-001@0.1.0-beta,GPL-3.0 repository; verify dataset terms before distribution,,quota:crack,,zip_member,datasets/building-target/S2DS/s2ds.zip::train/204.png,datasets/building-target/S2DS/s2ds.zip::train/204_lab.png,,data/feasibility_v0/images/s2ds/s2ds_0072.png,data/feasibility_v0/annotations/s2ds/s2ds_0072.png
s2ds_0073,S2DS,official-archive,datasets/building-target/S2DS/s2ds.zip::train/143.png,143,S2DS:143,S2DS:143,train,unknown,concrete structures,semantic mask,corrosion|crack|spalling,crack|rust_staining|spalling,positive,BDI-TAX-001@0.1.0-beta,GPL-3.0 repository; verify dataset terms before distribution,,quota:crack,,zip_member,datasets/building-target/S2DS/s2ds.zip::train/143.png,datasets/building-target/S2DS/s2ds.zip::train/143_lab.png,,data/feasibility_v0/images/s2ds/s2ds_0073.png,data/feasibility_v0/annotations/s2ds/s2ds_0073.png
s2ds_0074,S2DS,official-archive,datasets/building-target/S2DS/s2ds.zip::train/258.png,258,S2DS:258,S2DS:258,train,unknown,concrete structures,semantic mask,crack,crack,positive,BDI-TAX-001@0.1.0-beta,GPL-3.0 repository; verify dataset terms before distribution,,quota:crack,,zip_member,datasets/building-target/S2DS/s2ds.zip::train/258.png,datasets/building-target/S2DS/s2ds.zip::train/258_lab.png,,data/feasibility_v0/images/s2ds/s2ds_0074.png,data/feasibility_v0/annotations/s2ds/s2ds_0074.png
s2ds_0075,S2DS,official-archive,datasets/building-target/S2DS/s2ds.zip::train/515.png,515,S2DS:515,S2DS:515,train,unknown,concrete structures,semantic mask,crack,crack,positive,BDI-TAX-001@0.1.0-beta,GPL-3.0 repository; verify dataset terms before distribution,,quota:crack,,zip_member,datasets/building-target/S2DS/s2ds.zip::train/515.png,datasets/building-target/S2DS/s2ds.zip::train/515_lab.png,,data/feasibility_v0/images/s2ds/s2ds_0075.png,data/feasibility_v0/annotations/s2ds/s2ds_0075.png
s2ds_0076,S2DS,official-archive,datasets/building-target/S2DS/s2ds.zip::train/377.png,377,S2DS:377,S2DS:377,train,unknown,concrete structures,semantic mask,corrosion|crack,crack|rust_staining,positive,BDI-TAX-001@0.1.0-beta,GPL-3.0 repository; verify dataset terms before distribution,,quota:crack,,zip_member,datasets/building-target/S2DS/s2ds.zip::train/377.png,datasets/building-target/S2DS/s2ds.zip::train/377_lab.png,,data/feasibility_v0/images/s2ds/s2ds_0076.png,data/feasibility_v0/annotations/s2ds/s2ds_0076.png
s2ds_0077,S2DS,official-archive,datasets/building-target/S2DS/s2ds.zip::train/292.png,292,S2DS:292,S2DS:292,train,unknown,concrete structures,semantic mask,crack|spalling,crack|spalling,positive,BDI-TAX-001@0.1.0-beta,GPL-3.0 repository; verify dataset terms before distribution,,quota:crack,,zip_member,datasets/building-target/S2DS/s2ds.zip::train/292.png,datasets/building-target/S2DS/s2ds.zip::train/292_lab.png,,data/feasibility_v0/images/s2ds/s2ds_0077.png,data/feasibility_v0/annotations/s2ds/s2ds_0077.png
s2ds_0078,S2DS,official-archive,datasets/building-target/S2DS/s2ds.zip::train/400.png,400,S2DS:400,S2DS:400,train,unknown,concrete structures,semantic mask,crack,crack,positive,BDI-TAX-001@0.1.0-beta,GPL-3.0 repository; verify dataset terms before distribution,,quota:crack,,zip_member,datasets/building-target/S2DS/s2ds.zip::train/400.png,datasets/building-target/S2DS/s2ds.zip::train/400_lab.png,,data/feasibility_v0/images/s2ds/s2ds_0078.png,data/feasibility_v0/annotations/s2ds/s2ds_0078.png
s2ds_0079,S2DS,official-archive,datasets/building-target/S2DS/s2ds.zip::train/290.png,290,S2DS:290,S2DS:290,train,unknown,concrete structures,semantic mask,crack,crack,positive,BDI-TAX-001@0.1.0-beta,GPL-3.0 repository; verify dataset terms before distribution,,quota:crack,,zip_member,datasets/building-target/S2DS/s2ds.zip::train/290.png,datasets/building-target/S2DS/s2ds.zip::train/290_lab.png,,data/feasibility_v0/images/s2ds/s2ds_0079.png,data/feasibility_v0/annotations/s2ds/s2ds_0079.png
s2ds_0080,S2DS,official-archive,datasets/building-target/S2DS/s2ds.zip::train/060.png,060,S2DS:060,S2DS:060,train,unknown,concrete structures,semantic mask,crack,crack,positive,BDI-TAX-001@0.1.0-beta,GPL-3.0 repository; verify dataset terms before distribution,,quota:crack,,zip_member,datasets/building-target/S2DS/s2ds.zip::train/060.png,datasets/building-target/S2DS/s2ds.zip::train/060_lab.png,,data/feasibility_v0/images/s2ds/s2ds_0080.png,data/feasibility_v0/annotations/s2ds/s2ds_0080.png
uav75_0001,UAV75,repository-snapshot-2026-09-07,datasets/UAV-candidates/UAV75/train_img/DSC00559.jpg,DSC00559,UAV75:DSC00559,UAV75:DSC00559,train,UAV,UAV concrete crack imagery,crack line mask,crack,crack,positive,BDI-TAX-001@0.1.0-beta,GPL-3.0 repository; verify dataset terms before distribution,,quota:crack,,file,datasets/UAV-candidates/UAV75/train_img/DSC00559.jpg,datasets/UAV-candidates/UAV75/train_lab/DSC00559.png,,data/feasibility_v0/images/uav75/uav75_0001.jpg,data/feasibility_v0/annotations/uav75/uav75_0001.png
uav75_0002,UAV75,repository-snapshot-2026-09-07,datasets/UAV-candidates/UAV75/train_img/DSC00616.jpg,DSC00616,UAV75:DSC00616,UAV75:DSC00616,train,UAV,UAV concrete crack imagery,crack line mask,crack,crack,positive,BDI-TAX-001@0.1.0-beta,GPL-3.0 repository; verify dataset terms before distribution,,quota:crack,,file,datasets/UAV-candidates/UAV75/train_img/DSC00616.jpg,datasets/UAV-candidates/UAV75/train_lab/DSC00616.png,,data/feasibility_v0/images/uav75/uav75_0002.jpg,data/feasibility_v0/annotations/uav75/uav75_0002.png
uav75_0003,UAV75,repository-snapshot-2026-09-07,datasets/UAV-candidates/UAV75/train_img/DSC00564b.jpg,DSC00564b,UAV75:DSC00564b,UAV75:DSC00564b,train,UAV,UAV concrete crack imagery,crack line mask,crack,crack,positive,BDI-TAX-001@0.1.0-beta,GPL-3.0 repository; verify dataset terms before distribution,,quota:crack,,file,datasets/UAV-candidates/UAV75/train_img/DSC00564b.jpg,datasets/UAV-candidates/UAV75/train_lab/DSC00564b.png,,data/feasibility_v0/images/uav75/uav75_0003.jpg,data/feasibility_v0/annotations/uav75/uav75_0003.png
uav75_0004,UAV75,repository-snapshot-2026-09-07,datasets/UAV-candidates/UAV75/train_img/DSC00561.jpg,DSC00561,UAV75:DSC00561,UAV75:DSC00561,train,UAV,UAV concrete crack imagery,crack line mask,crack,crack,positive,BDI-TAX-001@0.1.0-beta,GPL-3.0 repository; verify dataset terms before distribution,,quota:crack,,file,datasets/UAV-candidates/UAV75/train_img/DSC00561.jpg,datasets/UAV-candidates/UAV75/train_lab/DSC00561.png,,data/feasibility_v0/images/uav75/uav75_0004.jpg,data/feasibility_v0/annotations/uav75/uav75_0004.png
uav75_0005,UAV75,repository-snapshot-2026-09-07,datasets/UAV-candidates/UAV75/train_img/DSC00566c.jpg,DSC00566c,UAV75:DSC00566c,UAV75:DSC00566c,train,UAV,UAV concrete crack imagery,crack line mask,crack,crack,positive,BDI-TAX-001@0.1.0-beta,GPL-3.0 repository; verify dataset terms before distribution,,quota:crack,,file,datasets/UAV-candidates/UAV75/train_img/DSC00566c.jpg,datasets/UAV-candidates/UAV75/train_lab/DSC00566c.png,,data/feasibility_v0/images/uav75/uav75_0005.jpg,data/feasibility_v0/annotations/uav75/uav75_0005.png
uav75_0006,UAV75,repository-snapshot-2026-09-07,datasets/UAV-candidates/UAV75/train_img/DSC00587.jpg,DSC00587,UAV75:DSC00587,UAV75:DSC00587,train,UAV,UAV concrete crack imagery,crack line mask,crack,crack,positive,BDI-TAX-001@0.1.0-beta,GPL-3.0 repository; verify dataset terms before distribution,,quota:crack,,file,datasets/UAV-candidates/UAV75/train_img/DSC00587.jpg,datasets/UAV-candidates/UAV75/train_lab/DSC00587.png,,data/feasibility_v0/images/uav75/uav75_0006.jpg,data/feasibility_v0/annotations/uav75/uav75_0006.png
uav75_0007,UAV75,repository-snapshot-2026-09-07,datasets/UAV-candidates/UAV75/train_img/DSC00571d.jpg,DSC00571d,UAV75:DSC00571d,UAV75:DSC00571d,train,UAV,UAV concrete crack imagery,crack line mask,crack,crack,positive,BDI-TAX-001@0.1.0-beta,GPL-3.0 repository; verify dataset terms before distribution,,quota:crack,,file,datasets/UAV-candidates/UAV75/train_img/DSC00571d.jpg,datasets/UAV-candidates/UAV75/train_lab/DSC00571d.png,,data/feasibility_v0/images/uav75/uav75_0007.jpg,data/feasibility_v0/annotations/uav75/uav75_0007.png
uav75_0008,UAV75,repository-snapshot-2026-09-07,datasets/UAV-candidates/UAV75/train_img/DSC00614.jpg,DSC00614,UAV75:DSC00614,UAV75:DSC00614,train,UAV,UAV concrete crack imagery,crack line mask,crack,crack,positive,BDI-TAX-001@0.1.0-beta,GPL-3.0 repository; verify dataset terms before distribution,,quota:crack,,file,datasets/UAV-candidates/UAV75/train_img/DSC00614.jpg,datasets/UAV-candidates/UAV75/train_lab/DSC00614.png,,data/feasibility_v0/images/uav75/uav75_0008.jpg,data/feasibility_v0/annotations/uav75/uav75_0008.png
uav75_0009,UAV75,repository-snapshot-2026-09-07,datasets/UAV-candidates/UAV75/train_img/DSC00578.jpg,DSC00578,UAV75:DSC00578,UAV75:DSC00578,train,UAV,UAV concrete crack imagery,crack line mask,crack,crack,positive,BDI-TAX-001@0.1.0-beta,GPL-3.0 repository; verify dataset terms before distribution,,quota:crack,,file,datasets/UAV-candidates/UAV75/train_img/DSC00578.jpg,datasets/UAV-candidates/UAV75/train_lab/DSC00578.png,,data/feasibility_v0/images/uav75/uav75_0009.jpg,data/feasibility_v0/annotations/uav75/uav75_0009.png
uav75_0010,UAV75,repository-snapshot-2026-09-07,datasets/UAV-candidates/UAV75/train_img/DSC00560c.jpg,DSC00560c,UAV75:DSC00560c,UAV75:DSC00560c,train,UAV,UAV concrete crack imagery,crack line mask,crack,crack,positive,BDI-TAX-001@0.1.0-beta,GPL-3.0 repository; verify dataset terms before distribution,,quota:crack,,file,datasets/UAV-candidates/UAV75/train_img/DSC00560c.jpg,datasets/UAV-candidates/UAV75/train_lab/DSC00560c.png,,data/feasibility_v0/images/uav75/uav75_0010.jpg,data/feasibility_v0/annotations/uav75/uav75_0010.png
uav75_0011,UAV75,repository-snapshot-2026-09-07,datasets/UAV-candidates/UAV75/train_img/DSC00566d.jpg,DSC00566d,UAV75:DSC00566d,UAV75:DSC00566d,train,UAV,UAV concrete crack imagery,crack line mask,crack,crack,positive,BDI-TAX-001@0.1.0-beta,GPL-3.0 repository; verify dataset terms before distribution,,quota:crack,,file,datasets/UAV-candidates/UAV75/train_img/DSC00566d.jpg,datasets/UAV-candidates/UAV75/train_lab/DSC00566d.png,,data/feasibility_v0/images/uav75/uav75_0011.jpg,data/feasibility_v0/annotations/uav75/uav75_0011.png
uav75_0012,UAV75,repository-snapshot-2026-09-07,datasets/UAV-candidates/UAV75/train_img/DSC00565b.jpg,DSC00565b,UAV75:DSC00565b,UAV75:DSC00565b,train,UAV,UAV concrete crack imagery,crack line mask,crack,crack,positive,BDI-TAX-001@0.1.0-beta,GPL-3.0 repository; verify dataset terms before distribution,,quota:crack,,file,datasets/UAV-candidates/UAV75/train_img/DSC00565b.jpg,datasets/UAV-candidates/UAV75/train_lab/DSC00565b.png,,data/feasibility_v0/images/uav75/uav75_0012.jpg,data/feasibility_v0/annotations/uav75/uav75_0012.png
uav75_0013,UAV75,repository-snapshot-2026-09-07,datasets/UAV-candidates/UAV75/train_img/DSC00567c.jpg,DSC00567c,UAV75:DSC00567c,UAV75:DSC00567c,train,UAV,UAV concrete crack imagery,crack line mask,crack,crack,positive,BDI-TAX-001@0.1.0-beta,GPL-3.0 repository; verify dataset terms before distribution,,quota:crack,,file,datasets/UAV-candidates/UAV75/train_img/DSC00567c.jpg,datasets/UAV-candidates/UAV75/train_lab/DSC00567c.png,,data/feasibility_v0/images/uav75/uav75_0013.jpg,data/feasibility_v0/annotations/uav75/uav75_0013.png
uav75_0014,UAV75,repository-snapshot-2026-09-07,datasets/UAV-candidates/UAV75/train_img/DSC00575b.jpg,DSC00575b,UAV75:DSC00575b,UAV75:DSC00575b,train,UAV,UAV concrete crack imagery,crack line mask,crack,crack,positive,BDI-TAX-001@0.1.0-beta,GPL-3.0 repository; verify dataset terms before distribution,,quota:crack,,file,datasets/UAV-candidates/UAV75/train_img/DSC00575b.jpg,datasets/UAV-candidates/UAV75/train_lab/DSC00575b.png,,data/feasibility_v0/images/uav75/uav75_0014.jpg,data/feasibility_v0/annotations/uav75/uav75_0014.png
uav75_0015,UAV75,repository-snapshot-2026-09-07,datasets/UAV-candidates/UAV75/train_img/DSC00566e.jpg,DSC00566e,UAV75:DSC00566e,UAV75:DSC00566e,train,UAV,UAV concrete crack imagery,crack line mask,crack,crack,positive,BDI-TAX-001@0.1.0-beta,GPL-3.0 repository; verify dataset terms before distribution,,quota:crack,,file,datasets/UAV-candidates/UAV75/train_img/DSC00566e.jpg,datasets/UAV-candidates/UAV75/train_lab/DSC00566e.png,,data/feasibility_v0/images/uav75/uav75_0015.jpg,data/feasibility_v0/annotations/uav75/uav75_0015.png
uav75_0016,UAV75,repository-snapshot-2026-09-07,datasets/UAV-candidates/UAV75/train_img/DSC00559b.jpg,DSC00559b,UAV75:DSC00559b,UAV75:DSC00559b,train,UAV,UAV concrete crack imagery,crack line mask,crack,crack,positive,BDI-TAX-001@0.1.0-beta,GPL-3.0 repository; verify dataset terms before distribution,,quota:crack,,file,datasets/UAV-candidates/UAV75/train_img/DSC00559b.jpg,datasets/UAV-candidates/UAV75/train_lab/DSC00559b.png,,data/feasibility_v0/images/uav75/uav75_0016.jpg,data/feasibility_v0/annotations/uav75/uav75_0016.png
uav75_0017,UAV75,repository-snapshot-2026-09-07,datasets/UAV-candidates/UAV75/train_img/DSC00555.jpg,DSC00555,UAV75:DSC00555,UAV75:DSC00555,train,UAV,UAV concrete crack imagery,crack line mask,crack,crack,positive,BDI-TAX-001@0.1.0-beta,GPL-3.0 repository; verify dataset terms before distribution,,quota:crack,,file,datasets/UAV-candidates/UAV75/train_img/DSC00555.jpg,datasets/UAV-candidates/UAV75/train_lab/DSC00555.png,,data/feasibility_v0/images/uav75/uav75_0017.jpg,data/feasibility_v0/annotations/uav75/uav75_0017.png
uav75_0018,UAV75,repository-snapshot-2026-09-07,datasets/UAV-candidates/UAV75/train_img/DSC00608.jpg,DSC00608,UAV75:DSC00608,UAV75:DSC00608,train,UAV,UAV concrete crack imagery,crack line mask,crack,crack,positive,BDI-TAX-001@0.1.0-beta,GPL-3.0 repository; verify dataset terms before distribution,,quota:crack,,file,datasets/UAV-candidates/UAV75/train_img/DSC00608.jpg,datasets/UAV-candidates/UAV75/train_lab/DSC00608.png,,data/feasibility_v0/images/uav75/uav75_0018.jpg,data/feasibility_v0/annotations/uav75/uav75_0018.png
uav75_0019,UAV75,repository-snapshot-2026-09-07,datasets/UAV-candidates/UAV75/train_img/DSC00556b.jpg,DSC00556b,UAV75:DSC00556b,UAV75:DSC00556b,train,UAV,UAV concrete crack imagery,crack line mask,crack,crack,positive,BDI-TAX-001@0.1.0-beta,GPL-3.0 repository; verify dataset terms before distribution,,quota:crack,,file,datasets/UAV-candidates/UAV75/train_img/DSC00556b.jpg,datasets/UAV-candidates/UAV75/train_lab/DSC00556b.png,,data/feasibility_v0/images/uav75/uav75_0019.jpg,data/feasibility_v0/annotations/uav75/uav75_0019.png
uav75_0020,UAV75,repository-snapshot-2026-09-07,datasets/UAV-candidates/UAV75/train_img/DSC00558b.jpg,DSC00558b,UAV75:DSC00558b,UAV75:DSC00558b,train,UAV,UAV concrete crack imagery,crack line mask,crack,crack,positive,BDI-TAX-001@0.1.0-beta,GPL-3.0 repository; verify dataset terms before distribution,,quota:crack,,file,datasets/UAV-candidates/UAV75/train_img/DSC00558b.jpg,datasets/UAV-candidates/UAV75/train_lab/DSC00558b.png,,data/feasibility_v0/images/uav75/uav75_0020.jpg,data/feasibility_v0/annotations/uav75/uav75_0020.png
uav75_0021,UAV75,repository-snapshot-2026-09-07,datasets/UAV-candidates/UAV75/train_img/DSC00556.jpg,DSC00556,UAV75:DSC00556,UAV75:DSC00556,train,UAV,UAV concrete crack imagery,crack line mask,crack,crack,positive,BDI-TAX-001@0.1.0-beta,GPL-3.0 repository; verify dataset terms before distribution,,quota:crack,,file,datasets/UAV-candidates/UAV75/train_img/DSC00556.jpg,datasets/UAV-candidates/UAV75/train_lab/DSC00556.png,,data/feasibility_v0/images/uav75/uav75_0021.jpg,data/feasibility_v0/annotations/uav75/uav75_0021.png
uav75_0022,UAV75,repository-snapshot-2026-09-07,datasets/UAV-candidates/UAV75/train_img/DSC00567b.jpg,DSC00567b,UAV75:DSC00567b,UAV75:DSC00567b,train,UAV,UAV concrete crack imagery,crack line mask,crack,crack,positive,BDI-TAX-001@0.1.0-beta,GPL-3.0 repository; verify dataset terms before distribution,,quota:crack,,file,datasets/UAV-candidates/UAV75/train_img/DSC00567b.jpg,datasets/UAV-candidates/UAV75/train_lab/DSC00567b.png,,data/feasibility_v0/images/uav75/uav75_0022.jpg,data/feasibility_v0/annotations/uav75/uav75_0022.png
uav75_0023,UAV75,repository-snapshot-2026-09-07,datasets/UAV-candidates/UAV75/train_img/DSC00568.jpg,DSC00568,UAV75:DSC00568,UAV75:DSC00568,train,UAV,UAV concrete crack imagery,crack line mask,crack,crack,positive,BDI-TAX-001@0.1.0-beta,GPL-3.0 repository; verify dataset terms before distribution,,quota:crack,,file,datasets/UAV-candidates/UAV75/train_img/DSC00568.jpg,datasets/UAV-candidates/UAV75/train_lab/DSC00568.png,,data/feasibility_v0/images/uav75/uav75_0023.jpg,data/feasibility_v0/annotations/uav75/uav75_0023.png
uav75_0024,UAV75,repository-snapshot-2026-09-07,datasets/UAV-candidates/UAV75/train_img/DSC00604.jpg,DSC00604,UAV75:DSC00604,UAV75:DSC00604,train,UAV,UAV concrete crack imagery,crack line mask,crack,crack,positive,BDI-TAX-001@0.1.0-beta,GPL-3.0 repository; verify dataset terms before distribution,,quota:crack,,file,datasets/UAV-candidates/UAV75/train_img/DSC00604.jpg,datasets/UAV-candidates/UAV75/train_lab/DSC00604.png,,data/feasibility_v0/images/uav75/uav75_0024.jpg,data/feasibility_v0/annotations/uav75/uav75_0024.png
uav75_0025,UAV75,repository-snapshot-2026-09-07,datasets/UAV-candidates/UAV75/train_img/DSC00561b.jpg,DSC00561b,UAV75:DSC00561b,UAV75:DSC00561b,train,UAV,UAV concrete crack imagery,crack line mask,crack,crack,positive,BDI-TAX-001@0.1.0-beta,GPL-3.0 repository; verify dataset terms before distribution,,quota:crack,,file,datasets/UAV-candidates/UAV75/train_img/DSC00561b.jpg,datasets/UAV-candidates/UAV75/train_lab/DSC00561b.png,,data/feasibility_v0/images/uav75/uav75_0025.jpg,data/feasibility_v0/annotations/uav75/uav75_0025.png
uav75_0026,UAV75,repository-snapshot-2026-09-07,datasets/UAV-candidates/UAV75/train_img/DSC00552.jpg,DSC00552,UAV75:DSC00552,UAV75:DSC00552,train,UAV,UAV concrete crack imagery,crack line mask,crack,crack,positive,BDI-TAX-001@0.1.0-beta,GPL-3.0 repository; verify dataset terms before distribution,,quota:crack,,file,datasets/UAV-candidates/UAV75/train_img/DSC00552.jpg,datasets/UAV-candidates/UAV75/train_lab/DSC00552.png,,data/feasibility_v0/images/uav75/uav75_0026.jpg,data/feasibility_v0/annotations/uav75/uav75_0026.png
uav75_0027,UAV75,repository-snapshot-2026-09-07,datasets/UAV-candidates/UAV75/train_img/DSC00571c.jpg,DSC00571c,UAV75:DSC00571c,UAV75:DSC00571c,train,UAV,UAV concrete crack imagery,crack line mask,crack,crack,positive,BDI-TAX-001@0.1.0-beta,GPL-3.0 repository; verify dataset terms before distribution,,quota:crack,,file,datasets/UAV-candidates/UAV75/train_img/DSC00571c.jpg,datasets/UAV-candidates/UAV75/train_lab/DSC00571c.png,,data/feasibility_v0/images/uav75/uav75_0027.jpg,data/feasibility_v0/annotations/uav75/uav75_0027.png
uav75_0028,UAV75,repository-snapshot-2026-09-07,datasets/UAV-candidates/UAV75/train_img/DSC00553.jpg,DSC00553,UAV75:DSC00553,UAV75:DSC00553,train,UAV,UAV concrete crack imagery,crack line mask,crack,crack,positive,BDI-TAX-001@0.1.0-beta,GPL-3.0 repository; verify dataset terms before distribution,,quota:crack,,file,datasets/UAV-candidates/UAV75/train_img/DSC00553.jpg,datasets/UAV-candidates/UAV75/train_lab/DSC00553.png,,data/feasibility_v0/images/uav75/uav75_0028.jpg,data/feasibility_v0/annotations/uav75/uav75_0028.png
uav75_0029,UAV75,repository-snapshot-2026-09-07,datasets/UAV-candidates/UAV75/train_img/DSC00566b.jpg,DSC00566b,UAV75:DSC00566b,UAV75:DSC00566b,train,UAV,UAV concrete crack imagery,crack line mask,crack,crack,positive,BDI-TAX-001@0.1.0-beta,GPL-3.0 repository; verify dataset terms before distribution,,quota:crack,,file,datasets/UAV-candidates/UAV75/train_img/DSC00566b.jpg,datasets/UAV-candidates/UAV75/train_lab/DSC00566b.png,,data/feasibility_v0/images/uav75/uav75_0029.jpg,data/feasibility_v0/annotations/uav75/uav75_0029.png
uav75_0030,UAV75,repository-snapshot-2026-09-07,datasets/UAV-candidates/UAV75/train_img/DSC00565.jpg,DSC00565,UAV75:DSC00565,UAV75:DSC00565,train,UAV,UAV concrete crack imagery,crack line mask,crack,crack,positive,BDI-TAX-001@0.1.0-beta,GPL-3.0 repository; verify dataset terms before distribution,,quota:crack,,file,datasets/UAV-candidates/UAV75/train_img/DSC00565.jpg,datasets/UAV-candidates/UAV75/train_lab/DSC00565.png,,data/feasibility_v0/images/uav75/uav75_0030.jpg,data/feasibility_v0/annotations/uav75/uav75_0030.png
uav75_0031,UAV75,repository-snapshot-2026-09-07,datasets/UAV-candidates/UAV75/train_img/DSC00561c.jpg,DSC00561c,UAV75:DSC00561c,UAV75:DSC00561c,train,UAV,UAV concrete crack imagery,crack line mask,crack,crack,positive,BDI-TAX-001@0.1.0-beta,GPL-3.0 repository; verify dataset terms before distribution,,quota:crack,,file,datasets/UAV-candidates/UAV75/train_img/DSC00561c.jpg,datasets/UAV-candidates/UAV75/train_lab/DSC00561c.png,,data/feasibility_v0/images/uav75/uav75_0031.jpg,data/feasibility_v0/annotations/uav75/uav75_0031.png
uav75_0032,UAV75,repository-snapshot-2026-09-07,datasets/UAV-candidates/UAV75/train_img/DSC00558.jpg,DSC00558,UAV75:DSC00558,UAV75:DSC00558,train,UAV,UAV concrete crack imagery,crack line mask,crack,crack,positive,BDI-TAX-001@0.1.0-beta,GPL-3.0 repository; verify dataset terms before distribution,,quota:crack,,file,datasets/UAV-candidates/UAV75/train_img/DSC00558.jpg,datasets/UAV-candidates/UAV75/train_lab/DSC00558.png,,data/feasibility_v0/images/uav75/uav75_0032.jpg,data/feasibility_v0/annotations/uav75/uav75_0032.png
uav75_0033,UAV75,repository-snapshot-2026-09-07,datasets/UAV-candidates/UAV75/train_img/DSC00605.jpg,DSC00605,UAV75:DSC00605,UAV75:DSC00605,train,UAV,UAV concrete crack imagery,crack line mask,crack,crack,positive,BDI-TAX-001@0.1.0-beta,GPL-3.0 repository; verify dataset terms before distribution,,quota:crack,,file,datasets/UAV-candidates/UAV75/train_img/DSC00605.jpg,datasets/UAV-candidates/UAV75/train_lab/DSC00605.png,,data/feasibility_v0/images/uav75/uav75_0033.jpg,data/feasibility_v0/annotations/uav75/uav75_0033.png
uav75_0034,UAV75,repository-snapshot-2026-09-07,datasets/UAV-candidates/UAV75/train_img/DSC00570.jpg,DSC00570,UAV75:DSC00570,UAV75:DSC00570,train,UAV,UAV concrete crack imagery,crack line mask,crack,crack,positive,BDI-TAX-001@0.1.0-beta,GPL-3.0 repository; verify dataset terms before distribution,,quota:crack,,file,datasets/UAV-candidates/UAV75/train_img/DSC00570.jpg,datasets/UAV-candidates/UAV75/train_lab/DSC00570.png,,data/feasibility_v0/images/uav75/uav75_0034.jpg,data/feasibility_v0/annotations/uav75/uav75_0034.png
uav75_0035,UAV75,repository-snapshot-2026-09-07,datasets/UAV-candidates/UAV75/train_img/DSC00560d.jpg,DSC00560d,UAV75:DSC00560d,UAV75:DSC00560d,train,UAV,UAV concrete crack imagery,crack line mask,crack,crack,positive,BDI-TAX-001@0.1.0-beta,GPL-3.0 repository; verify dataset terms before distribution,,quota:crack,,file,datasets/UAV-candidates/UAV75/train_img/DSC00560d.jpg,datasets/UAV-candidates/UAV75/train_lab/DSC00560d.png,,data/feasibility_v0/images/uav75/uav75_0035.jpg,data/feasibility_v0/annotations/uav75/uav75_0035.png
uav75_0036,UAV75,repository-snapshot-2026-09-07,datasets/UAV-candidates/UAV75/train_img/DSC00575.jpg,DSC00575,UAV75:DSC00575,UAV75:DSC00575,train,UAV,UAV concrete crack imagery,crack line mask,crack,crack,positive,BDI-TAX-001@0.1.0-beta,GPL-3.0 repository; verify dataset terms before distribution,,quota:crack,,file,datasets/UAV-candidates/UAV75/train_img/DSC00575.jpg,datasets/UAV-candidates/UAV75/train_lab/DSC00575.png,,data/feasibility_v0/images/uav75/uav75_0036.jpg,data/feasibility_v0/annotations/uav75/uav75_0036.png
uav75_0037,UAV75,repository-snapshot-2026-09-07,datasets/UAV-candidates/UAV75/train_img/DSC00571.jpg,DSC00571,UAV75:DSC00571,UAV75:DSC00571,train,UAV,UAV concrete crack imagery,crack line mask,crack,crack,positive,BDI-TAX-001@0.1.0-beta,GPL-3.0 repository; verify dataset terms before distribution,,quota:crack,,file,datasets/UAV-candidates/UAV75/train_img/DSC00571.jpg,datasets/UAV-candidates/UAV75/train_lab/DSC00571.png,,data/feasibility_v0/images/uav75/uav75_0037.jpg,data/feasibility_v0/annotations/uav75/uav75_0037.png
uav75_0038,UAV75,repository-snapshot-2026-09-07,datasets/UAV-candidates/UAV75/train_img/DSC00552b.jpg,DSC00552b,UAV75:DSC00552b,UAV75:DSC00552b,train,UAV,UAV concrete crack imagery,crack line mask,crack,crack,positive,BDI-TAX-001@0.1.0-beta,GPL-3.0 repository; verify dataset terms before distribution,,quota:crack,,file,datasets/UAV-candidates/UAV75/train_img/DSC00552b.jpg,datasets/UAV-candidates/UAV75/train_lab/DSC00552b.png,,data/feasibility_v0/images/uav75/uav75_0038.jpg,data/feasibility_v0/annotations/uav75/uav75_0038.png
uav75_0039,UAV75,repository-snapshot-2026-09-07,datasets/UAV-candidates/UAV75/train_img/DSC00560.jpg,DSC00560,UAV75:DSC00560,UAV75:DSC00560,train,UAV,UAV concrete crack imagery,crack line mask,crack,crack,positive,BDI-TAX-001@0.1.0-beta,GPL-3.0 repository; verify dataset terms before distribution,,quota:crack,,file,datasets/UAV-candidates/UAV75/train_img/DSC00560.jpg,datasets/UAV-candidates/UAV75/train_lab/DSC00560.png,,data/feasibility_v0/images/uav75/uav75_0039.jpg,data/feasibility_v0/annotations/uav75/uav75_0039.png
uav75_0040,UAV75,repository-snapshot-2026-09-07,datasets/UAV-candidates/UAV75/train_img/DSC00848.jpg,DSC00848,UAV75:DSC00848,UAV75:DSC00848,train,UAV,UAV concrete crack imagery,crack line mask,crack,crack,positive,BDI-TAX-001@0.1.0-beta,GPL-3.0 repository; verify dataset terms before distribution,,quota:crack,,file,datasets/UAV-candidates/UAV75/train_img/DSC00848.jpg,datasets/UAV-candidates/UAV75/train_lab/DSC00848.png,,data/feasibility_v0/images/uav75/uav75_0040.jpg,data/feasibility_v0/annotations/uav75/uav75_0040.png
dacl_0001,DACL10K-v2-devphase,v2-devphase,datasets/DACL10K/dacl10k_v2_devphase.zip::dacl10k_v2_devphase/images/train/dacl10k_v2_train_0395.jpg,dacl10k_v2_train_0395,DACL10K:dacl10k_v2_train_0395,DACL10K:dacl10k_v2_train_0395,train,unknown,bridges (transfer stress source),multi-label polygons,Cavity|Crack|Hollowareas|Rockpocket|Rust|Spalling|WConccor|Weathering|Wetspot,crack|honeycombing_rock_pocket|rust_staining|spalling,positive,BDI-TAX-001@0.1.0-beta,CC BY-NC 4.0,,quota:Rockpocket,,zip_member,datasets/DACL10K/dacl10k_v2_devphase.zip::dacl10k_v2_devphase/images/train/dacl10k_v2_train_0395.jpg,datasets/DACL10K/dacl10k_v2_devphase.zip::dacl10k_v2_devphase/annotations/train/dacl10k_v2_train_0395.json,,data/feasibility_v0/images/dacl/dacl_0001.jpg,data/feasibility_v0/annotations/dacl/dacl_0001.json
dacl_0002,DACL10K-v2-devphase,v2-devphase,datasets/DACL10K/dacl10k_v2_devphase.zip::dacl10k_v2_devphase/images/train/dacl10k_v2_train_0061.jpg,dacl10k_v2_train_0061,DACL10K:dacl10k_v2_train_0061,DACL10K:dacl10k_v2_train_0061,train,unknown,bridges (transfer stress source),multi-label polygons,Graffiti|Restformwork|Rockpocket,honeycombing_rock_pocket,positive,BDI-TAX-001@0.1.0-beta,CC BY-NC 4.0,,quota:Rockpocket,,zip_member,datasets/DACL10K/dacl10k_v2_devphase.zip::dacl10k_v2_devphase/images/train/dacl10k_v2_train_0061.jpg,datasets/DACL10K/dacl10k_v2_devphase.zip::dacl10k_v2_devphase/annotations/train/dacl10k_v2_train_0061.json,,data/feasibility_v0/images/dacl/dacl_0002.jpg,data/feasibility_v0/annotations/dacl/dacl_0002.json
dacl_0003,DACL10K-v2-devphase,v2-devphase,datasets/DACL10K/dacl10k_v2_devphase.zip::dacl10k_v2_devphase/images/train/dacl10k_v2_train_2583.jpg,dacl10k_v2_train_2583,DACL10K:dacl10k_v2_train_2583,DACL10K:dacl10k_v2_train_2583,train,unknown,bridges (transfer stress source),multi-label polygons,Crack|Efflorescence|Rockpocket|Rust|Weathering,crack|efflorescence_leaching|honeycombing_rock_pocket|rust_staining,positive,BDI-TAX-001@0.1.0-beta,CC BY-NC 4.0,,quota:Rockpocket,,zip_member,datasets/DACL10K/dacl10k_v2_devphase.zip::dacl10k_v2_devphase/images/train/dacl10k_v2_train_2583.jpg,datasets/DACL10K/dacl10k_v2_devphase.zip::dacl10k_v2_devphase/annotations/train/dacl10k_v2_train_2583.json,,data/feasibility_v0/images/dacl/dacl_0003.jpg,data/feasibility_v0/annotations/dacl/dacl_0003.json
dacl_0004,DACL10K-v2-devphase,v2-devphase,datasets/DACL10K/dacl10k_v2_devphase.zip::dacl10k_v2_devphase/images/train/dacl10k_v2_train_6889.jpg,dacl10k_v2_train_6889,DACL10K:dacl10k_v2_train_6889,DACL10K:dacl10k_v2_train_6889,train,unknown,bridges (transfer stress source),multi-label polygons,Crack|Restformwork|Rockpocket|Spalling|Wetspot,crack|honeycombing_rock_pocket|spalling,positive,BDI-TAX-001@0.1.0-beta,CC BY-NC 4.0,,quota:Rockpocket,,zip_member,datasets/DACL10K/dacl10k_v2_devphase.zip::dacl10k_v2_devphase/images/train/dacl10k_v2_train_6889.jpg,datasets/DACL10K/dacl10k_v2_devphase.zip::dacl10k_v2_devphase/annotations/train/dacl10k_v2_train_6889.json,,data/feasibility_v0/images/dacl/dacl_0004.jpg,data/feasibility_v0/annotations/dacl/dacl_0004.json
dacl_0005,DACL10K-v2-devphase,v2-devphase,datasets/DACL10K/dacl10k_v2_devphase.zip::dacl10k_v2_devphase/images/train/dacl10k_v2_train_1036.jpg,dacl10k_v2_train_1036,DACL10K:dacl10k_v2_train_1036,DACL10K:dacl10k_v2_train_1036,train,unknown,bridges (transfer stress source),multi-label polygons,Bearing|Restformwork|Rockpocket|Rust|Spalling|Weathering,honeycombing_rock_pocket|rust_staining|spalling,positive,BDI-TAX-001@0.1.0-beta,CC BY-NC 4.0,,quota:Rockpocket,,zip_member,datasets/DACL10K/dacl10k_v2_devphase.zip::dacl10k_v2_devphase/images/train/dacl10k_v2_train_1036.jpg,datasets/DACL10K/dacl10k_v2_devphase.zip::dacl10k_v2_devphase/annotations/train/dacl10k_v2_train_1036.json,,data/feasibility_v0/images/dacl/dacl_0005.jpg,data/feasibility_v0/annotations/dacl/dacl_0005.json
dacl_0006,DACL10K-v2-devphase,v2-devphase,datasets/DACL10K/dacl10k_v2_devphase.zip::dacl10k_v2_devphase/images/train/dacl10k_v2_train_4048.jpg,dacl10k_v2_train_4048,DACL10K:dacl10k_v2_train_4048,DACL10K:dacl10k_v2_train_4048,train,unknown,bridges (transfer stress source),multi-label polygons,Crack|PEquipment|Rockpocket,crack|honeycombing_rock_pocket,positive,BDI-TAX-001@0.1.0-beta,CC BY-NC 4.0,,quota:Rockpocket,,zip_member,datasets/DACL10K/dacl10k_v2_devphase.zip::dacl10k_v2_devphase/images/train/dacl10k_v2_train_4048.jpg,datasets/DACL10K/dacl10k_v2_devphase.zip::dacl10k_v2_devphase/annotations/train/dacl10k_v2_train_4048.json,,data/feasibility_v0/images/dacl/dacl_0006.jpg,data/feasibility_v0/annotations/dacl/dacl_0006.json
dacl_0007,DACL10K-v2-devphase,v2-devphase,datasets/DACL10K/dacl10k_v2_devphase.zip::dacl10k_v2_devphase/images/train/dacl10k_v2_train_0349.jpg,dacl10k_v2_train_0349,DACL10K:dacl10k_v2_train_0349,DACL10K:dacl10k_v2_train_0349,train,unknown,bridges (transfer stress source),multi-label polygons,ACrack|Cavity|Crack|Hollowareas|Rockpocket|Rust|Spalling,crack|honeycombing_rock_pocket|rust_staining|spalling,positive,BDI-TAX-001@0.1.0-beta,CC BY-NC 4.0,,quota:Rockpocket,,zip_member,datasets/DACL10K/dacl10k_v2_devphase.zip::dacl10k_v2_devphase/images/train/dacl10k_v2_train_0349.jpg,datasets/DACL10K/dacl10k_v2_devphase.zip::dacl10k_v2_devphase/annotations/train/dacl10k_v2_train_0349.json,,data/feasibility_v0/images/dacl/dacl_0007.jpg,data/feasibility_v0/annotations/dacl/dacl_0007.json
dacl_0008,DACL10K-v2-devphase,v2-devphase,datasets/DACL10K/dacl10k_v2_devphase.zip::dacl10k_v2_devphase/images/train/dacl10k_v2_train_1759.jpg,dacl10k_v2_train_1759,DACL10K:dacl10k_v2_train_1759,DACL10K:dacl10k_v2_train_1759,train,unknown,bridges (transfer stress source),multi-label polygons,Cavity|Crack|Rockpocket|Rust|Spalling,crack|honeycombing_rock_pocket|rust_staining|spalling,positive,BDI-TAX-001@0.1.0-beta,CC BY-NC 4.0,,quota:Rockpocket,,zip_member,datasets/DACL10K/dacl10k_v2_devphase.zip::dacl10k_v2_devphase/images/train/dacl10k_v2_train_1759.jpg,datasets/DACL10K/dacl10k_v2_devphase.zip::dacl10k_v2_devphase/annotations/train/dacl10k_v2_train_1759.json,,data/feasibility_v0/images/dacl/dacl_0008.jpg,data/feasibility_v0/annotations/dacl/dacl_0008.json
dacl_0009,DACL10K-v2-devphase,v2-devphase,datasets/DACL10K/dacl10k_v2_devphase.zip::dacl10k_v2_devphase/images/train/dacl10k_v2_train_5704.jpg,dacl10k_v2_train_5704,DACL10K:dacl10k_v2_train_5704,DACL10K:dacl10k_v2_train_5704,train,unknown,bridges (transfer stress source),multi-label polygons,ExposedRebars|Rust|Spalling,exposed_rebar|rust_staining|spalling,positive,BDI-TAX-001@0.1.0-beta,CC BY-NC 4.0,,quota:ExposedRebars,,zip_member,datasets/DACL10K/dacl10k_v2_devphase.zip::dacl10k_v2_devphase/images/train/dacl10k_v2_train_5704.jpg,datasets/DACL10K/dacl10k_v2_devphase.zip::dacl10k_v2_devphase/annotations/train/dacl10k_v2_train_5704.json,,data/feasibility_v0/images/dacl/dacl_0009.jpg,data/feasibility_v0/annotations/dacl/dacl_0009.json
dacl_0010,DACL10K-v2-devphase,v2-devphase,datasets/DACL10K/dacl10k_v2_devphase.zip::dacl10k_v2_devphase/images/train/dacl10k_v2_train_0439.jpg,dacl10k_v2_train_0439,DACL10K:dacl10k_v2_train_0439,DACL10K:dacl10k_v2_train_0439,train,unknown,bridges (transfer stress source),multi-label polygons,Bearing|ExposedRebars|Rust|Spalling|Weathering,exposed_rebar|rust_staining|spalling,positive,BDI-TAX-001@0.1.0-beta,CC BY-NC 4.0,,quota:ExposedRebars,,zip_member,datasets/DACL10K/dacl10k_v2_devphase.zip::dacl10k_v2_devphase/images/train/dacl10k_v2_train_0439.jpg,datasets/DACL10K/dacl10k_v2_devphase.zip::dacl10k_v2_devphase/annotations/train/dacl10k_v2_train_0439.json,,data/feasibility_v0/images/dacl/dacl_0010.jpg,data/feasibility_v0/annotations/dacl/dacl_0010.json
dacl_0011,DACL10K-v2-devphase,v2-devphase,datasets/DACL10K/dacl10k_v2_devphase.zip::dacl10k_v2_devphase/images/train/dacl10k_v2_train_2746.jpg,dacl10k_v2_train_2746,DACL10K:dacl10k_v2_train_2746,DACL10K:dacl10k_v2_train_2746,train,unknown,bridges (transfer stress source),multi-label polygons,ExposedRebars|Graffiti|Rust|Spalling,exposed_rebar|rust_staining|spalling,positive,BDI-TAX-001@0.1.0-beta,CC BY-NC 4.0,,quota:ExposedRebars,,zip_member,datasets/DACL10K/dacl10k_v2_devphase.zip::dacl10k_v2_devphase/images/train/dacl10k_v2_train_2746.jpg,datasets/DACL10K/dacl10k_v2_devphase.zip::dacl10k_v2_devphase/annotations/train/dacl10k_v2_train_2746.json,,data/feasibility_v0/images/dacl/dacl_0011.jpg,data/feasibility_v0/annotations/dacl/dacl_0011.json
dacl_0012,DACL10K-v2-devphase,v2-devphase,datasets/DACL10K/dacl10k_v2_devphase.zip::dacl10k_v2_devphase/images/train/dacl10k_v2_train_0591.jpg,dacl10k_v2_train_0591,DACL10K:dacl10k_v2_train_0591,DACL10K:dacl10k_v2_train_0591,train,unknown,bridges (transfer stress source),multi-label polygons,Efflorescence|ExposedRebars|Hollowareas|Rust,efflorescence_leaching|exposed_rebar|rust_staining,positive,BDI-TAX-001@0.1.0-beta,CC BY-NC 4.0,,quota:ExposedRebars,,zip_member,datasets/DACL10K/dacl10k_v2_devphase.zip::dacl10k_v2_devphase/images/train/dacl10k_v2_train_0591.jpg,datasets/DACL10K/dacl10k_v2_devphase.zip::dacl10k_v2_devphase/annotations/train/dacl10k_v2_train_0591.json,,data/feasibility_v0/images/dacl/dacl_0012.jpg,data/feasibility_v0/annotations/dacl/dacl_0012.json
dacl_0013,DACL10K-v2-devphase,v2-devphase,datasets/DACL10K/dacl10k_v2_devphase.zip::dacl10k_v2_devphase/images/train/dacl10k_v2_train_5779.jpg,dacl10k_v2_train_5779,DACL10K:dacl10k_v2_train_5779,DACL10K:dacl10k_v2_train_5779,train,unknown,bridges (transfer stress source),multi-label polygons,ExposedRebars|Rust|Spalling,exposed_rebar|rust_staining|spalling,positive,BDI-TAX-001@0.1.0-beta,CC BY-NC 4.0,,quota:ExposedRebars,,zip_member,datasets/DACL10K/dacl10k_v2_devphase.zip::dacl10k_v2_devphase/images/train/dacl10k_v2_train_5779.jpg,datasets/DACL10K/dacl10k_v2_devphase.zip::dacl10k_v2_devphase/annotations/train/dacl10k_v2_train_5779.json,,data/feasibility_v0/images/dacl/dacl_0013.jpg,data/feasibility_v0/annotations/dacl/dacl_0013.json
dacl_0014,DACL10K-v2-devphase,v2-devphase,datasets/DACL10K/dacl10k_v2_devphase.zip::dacl10k_v2_devphase/images/train/dacl10k_v2_train_0312.jpg,dacl10k_v2_train_0312,DACL10K:dacl10k_v2_train_0312,DACL10K:dacl10k_v2_train_0312,train,unknown,bridges (transfer stress source),multi-label polygons,Crack|ExposedRebars|Hollowareas|Restformwork|Rust|Spalling,crack|exposed_rebar|rust_staining|spalling,positive,BDI-TAX-001@0.1.0-beta,CC BY-NC 4.0,,quota:ExposedRebars,,zip_member,datasets/DACL10K/dacl10k_v2_devphase.zip::dacl10k_v2_devphase/images/train/dacl10k_v2_train_0312.jpg,datasets/DACL10K/dacl10k_v2_devphase.zip::dacl10k_v2_devphase/annotations/train/dacl10k_v2_train_0312.json,,data/feasibility_v0/images/dacl/dacl_0014.jpg,data/feasibility_v0/annotations/dacl/dacl_0014.json
dacl_0015,DACL10K-v2-devphase,v2-devphase,datasets/DACL10K/dacl10k_v2_devphase.zip::dacl10k_v2_devphase/images/train/dacl10k_v2_train_3848.jpg,dacl10k_v2_train_3848,DACL10K:dacl10k_v2_train_3848,DACL10K:dacl10k_v2_train_3848,train,unknown,bridges (transfer stress source),multi-label polygons,Bearing|ExposedRebars|Hollowareas|Rust|Spalling,exposed_rebar|rust_staining|spalling,positive,BDI-TAX-001@0.1.0-beta,CC BY-NC 4.0,,quota:ExposedRebars,,zip_member,datasets/DACL10K/dacl10k_v2_devphase.zip::dacl10k_v2_devphase/images/train/dacl10k_v2_train_3848.jpg,datasets/DACL10K/dacl10k_v2_devphase.zip::dacl10k_v2_devphase/annotations/train/dacl10k_v2_train_3848.json,,data/feasibility_v0/images/dacl/dacl_0015.jpg,data/feasibility_v0/annotations/dacl/dacl_0015.json
dacl_0016,DACL10K-v2-devphase,v2-devphase,datasets/DACL10K/dacl10k_v2_devphase.zip::dacl10k_v2_devphase/images/train/dacl10k_v2_train_2400.jpg,dacl10k_v2_train_2400,DACL10K:dacl10k_v2_train_2400,DACL10K:dacl10k_v2_train_2400,train,unknown,bridges (transfer stress source),multi-label polygons,Cavity|Crack|ExposedRebars|Rust|Spalling,crack|exposed_rebar|rust_staining|spalling,positive,BDI-TAX-001@0.1.0-beta,CC BY-NC 4.0,,quota:ExposedRebars,,zip_member,datasets/DACL10K/dacl10k_v2_devphase.zip::dacl10k_v2_devphase/images/train/dacl10k_v2_train_2400.jpg,datasets/DACL10K/dacl10k_v2_devphase.zip::dacl10k_v2_devphase/annotations/train/dacl10k_v2_train_2400.json,,data/feasibility_v0/images/dacl/dacl_0016.jpg,data/feasibility_v0/annotations/dacl/dacl_0016.json
dacl_0017,DACL10K-v2-devphase,v2-devphase,datasets/DACL10K/dacl10k_v2_devphase.zip::dacl10k_v2_devphase/images/train/dacl10k_v2_train_0797.jpg,dacl10k_v2_train_0797,DACL10K:dacl10k_v2_train_0797,DACL10K:dacl10k_v2_train_0797,train,unknown,bridges (transfer stress source),multi-label polygons,Drainage|Efflorescence|Graffiti|JTape|PEquipment|Weathering,efflorescence_leaching,positive,BDI-TAX-001@0.1.0-beta,CC BY-NC 4.0,,quota:Efflorescence,,zip_member,datasets/DACL10K/dacl10k_v2_devphase.zip::dacl10k_v2_devphase/images/train/dacl10k_v2_train_0797.jpg,datasets/DACL10K/dacl10k_v2_devphase.zip::dacl10k_v2_devphase/annotations/train/dacl10k_v2_train_0797.json,,data/feasibility_v0/images/dacl/dacl_0017.jpg,data/feasibility_v0/annotations/dacl/dacl_0017.json
dacl_0018,DACL10K-v2-devphase,v2-devphase,datasets/DACL10K/dacl10k_v2_devphase.zip::dacl10k_v2_devphase/images/train/dacl10k_v2_train_0655.jpg,dacl10k_v2_train_0655,DACL10K:dacl10k_v2_train_0655,DACL10K:dacl10k_v2_train_0655,train,unknown,bridges (transfer stress source),multi-label polygons,Crack|Efflorescence|Rust|Spalling|Wetspot,crack|efflorescence_leaching|rust_staining|spalling,positive,BDI-TAX-001@0.1.0-beta,CC BY-NC 4.0,,quota:Efflorescence,,zip_member,datasets/DACL10K/dacl10k_v2_devphase.zip::dacl10k_v2_devphase/images/train/dacl10k_v2_train_0655.jpg,datasets/DACL10K/dacl10k_v2_devphase.zip::dacl10k_v2_devphase/annotations/train/dacl10k_v2_train_0655.json,,data/feasibility_v0/images/dacl/dacl_0018.jpg,data/feasibility_v0/annotations/dacl/dacl_0018.json
dacl_0019,DACL10K-v2-devphase,v2-devphase,datasets/DACL10K/dacl10k_v2_devphase.zip::dacl10k_v2_devphase/images/train/dacl10k_v2_train_1617.jpg,dacl10k_v2_train_1617,DACL10K:dacl10k_v2_train_1617,DACL10K:dacl10k_v2_train_1617,train,unknown,bridges (transfer stress source),multi-label polygons,Crack|Efflorescence|Hollowareas|Restformwork|Rust|Spalling|Weathering,crack|efflorescence_leaching|rust_staining|spalling,positive,BDI-TAX-001@0.1.0-beta,CC BY-NC 4.0,,quota:Efflorescence,,zip_member,datasets/DACL10K/dacl10k_v2_devphase.zip::dacl10k_v2_devphase/images/train/dacl10k_v2_train_1617.jpg,datasets/DACL10K/dacl10k_v2_devphase.zip::dacl10k_v2_devphase/annotations/train/dacl10k_v2_train_1617.json,,data/feasibility_v0/images/dacl/dacl_0019.jpg,data/feasibility_v0/annotations/dacl/dacl_0019.json
dacl_0020,DACL10K-v2-devphase,v2-devphase,datasets/DACL10K/dacl10k_v2_devphase.zip::dacl10k_v2_devphase/images/train/dacl10k_v2_train_1199.jpg,dacl10k_v2_train_1199,DACL10K:dacl10k_v2_train_1199,DACL10K:dacl10k_v2_train_1199,train,unknown,bridges (transfer stress source),multi-label polygons,Cavity|Efflorescence|Spalling|Weathering,efflorescence_leaching|spalling,positive,BDI-TAX-001@0.1.0-beta,CC BY-NC 4.0,,quota:Efflorescence,,zip_member,datasets/DACL10K/dacl10k_v2_devphase.zip::dacl10k_v2_devphase/images/train/dacl10k_v2_train_1199.jpg,datasets/DACL10K/dacl10k_v2_devphase.zip::dacl10k_v2_devphase/annotations/train/dacl10k_v2_train_1199.json,,data/feasibility_v0/images/dacl/dacl_0020.jpg,data/feasibility_v0/annotations/dacl/dacl_0020.json
dacl_0021,DACL10K-v2-devphase,v2-devphase,datasets/DACL10K/dacl10k_v2_devphase.zip::dacl10k_v2_devphase/images/train/dacl10k_v2_train_4041.jpg,dacl10k_v2_train_4041,DACL10K:dacl10k_v2_train_4041,DACL10K:dacl10k_v2_train_4041,train,unknown,bridges (transfer stress source),multi-label polygons,Crack|Efflorescence|Hollowareas,crack|efflorescence_leaching,positive,BDI-TAX-001@0.1.0-beta,CC BY-NC 4.0,,quota:Efflorescence,,zip_member,datasets/DACL10K/dacl10k_v2_devphase.zip::dacl10k_v2_devphase/images/train/dacl10k_v2_train_4041.jpg,datasets/DACL10K/dacl10k_v2_devphase.zip::dacl10k_v2_devphase/annotations/train/dacl10k_v2_train_4041.json,,data/feasibility_v0/images/dacl/dacl_0021.jpg,data/feasibility_v0/annotations/dacl/dacl_0021.json
dacl_0022,DACL10K-v2-devphase,v2-devphase,datasets/DACL10K/dacl10k_v2_devphase.zip::dacl10k_v2_devphase/images/train/dacl10k_v2_train_4889.jpg,dacl10k_v2_train_4889,DACL10K:dacl10k_v2_train_4889,DACL10K:dacl10k_v2_train_4889,train,unknown,bridges (transfer stress source),multi-label polygons,Rust,rust_staining,positive,BDI-TAX-001@0.1.0-beta,CC BY-NC 4.0,,quota:Rust,,zip_member,datasets/DACL10K/dacl10k_v2_devphase.zip::dacl10k_v2_devphase/images/train/dacl10k_v2_train_4889.jpg,datasets/DACL10K/dacl10k_v2_devphase.zip::dacl10k_v2_devphase/annotations/train/dacl10k_v2_train_4889.json,,data/feasibility_v0/images/dacl/dacl_0022.jpg,data/feasibility_v0/annotations/dacl/dacl_0022.json
dacl_0023,DACL10K-v2-devphase,v2-devphase,datasets/DACL10K/dacl10k_v2_devphase.zip::dacl10k_v2_devphase/images/train/dacl10k_v2_train_6393.jpg,dacl10k_v2_train_6393,DACL10K:dacl10k_v2_train_6393,DACL10K:dacl10k_v2_train_6393,train,unknown,bridges (transfer stress source),multi-label polygons,Drainage|Hollowareas|Rust|Weathering|Wetspot,rust_staining,positive,BDI-TAX-001@0.1.0-beta,CC BY-NC 4.0,,quota:Rust,,zip_member,datasets/DACL10K/dacl10k_v2_devphase.zip::dacl10k_v2_devphase/images/train/dacl10k_v2_train_6393.jpg,datasets/DACL10K/dacl10k_v2_devphase.zip::dacl10k_v2_devphase/annotations/train/dacl10k_v2_train_6393.json,,data/feasibility_v0/images/dacl/dacl_0023.jpg,data/feasibility_v0/annotations/dacl/dacl_0023.json
dacl_0024,DACL10K-v2-devphase,v2-devphase,datasets/DACL10K/dacl10k_v2_devphase.zip::dacl10k_v2_devphase/images/train/dacl10k_v2_train_2581.jpg,dacl10k_v2_train_2581,DACL10K:dacl10k_v2_train_2581,DACL10K:dacl10k_v2_train_2581,train,unknown,bridges (transfer stress source),multi-label polygons,Rust,rust_staining,positive,BDI-TAX-001@0.1.0-beta,CC BY-NC 4.0,,quota:Rust,,zip_member,datasets/DACL10K/dacl10k_v2_devphase.zip::dacl10k_v2_devphase/images/train/dacl10k_v2_train_2581.jpg,datasets/DACL10K/dacl10k_v2_devphase.zip::dacl10k_v2_devphase/annotations/train/dacl10k_v2_train_2581.json,,data/feasibility_v0/images/dacl/dacl_0024.jpg,data/feasibility_v0/annotations/dacl/dacl_0024.json
dacl_0025,DACL10K-v2-devphase,v2-devphase,datasets/DACL10K/dacl10k_v2_devphase.zip::dacl10k_v2_devphase/images/train/dacl10k_v2_train_6343.jpg,dacl10k_v2_train_6343,DACL10K:dacl10k_v2_train_6343,DACL10K:dacl10k_v2_train_6343,train,unknown,bridges (transfer stress source),multi-label polygons,Cavity|PEquipment|Rust|Weathering,rust_staining,positive,BDI-TAX-001@0.1.0-beta,CC BY-NC 4.0,,quota:Rust,,zip_member,datasets/DACL10K/dacl10k_v2_devphase.zip::dacl10k_v2_devphase/images/train/dacl10k_v2_train_6343.jpg,datasets/DACL10K/dacl10k_v2_devphase.zip::dacl10k_v2_devphase/annotations/train/dacl10k_v2_train_6343.json,,data/feasibility_v0/images/dacl/dacl_0025.jpg,data/feasibility_v0/annotations/dacl/dacl_0025.json
dacl_0026,DACL10K-v2-devphase,v2-devphase,datasets/DACL10K/dacl10k_v2_devphase.zip::dacl10k_v2_devphase/images/train/dacl10k_v2_train_6064.jpg,dacl10k_v2_train_6064,DACL10K:dacl10k_v2_train_6064,DACL10K:dacl10k_v2_train_6064,train,unknown,bridges (transfer stress source),multi-label polygons,EJoint|PEquipment|Rust|Spalling|Weathering|Wetspot,rust_staining|spalling,positive,BDI-TAX-001@0.1.0-beta,CC BY-NC 4.0,,quota:Rust,,zip_member,datasets/DACL10K/dacl10k_v2_devphase.zip::dacl10k_v2_devphase/images/train/dacl10k_v2_train_6064.jpg,datasets/DACL10K/dacl10k_v2_devphase.zip::dacl10k_v2_devphase/annotations/train/dacl10k_v2_train_6064.json,,data/feasibility_v0/images/dacl/dacl_0026.jpg,data/feasibility_v0/annotations/dacl/dacl_0026.json
dacl_0027,DACL10K-v2-devphase,v2-devphase,datasets/DACL10K/dacl10k_v2_devphase.zip::dacl10k_v2_devphase/images/train/dacl10k_v2_train_5513.jpg,dacl10k_v2_train_5513,DACL10K:dacl10k_v2_train_5513,DACL10K:dacl10k_v2_train_5513,train,unknown,bridges (transfer stress source),multi-label polygons,Drainage|Rust,rust_staining,positive,BDI-TAX-001@0.1.0-beta,CC BY-NC 4.0,,quota:Rust,,zip_member,datasets/DACL10K/dacl10k_v2_devphase.zip::dacl10k_v2_devphase/images/train/dacl10k_v2_train_5513.jpg,datasets/DACL10K/dacl10k_v2_devphase.zip::dacl10k_v2_devphase/annotations/train/dacl10k_v2_train_5513.json,,data/feasibility_v0/images/dacl/dacl_0027.jpg,data/feasibility_v0/annotations/dacl/dacl_0027.json
dacl_0028,DACL10K-v2-devphase,v2-devphase,datasets/DACL10K/dacl10k_v2_devphase.zip::dacl10k_v2_devphase/images/train/dacl10k_v2_train_5891.jpg,dacl10k_v2_train_5891,DACL10K:dacl10k_v2_train_5891,DACL10K:dacl10k_v2_train_5891,train,unknown,bridges (transfer stress source),multi-label polygons,Bearing|Cavity|Crack|Spalling,crack|spalling,positive,BDI-TAX-001@0.1.0-beta,CC BY-NC 4.0,,quota:Spalling,,zip_member,datasets/DACL10K/dacl10k_v2_devphase.zip::dacl10k_v2_devphase/images/train/dacl10k_v2_train_5891.jpg,datasets/DACL10K/dacl10k_v2_devphase.zip::dacl10k_v2_devphase/annotations/train/dacl10k_v2_train_5891.json,,data/feasibility_v0/images/dacl/dacl_0028.jpg,data/feasibility_v0/annotations/dacl/dacl_0028.json
dacl_0029,DACL10K-v2-devphase,v2-devphase,datasets/DACL10K/dacl10k_v2_devphase.zip::dacl10k_v2_devphase/images/train/dacl10k_v2_train_3765.jpg,dacl10k_v2_train_3765,DACL10K:dacl10k_v2_train_3765,DACL10K:dacl10k_v2_train_3765,train,unknown,bridges (transfer stress source),multi-label polygons,Crack|Hollowareas|Spalling,crack|spalling,positive,BDI-TAX-001@0.1.0-beta,CC BY-NC 4.0,,quota:Spalling,,zip_member,datasets/DACL10K/dacl10k_v2_devphase.zip::dacl10k_v2_devphase/images/train/dacl10k_v2_train_3765.jpg,datasets/DACL10K/dacl10k_v2_devphase.zip::dacl10k_v2_devphase/annotations/train/dacl10k_v2_train_3765.json,,data/feasibility_v0/images/dacl/dacl_0029.jpg,data/feasibility_v0/annotations/dacl/dacl_0029.json
dacl_0030,DACL10K-v2-devphase,v2-devphase,datasets/DACL10K/dacl10k_v2_devphase.zip::dacl10k_v2_devphase/images/train/dacl10k_v2_train_1792.jpg,dacl10k_v2_train_1792,DACL10K:dacl10k_v2_train_1792,DACL10K:dacl10k_v2_train_1792,train,unknown,bridges (transfer stress source),multi-label polygons,ACrack|Hollowareas|Rust|Spalling,crack|rust_staining|spalling,positive,BDI-TAX-001@0.1.0-beta,CC BY-NC 4.0,,quota:Spalling,,zip_member,datasets/DACL10K/dacl10k_v2_devphase.zip::dacl10k_v2_devphase/images/train/dacl10k_v2_train_1792.jpg,datasets/DACL10K/dacl10k_v2_devphase.zip::dacl10k_v2_devphase/annotations/train/dacl10k_v2_train_1792.json,,data/feasibility_v0/images/dacl/dacl_0030.jpg,data/feasibility_v0/annotations/dacl/dacl_0030.json
dacl_0031,DACL10K-v2-devphase,v2-devphase,datasets/DACL10K/dacl10k_v2_devphase.zip::dacl10k_v2_devphase/images/train/dacl10k_v2_train_3376.jpg,dacl10k_v2_train_3376,DACL10K:dacl10k_v2_train_3376,DACL10K:dacl10k_v2_train_3376,train,unknown,bridges (transfer stress source),multi-label polygons,Hollowareas|Spalling|Weathering,spalling,positive,BDI-TAX-001@0.1.0-beta,CC BY-NC 4.0,,quota:Spalling,,zip_member,datasets/DACL10K/dacl10k_v2_devphase.zip::dacl10k_v2_devphase/images/train/dacl10k_v2_train_3376.jpg,datasets/DACL10K/dacl10k_v2_devphase.zip::dacl10k_v2_devphase/annotations/train/dacl10k_v2_train_3376.json,,data/feasibility_v0/images/dacl/dacl_0031.jpg,data/feasibility_v0/annotations/dacl/dacl_0031.json
dacl_0032,DACL10K-v2-devphase,v2-devphase,datasets/DACL10K/dacl10k_v2_devphase.zip::dacl10k_v2_devphase/images/train/dacl10k_v2_train_1879.jpg,dacl10k_v2_train_1879,DACL10K:dacl10k_v2_train_1879,DACL10K:dacl10k_v2_train_1879,train,unknown,bridges (transfer stress source),multi-label polygons,Restformwork|Rust|Spalling|WConccor|Weathering,rust_staining|spalling,positive,BDI-TAX-001@0.1.0-beta,CC BY-NC 4.0,,quota:Spalling,,zip_member,datasets/DACL10K/dacl10k_v2_devphase.zip::dacl10k_v2_devphase/images/train/dacl10k_v2_train_1879.jpg,datasets/DACL10K/dacl10k_v2_devphase.zip::dacl10k_v2_devphase/annotations/train/dacl10k_v2_train_1879.json,,data/feasibility_v0/images/dacl/dacl_0032.jpg,data/feasibility_v0/annotations/dacl/dacl_0032.json
dacl_0033,DACL10K-v2-devphase,v2-devphase,datasets/DACL10K/dacl10k_v2_devphase.zip::dacl10k_v2_devphase/images/train/dacl10k_v2_train_0894.jpg,dacl10k_v2_train_0894,DACL10K:dacl10k_v2_train_0894,DACL10K:dacl10k_v2_train_0894,train,unknown,bridges (transfer stress source),multi-label polygons,Bearing|Cavity|Drainage|Graffiti|Spalling,spalling,positive,BDI-TAX-001@0.1.0-beta,CC BY-NC 4.0,,quota:Spalling,,zip_member,datasets/DACL10K/dacl10k_v2_devphase.zip::dacl10k_v2_devphase/images/train/dacl10k_v2_train_0894.jpg,datasets/DACL10K/dacl10k_v2_devphase.zip::dacl10k_v2_devphase/annotations/train/dacl10k_v2_train_0894.json,,data/feasibility_v0/images/dacl/dacl_0033.jpg,data/feasibility_v0/annotations/dacl/dacl_0033.json
dacl_0034,DACL10K-v2-devphase,v2-devphase,datasets/DACL10K/dacl10k_v2_devphase.zip::dacl10k_v2_devphase/images/train/dacl10k_v2_train_0972.jpg,dacl10k_v2_train_0972,DACL10K:dacl10k_v2_train_0972,DACL10K:dacl10k_v2_train_0972,train,unknown,bridges (transfer stress source),multi-label polygons,Cavity|Drainage|Spalling|Weathering|Wetspot,spalling,positive,BDI-TAX-001@0.1.0-beta,CC BY-NC 4.0,,quota:Spalling,,zip_member,datasets/DACL10K/dacl10k_v2_devphase.zip::dacl10k_v2_devphase/images/train/dacl10k_v2_train_0972.jpg,datasets/DACL10K/dacl10k_v2_devphase.zip::dacl10k_v2_devphase/annotations/train/dacl10k_v2_train_0972.json,,data/feasibility_v0/images/dacl/dacl_0034.jpg,data/feasibility_v0/annotations/dacl/dacl_0034.json
dacl_0035,DACL10K-v2-devphase,v2-devphase,datasets/DACL10K/dacl10k_v2_devphase.zip::dacl10k_v2_devphase/images/train/dacl10k_v2_train_1756.jpg,dacl10k_v2_train_1756,DACL10K:dacl10k_v2_train_1756,DACL10K:dacl10k_v2_train_1756,train,unknown,bridges (transfer stress source),multi-label polygons,Cavity|Crack|Hollowareas|JTape|Spalling,crack|spalling,positive,BDI-TAX-001@0.1.0-beta,CC BY-NC 4.0,,quota:Spalling,,zip_member,datasets/DACL10K/dacl10k_v2_devphase.zip::dacl10k_v2_devphase/images/train/dacl10k_v2_train_1756.jpg,datasets/DACL10K/dacl10k_v2_devphase.zip::dacl10k_v2_devphase/annotations/train/dacl10k_v2_train_1756.json,,data/feasibility_v0/images/dacl/dacl_0035.jpg,data/feasibility_v0/annotations/dacl/dacl_0035.json
dacl_0036,DACL10K-v2-devphase,v2-devphase,datasets/DACL10K/dacl10k_v2_devphase.zip::dacl10k_v2_devphase/images/train/dacl10k_v2_train_2154.jpg,dacl10k_v2_train_2154,DACL10K:dacl10k_v2_train_2154,DACL10K:dacl10k_v2_train_2154,train,unknown,bridges (transfer stress source),multi-label polygons,Crack|Graffiti|Spalling,crack|spalling,positive,BDI-TAX-001@0.1.0-beta,CC BY-NC 4.0,,quota:Spalling,,zip_member,datasets/DACL10K/dacl10k_v2_devphase.zip::dacl10k_v2_devphase/images/train/dacl10k_v2_train_2154.jpg,datasets/DACL10K/dacl10k_v2_devphase.zip::dacl10k_v2_devphase/annotations/train/dacl10k_v2_train_2154.json,,data/feasibility_v0/images/dacl/dacl_0036.jpg,data/feasibility_v0/annotations/dacl/dacl_0036.json
dacl_0037,DACL10K-v2-devphase,v2-devphase,datasets/DACL10K/dacl10k_v2_devphase.zip::dacl10k_v2_devphase/images/train/dacl10k_v2_train_6431.jpg,dacl10k_v2_train_6431,DACL10K:dacl10k_v2_train_6431,DACL10K:dacl10k_v2_train_6431,train,unknown,bridges (transfer stress source),multi-label polygons,Drainage|Rust|Spalling|Weathering|Wetspot,rust_staining|spalling,positive,BDI-TAX-001@0.1.0-beta,CC BY-NC 4.0,,quota:Spalling,,zip_member,datasets/DACL10K/dacl10k_v2_devphase.zip::dacl10k_v2_devphase/images/train/dacl10k_v2_train_6431.jpg,datasets/DACL10K/dacl10k_v2_devphase.zip::dacl10k_v2_devphase/annotations/train/dacl10k_v2_train_6431.json,,data/feasibility_v0/images/dacl/dacl_0037.jpg,data/feasibility_v0/annotations/dacl/dacl_0037.json
dacl_0038,DACL10K-v2-devphase,v2-devphase,datasets/DACL10K/dacl10k_v2_devphase.zip::dacl10k_v2_devphase/images/train/dacl10k_v2_train_2105.jpg,dacl10k_v2_train_2105,DACL10K:dacl10k_v2_train_2105,DACL10K:dacl10k_v2_train_2105,train,unknown,bridges (transfer stress source),multi-label polygons,ACrack|Crack|Wetspot,crack,positive,BDI-TAX-001@0.1.0-beta,CC BY-NC 4.0,,quota:ACrack,,zip_member,datasets/DACL10K/dacl10k_v2_devphase.zip::dacl10k_v2_devphase/images/train/dacl10k_v2_train_2105.jpg,datasets/DACL10K/dacl10k_v2_devphase.zip::dacl10k_v2_devphase/annotations/train/dacl10k_v2_train_2105.json,,data/feasibility_v0/images/dacl/dacl_0038.jpg,data/feasibility_v0/annotations/dacl/dacl_0038.json
dacl_0039,DACL10K-v2-devphase,v2-devphase,datasets/DACL10K/dacl10k_v2_devphase.zip::dacl10k_v2_devphase/images/train/dacl10k_v2_train_3104.jpg,dacl10k_v2_train_3104,DACL10K:dacl10k_v2_train_3104,DACL10K:dacl10k_v2_train_3104,train,unknown,bridges (transfer stress source),multi-label polygons,ACrack|Weathering|Wetspot,crack,positive,BDI-TAX-001@0.1.0-beta,CC BY-NC 4.0,,quota:ACrack,,zip_member,datasets/DACL10K/dacl10k_v2_devphase.zip::dacl10k_v2_devphase/images/train/dacl10k_v2_train_3104.jpg,datasets/DACL10K/dacl10k_v2_devphase.zip::dacl10k_v2_devphase/annotations/train/dacl10k_v2_train_3104.json,,data/feasibility_v0/images/dacl/dacl_0039.jpg,data/feasibility_v0/annotations/dacl/dacl_0039.json
dacl_0040,DACL10K-v2-devphase,v2-devphase,datasets/DACL10K/dacl10k_v2_devphase.zip::dacl10k_v2_devphase/images/train/dacl10k_v2_train_1701.jpg,dacl10k_v2_train_1701,DACL10K:dacl10k_v2_train_1701,DACL10K:dacl10k_v2_train_1701,train,unknown,bridges (transfer stress source),multi-label polygons,ACrack|Graffiti|Rust,crack|rust_staining,positive,BDI-TAX-001@0.1.0-beta,CC BY-NC 4.0,,quota:ACrack,,zip_member,datasets/DACL10K/dacl10k_v2_devphase.zip::dacl10k_v2_devphase/images/train/dacl10k_v2_train_1701.jpg,datasets/DACL10K/dacl10k_v2_devphase.zip::dacl10k_v2_devphase/annotations/train/dacl10k_v2_train_1701.json,,data/feasibility_v0/images/dacl/dacl_0040.jpg,data/feasibility_v0/annotations/dacl/dacl_0040.json
dacl_0041,DACL10K-v2-devphase,v2-devphase,datasets/DACL10K/dacl10k_v2_devphase.zip::dacl10k_v2_devphase/images/train/dacl10k_v2_train_1766.jpg,dacl10k_v2_train_1766,DACL10K:dacl10k_v2_train_1766,DACL10K:dacl10k_v2_train_1766,train,unknown,bridges (transfer stress source),multi-label polygons,ACrack|PEquipment|Rust|Spalling|Weathering,crack|rust_staining|spalling,positive,BDI-TAX-001@0.1.0-beta,CC BY-NC 4.0,,quota:ACrack,,zip_member,datasets/DACL10K/dacl10k_v2_devphase.zip::dacl10k_v2_devphase/images/train/dacl10k_v2_train_1766.jpg,datasets/DACL10K/dacl10k_v2_devphase.zip::dacl10k_v2_devphase/annotations/train/dacl10k_v2_train_1766.json,,data/feasibility_v0/images/dacl/dacl_0041.jpg,data/feasibility_v0/annotations/dacl/dacl_0041.json
dacl_0042,DACL10K-v2-devphase,v2-devphase,datasets/DACL10K/dacl10k_v2_devphase.zip::dacl10k_v2_devphase/images/train/dacl10k_v2_train_0173.jpg,dacl10k_v2_train_0173,DACL10K:dacl10k_v2_train_0173,DACL10K:dacl10k_v2_train_0173,train,unknown,bridges (transfer stress source),multi-label polygons,ACrack|Cavity,crack,positive,BDI-TAX-001@0.1.0-beta,CC BY-NC 4.0,,quota:ACrack,,zip_member,datasets/DACL10K/dacl10k_v2_devphase.zip::dacl10k_v2_devphase/images/train/dacl10k_v2_train_0173.jpg,datasets/DACL10K/dacl10k_v2_devphase.zip::dacl10k_v2_devphase/annotations/train/dacl10k_v2_train_0173.json,,data/feasibility_v0/images/dacl/dacl_0042.jpg,data/feasibility_v0/annotations/dacl/dacl_0042.json
dacl_0043,DACL10K-v2-devphase,v2-devphase,datasets/DACL10K/dacl10k_v2_devphase.zip::dacl10k_v2_devphase/images/train/dacl10k_v2_train_5031.jpg,dacl10k_v2_train_5031,DACL10K:dacl10k_v2_train_5031,DACL10K:dacl10k_v2_train_5031,train,unknown,bridges (transfer stress source),multi-label polygons,Crack,crack,positive,BDI-TAX-001@0.1.0-beta,CC BY-NC 4.0,,quota:Crack,,zip_member,datasets/DACL10K/dacl10k_v2_devphase.zip::dacl10k_v2_devphase/images/train/dacl10k_v2_train_5031.jpg,datasets/DACL10K/dacl10k_v2_devphase.zip::dacl10k_v2_devphase/annotations/train/dacl10k_v2_train_5031.json,,data/feasibility_v0/images/dacl/dacl_0043.jpg,data/feasibility_v0/annotations/dacl/dacl_0043.json
dacl_0044,DACL10K-v2-devphase,v2-devphase,datasets/DACL10K/dacl10k_v2_devphase.zip::dacl10k_v2_devphase/images/train/dacl10k_v2_train_4393.jpg,dacl10k_v2_train_4393,DACL10K:dacl10k_v2_train_4393,DACL10K:dacl10k_v2_train_4393,train,unknown,bridges (transfer stress source),multi-label polygons,Crack,crack,positive,BDI-TAX-001@0.1.0-beta,CC BY-NC 4.0,,quota:Crack,,zip_member,datasets/DACL10K/dacl10k_v2_devphase.zip::dacl10k_v2_devphase/images/train/dacl10k_v2_train_4393.jpg,datasets/DACL10K/dacl10k_v2_devphase.zip::dacl10k_v2_devphase/annotations/train/dacl10k_v2_train_4393.json,,data/feasibility_v0/images/dacl/dacl_0044.jpg,data/feasibility_v0/annotations/dacl/dacl_0044.json
dacl_0045,DACL10K-v2-devphase,v2-devphase,datasets/DACL10K/dacl10k_v2_devphase.zip::dacl10k_v2_devphase/images/train/dacl10k_v2_train_6545.jpg,dacl10k_v2_train_6545,DACL10K:dacl10k_v2_train_6545,DACL10K:dacl10k_v2_train_6545,train,unknown,bridges (transfer stress source),multi-label polygons,Crack|JTape|Spalling,crack|spalling,positive,BDI-TAX-001@0.1.0-beta,CC BY-NC 4.0,,quota:Crack,,zip_member,datasets/DACL10K/dacl10k_v2_devphase.zip::dacl10k_v2_devphase/images/train/dacl10k_v2_train_6545.jpg,datasets/DACL10K/dacl10k_v2_devphase.zip::dacl10k_v2_devphase/annotations/train/dacl10k_v2_train_6545.json,,data/feasibility_v0/images/dacl/dacl_0045.jpg,data/feasibility_v0/annotations/dacl/dacl_0045.json
dacl_0046,DACL10K-v2-devphase,v2-devphase,datasets/DACL10K/dacl10k_v2_devphase.zip::dacl10k_v2_devphase/images/train/dacl10k_v2_train_2299.jpg,dacl10k_v2_train_2299,DACL10K:dacl10k_v2_train_2299,DACL10K:dacl10k_v2_train_2299,train,unknown,bridges (transfer stress source),multi-label polygons,Cavity|Crack|Restformwork|Rust|Spalling,crack|rust_staining|spalling,positive,BDI-TAX-001@0.1.0-beta,CC BY-NC 4.0,,quota:Crack,,zip_member,datasets/DACL10K/dacl10k_v2_devphase.zip::dacl10k_v2_devphase/images/train/dacl10k_v2_train_2299.jpg,datasets/DACL10K/dacl10k_v2_devphase.zip::dacl10k_v2_devphase/annotations/train/dacl10k_v2_train_2299.json,,data/feasibility_v0/images/dacl/dacl_0046.jpg,data/feasibility_v0/annotations/dacl/dacl_0046.json
dacl_0047,DACL10K-v2-devphase,v2-devphase,datasets/DACL10K/dacl10k_v2_devphase.zip::dacl10k_v2_devphase/images/train/dacl10k_v2_train_0477.jpg,dacl10k_v2_train_0477,DACL10K:dacl10k_v2_train_0477,DACL10K:dacl10k_v2_train_0477,train,unknown,bridges (transfer stress source),multi-label polygons,Crack|Efflorescence|Hollowareas|Spalling,crack|efflorescence_leaching|spalling,positive,BDI-TAX-001@0.1.0-beta,CC BY-NC 4.0,,quota:Crack,,zip_member,datasets/DACL10K/dacl10k_v2_devphase.zip::dacl10k_v2_devphase/images/train/dacl10k_v2_train_0477.jpg,datasets/DACL10K/dacl10k_v2_devphase.zip::dacl10k_v2_devphase/annotations/train/dacl10k_v2_train_0477.json,,data/feasibility_v0/images/dacl/dacl_0047.jpg,data/feasibility_v0/annotations/dacl/dacl_0047.json
dacl_0048,DACL10K-v2-devphase,v2-devphase,datasets/DACL10K/dacl10k_v2_devphase.zip::dacl10k_v2_devphase/images/train/dacl10k_v2_train_4377.jpg,dacl10k_v2_train_4377,DACL10K:dacl10k_v2_train_4377,DACL10K:dacl10k_v2_train_4377,train,unknown,bridges (transfer stress source),multi-label polygons,Crack,crack,positive,BDI-TAX-001@0.1.0-beta,CC BY-NC 4.0,,quota:Crack,,zip_member,datasets/DACL10K/dacl10k_v2_devphase.zip::dacl10k_v2_devphase/images/train/dacl10k_v2_train_4377.jpg,datasets/DACL10K/dacl10k_v2_devphase.zip::dacl10k_v2_devphase/annotations/train/dacl10k_v2_train_4377.json,,data/feasibility_v0/images/dacl/dacl_0048.jpg,data/feasibility_v0/annotations/dacl/dacl_0048.json
dacl_0049,DACL10K-v2-devphase,v2-devphase,datasets/DACL10K/dacl10k_v2_devphase.zip::dacl10k_v2_devphase/images/train/dacl10k_v2_train_2163.jpg,dacl10k_v2_train_2163,DACL10K:dacl10k_v2_train_2163,DACL10K:dacl10k_v2_train_2163,train,unknown,bridges (transfer stress source),multi-label polygons,Crack|Graffiti|Spalling,crack|spalling,positive,BDI-TAX-001@0.1.0-beta,CC BY-NC 4.0,,quota:Crack,,zip_member,datasets/DACL10K/dacl10k_v2_devphase.zip::dacl10k_v2_devphase/images/train/dacl10k_v2_train_2163.jpg,datasets/DACL10K/dacl10k_v2_devphase.zip::dacl10k_v2_devphase/annotations/train/dacl10k_v2_train_2163.json,,data/feasibility_v0/images/dacl/dacl_0049.jpg,data/feasibility_v0/annotations/dacl/dacl_0049.json
dacl_0050,DACL10K-v2-devphase,v2-devphase,datasets/DACL10K/dacl10k_v2_devphase.zip::dacl10k_v2_devphase/images/train/dacl10k_v2_train_4403.jpg,dacl10k_v2_train_4403,DACL10K:dacl10k_v2_train_4403,DACL10K:dacl10k_v2_train_4403,train,unknown,bridges (transfer stress source),multi-label polygons,Bearing|Crack,crack,positive,BDI-TAX-001@0.1.0-beta,CC BY-NC 4.0,,quota:Crack,,zip_member,datasets/DACL10K/dacl10k_v2_devphase.zip::dacl10k_v2_devphase/images/train/dacl10k_v2_train_4403.jpg,datasets/DACL10K/dacl10k_v2_devphase.zip::dacl10k_v2_devphase/annotations/train/dacl10k_v2_train_4403.json,,data/feasibility_v0/images/dacl/dacl_0050.jpg,data/feasibility_v0/annotations/dacl/dacl_0050.json
dacl_0051,DACL10K-v2-devphase,v2-devphase,datasets/DACL10K/dacl10k_v2_devphase.zip::dacl10k_v2_devphase/images/train/dacl10k_v2_train_4179.jpg,dacl10k_v2_train_4179,DACL10K:dacl10k_v2_train_4179,DACL10K:dacl10k_v2_train_4179,train,unknown,bridges (transfer stress source),multi-label polygons,Crack|Spalling,crack|spalling,positive,BDI-TAX-001@0.1.0-beta,CC BY-NC 4.0,,quota:Crack,,zip_member,datasets/DACL10K/dacl10k_v2_devphase.zip::dacl10k_v2_devphase/images/train/dacl10k_v2_train_4179.jpg,datasets/DACL10K/dacl10k_v2_devphase.zip::dacl10k_v2_devphase/annotations/train/dacl10k_v2_train_4179.json,,data/feasibility_v0/images/dacl/dacl_0051.jpg,data/feasibility_v0/annotations/dacl/dacl_0051.json
dacl_0052,DACL10K-v2-devphase,v2-devphase,datasets/DACL10K/dacl10k_v2_devphase.zip::dacl10k_v2_devphase/images/train/dacl10k_v2_train_2274.jpg,dacl10k_v2_train_2274,DACL10K:dacl10k_v2_train_2274,DACL10K:dacl10k_v2_train_2274,train,unknown,bridges (transfer stress source),multi-label polygons,Cavity|Crack|Weathering,crack,positive,BDI-TAX-001@0.1.0-beta,CC BY-NC 4.0,,quota:Crack,,zip_member,datasets/DACL10K/dacl10k_v2_devphase.zip::dacl10k_v2_devphase/images/train/dacl10k_v2_train_2274.jpg,datasets/DACL10K/dacl10k_v2_devphase.zip::dacl10k_v2_devphase/annotations/train/dacl10k_v2_train_2274.json,,data/feasibility_v0/images/dacl/dacl_0052.jpg,data/feasibility_v0/annotations/dacl/dacl_0052.json
dacl_0053,DACL10K-v2-devphase,v2-devphase,datasets/DACL10K/dacl10k_v2_devphase.zip::dacl10k_v2_devphase/images/train/dacl10k_v2_train_3476.jpg,dacl10k_v2_train_3476,DACL10K:dacl10k_v2_train_3476,DACL10K:dacl10k_v2_train_3476,train,unknown,bridges (transfer stress source),multi-label polygons,Crack|Efflorescence|PEquipment,crack|efflorescence_leaching,positive,BDI-TAX-001@0.1.0-beta,CC BY-NC 4.0,,quota:Crack,,zip_member,datasets/DACL10K/dacl10k_v2_devphase.zip::dacl10k_v2_devphase/images/train/dacl10k_v2_train_3476.jpg,datasets/DACL10K/dacl10k_v2_devphase.zip::dacl10k_v2_devphase/annotations/train/dacl10k_v2_train_3476.json,,data/feasibility_v0/images/dacl/dacl_0053.jpg,data/feasibility_v0/annotations/dacl/dacl_0053.json
dacl_0054,DACL10K-v2-devphase,v2-devphase,datasets/DACL10K/dacl10k_v2_devphase.zip::dacl10k_v2_devphase/images/train/dacl10k_v2_train_2343.jpg,dacl10k_v2_train_2343,DACL10K:dacl10k_v2_train_2343,DACL10K:dacl10k_v2_train_2343,train,unknown,bridges (transfer stress source),multi-label polygons,Crack|JTape|Spalling|Weathering,crack|spalling,positive,BDI-TAX-001@0.1.0-beta,CC BY-NC 4.0,,quota:Crack,,zip_member,datasets/DACL10K/dacl10k_v2_devphase.zip::dacl10k_v2_devphase/images/train/dacl10k_v2_train_2343.jpg,datasets/DACL10K/dacl10k_v2_devphase.zip::dacl10k_v2_devphase/annotations/train/dacl10k_v2_train_2343.json,,data/feasibility_v0/images/dacl/dacl_0054.jpg,data/feasibility_v0/annotations/dacl/dacl_0054.json
dacl_0055,DACL10K-v2-devphase,v2-devphase,datasets/DACL10K/dacl10k_v2_devphase.zip::dacl10k_v2_devphase/images/train/dacl10k_v2_train_0255.jpg,dacl10k_v2_train_0255,DACL10K:dacl10k_v2_train_0255,DACL10K:dacl10k_v2_train_0255,train,unknown,bridges (transfer stress source),multi-label polygons,Crack|Drainage|Efflorescence|JTape|PEquipment|Rust|Spalling|Weathering,crack|efflorescence_leaching|rust_staining|spalling,positive,BDI-TAX-001@0.1.0-beta,CC BY-NC 4.0,,quota:Crack,,zip_member,datasets/DACL10K/dacl10k_v2_devphase.zip::dacl10k_v2_devphase/images/train/dacl10k_v2_train_0255.jpg,datasets/DACL10K/dacl10k_v2_devphase.zip::dacl10k_v2_devphase/annotations/train/dacl10k_v2_train_0255.json,,data/feasibility_v0/images/dacl/dacl_0055.jpg,data/feasibility_v0/annotations/dacl/dacl_0055.json
dacl_0056,DACL10K-v2-devphase,v2-devphase,datasets/DACL10K/dacl10k_v2_devphase.zip::dacl10k_v2_devphase/images/train/dacl10k_v2_train_2822.jpg,dacl10k_v2_train_2822,DACL10K:dacl10k_v2_train_2822,DACL10K:dacl10k_v2_train_2822,train,unknown,bridges (transfer stress source),multi-label polygons,Crack|Rust,crack|rust_staining,positive,BDI-TAX-001@0.1.0-beta,CC BY-NC 4.0,,quota:Crack,,zip_member,datasets/DACL10K/dacl10k_v2_devphase.zip::dacl10k_v2_devphase/images/train/dacl10k_v2_train_2822.jpg,datasets/DACL10K/dacl10k_v2_devphase.zip::dacl10k_v2_devphase/annotations/train/dacl10k_v2_train_2822.json,,data/feasibility_v0/images/dacl/dacl_0056.jpg,data/feasibility_v0/annotations/dacl/dacl_0056.json
dacl_0057,DACL10K-v2-devphase,v2-devphase,datasets/DACL10K/dacl10k_v2_devphase.zip::dacl10k_v2_devphase/images/train/dacl10k_v2_train_5369.jpg,dacl10k_v2_train_5369,DACL10K:dacl10k_v2_train_5369,DACL10K:dacl10k_v2_train_5369,train,unknown,bridges (transfer stress source),multi-label polygons,Crack,crack,positive,BDI-TAX-001@0.1.0-beta,CC BY-NC 4.0,,quota:Crack,,zip_member,datasets/DACL10K/dacl10k_v2_devphase.zip::dacl10k_v2_devphase/images/train/dacl10k_v2_train_5369.jpg,datasets/DACL10K/dacl10k_v2_devphase.zip::dacl10k_v2_devphase/annotations/train/dacl10k_v2_train_5369.json,,data/feasibility_v0/images/dacl/dacl_0057.jpg,data/feasibility_v0/annotations/dacl/dacl_0057.json
dacl_0058,DACL10K-v2-devphase,v2-devphase,datasets/DACL10K/dacl10k_v2_devphase.zip::dacl10k_v2_devphase/images/train/dacl10k_v2_train_6690.jpg,dacl10k_v2_train_6690,DACL10K:dacl10k_v2_train_6690,DACL10K:dacl10k_v2_train_6690,train,unknown,bridges (transfer stress source),multi-label polygons,Crack|JTape|PEquipment|Spalling|Weathering,crack|spalling,positive,BDI-TAX-001@0.1.0-beta,CC BY-NC 4.0,,quota:Crack,,zip_member,datasets/DACL10K/dacl10k_v2_devphase.zip::dacl10k_v2_devphase/images/train/dacl10k_v2_train_6690.jpg,datasets/DACL10K/dacl10k_v2_devphase.zip::dacl10k_v2_devphase/annotations/train/dacl10k_v2_train_6690.json,,data/feasibility_v0/images/dacl/dacl_0058.jpg,data/feasibility_v0/annotations/dacl/dacl_0058.json
dacl_0059,DACL10K-v2-devphase,v2-devphase,datasets/DACL10K/dacl10k_v2_devphase.zip::dacl10k_v2_devphase/images/train/dacl10k_v2_train_1720.jpg,dacl10k_v2_train_1720,DACL10K:dacl10k_v2_train_1720,DACL10K:dacl10k_v2_train_1720,train,unknown,bridges (transfer stress source),multi-label polygons,Crack|Drainage|Hollowareas|Rust|Spalling|Weathering,crack|rust_staining|spalling,positive,BDI-TAX-001@0.1.0-beta,CC BY-NC 4.0,,quota:Crack,,zip_member,datasets/DACL10K/dacl10k_v2_devphase.zip::dacl10k_v2_devphase/images/train/dacl10k_v2_train_1720.jpg,datasets/DACL10K/dacl10k_v2_devphase.zip::dacl10k_v2_devphase/annotations/train/dacl10k_v2_train_1720.json,,data/feasibility_v0/images/dacl/dacl_0059.jpg,data/feasibility_v0/annotations/dacl/dacl_0059.json
dacl_0060,DACL10K-v2-devphase,v2-devphase,datasets/DACL10K/dacl10k_v2_devphase.zip::dacl10k_v2_devphase/images/train/dacl10k_v2_train_4082.jpg,dacl10k_v2_train_4082,DACL10K:dacl10k_v2_train_4082,DACL10K:dacl10k_v2_train_4082,train,unknown,bridges (transfer stress source),multi-label polygons,Crack|Spalling|Weathering,crack|spalling,positive,BDI-TAX-001@0.1.0-beta,CC BY-NC 4.0,,quota:Crack,,zip_member,datasets/DACL10K/dacl10k_v2_devphase.zip::dacl10k_v2_devphase/images/train/dacl10k_v2_train_4082.jpg,datasets/DACL10K/dacl10k_v2_devphase.zip::dacl10k_v2_devphase/annotations/train/dacl10k_v2_train_4082.json,,data/feasibility_v0/images/dacl/dacl_0060.jpg,data/feasibility_v0/annotations/dacl/dacl_0060.json
